date,tvl,fees,revenue,dex_vol,stbl
2020-10-01,7947.00,,,,
2020-10-02,50311.00,,,,
2020-10-03,136733.00,,,,
2020-10-04,178150.00,,,,
2020-10-05,226452.00,,,,
2020-10-06,251811.00,,,,
2020-10-07,270427.00,,,,
2020-10-08,262286.00,,,,
2020-10-09,260906.00,,,,
2020-10-10,270439.00,,,,
2020-10-11,287090.00,,,,
2020-10-12,291721.00,,,,
2020-10-13,315605.00,,,,
2020-10-14,322107.00,,,,
2020-10-15,325320.00,,,,
2020-10-16,317301.00,,,,
2020-10-17,300729.00,,,,
2020-10-18,300969.00,,,,
2020-10-19,304222.00,,,,
2020-10-20,310735.00,,,,
2020-10-21,311559.00,,,,
2020-10-22,257110.00,,,,
2020-10-23,263783.00,,,,
2020-10-24,270679.00,,,,
2020-10-25,287355.00,,,,
2020-10-26,287185.00,,,,
2020-10-27,282276.00,,,,
2020-10-28,271134.00,,,,
2020-10-29,273092.00,,,,
2020-10-30,274963.00,,,,
2020-10-31,269958.00,,,,
2020-11-01,262761.00,,,,
2020-11-02,271020.00,,,,
2020-11-03,272565.00,,,,
2020-11-04,260397.00,,,,
2020-11-05,254928.00,,,,
2020-11-06,258718.00,,,,
2020-11-07,291112.00,,,,
2020-11-08,344720.00,,,,
2020-11-09,329117.00,,,,
2020-11-10,330746.00,,,,
2020-11-11,335088.00,,,,
2020-11-12,337660.00,,,,
2020-11-13,333110.00,,,,
2020-11-14,335975.00,,,,
2020-11-15,408782.00,,,,
2020-11-16,403990.00,,,,
2020-11-17,384633.00,,,,
2020-11-18,395840.00,,,,
2020-11-19,406858.00,,,,
2020-11-20,452163.00,,,,
2020-11-21,446962.00,,,,
2020-11-22,448240.00,,,,
2020-11-23,507396.00,,,,
2020-11-24,473422.00,,,,
2020-11-25,499950.00,,,,
2020-11-26,513218.00,,,,
2020-11-27,509975.00,,,,
2020-11-28,455969.00,,,,
2020-11-29,466786.00,,,,
2020-11-30,475208.00,,,,
2020-12-01,492893.00,,,,
2020-12-02,524190.00,,,,
2020-12-03,508272.00,,,,
2020-12-04,527334.00,,,,
2020-12-05,526938.00,,,,
2020-12-06,521787.00,,,,
2020-12-07,543520.00,,,,
2020-12-08,547400.00,,,,
2020-12-09,535994.00,,,,
2020-12-10,594669.00,,,,
2020-12-11,602274.00,,,,
2020-12-12,585398.00,,,,
2020-12-13,588548.00,,,,
2020-12-14,588914.00,,,,
2020-12-15,610817.00,,,,
2020-12-16,618819.00,,,,
2020-12-17,630922.00,,,,
2020-12-18,671026.00,,,,
2020-12-19,663209.00,,,,
2020-12-20,798245.00,,,,
2020-12-21,794775.00,,,,
2020-12-22,786166.00,,,,
2020-12-23,770302.00,,,,
2020-12-24,777408.00,,,,
2020-12-25,691040.00,,,,
2020-12-26,680913.00,,,,
2020-12-27,668487.00,,,,
2020-12-28,679544.00,,,,
2020-12-29,706595.00,,,,
2020-12-30,735433.00,,,,
2020-12-31,714255.00,,,,
2021-01-01,763214.00,,,,
2021-01-02,781679.00,,,,
2021-01-03,781810.00,,,,
2021-01-04,780327.00,,,,
2021-01-05,842049.00,,,,
2021-01-06,822470.00,,,,
2021-01-07,867534.00,,,,
2021-01-08,983035.00,,,,
2021-01-09,969173.00,,,,
2021-01-10,1006572.00,,,,
2021-01-11,1051550.00,,,,
2021-01-12,1060382.00,,,,
2021-01-13,956128.00,,,,
2021-01-14,963144.00,,,,
2021-01-15,1074918.00,,,,
2021-01-16,965740.00,,,,
2021-01-17,980014.00,,,,
2021-01-18,948620.00,,,,
2021-01-19,971065.00,,,,
2021-01-20,985349.00,,,,
2021-01-21,1000930.00,,,,
2021-01-22,1005888.00,,,,
2021-01-23,857444.00,,,,
2021-01-24,1020703.00,,,,
2021-01-25,1084986.00,,,,
2021-01-26,1072581.00,,,,
2021-01-27,1030918.00,,,,
2021-01-28,1038961.00,,,,
2021-01-29,974328.00,,,,
2021-01-30,1045205.00,,,,
2021-01-31,1035552.00,,,,
2021-02-01,1032890.00,,,,
2021-02-02,1020583.00,,,,
2021-02-03,1038521.00,,,,
2021-02-04,947304.00,,,,
2021-02-05,1012387.00,,,,
2021-02-06,1125893.00,,,,
2021-02-07,1219977.00,,,,
2021-02-08,1174801.00,,,,
2021-02-09,1257036.00,,,,
2021-02-10,1370677.00,,,,
2021-02-11,1412131.00,,,,
2021-02-12,1406959.00,,,,
2021-02-13,1516483.00,,,,
2021-02-14,1651888.00,,,,
2021-02-15,1727156.00,,,,
2021-02-16,1663845.00,,,,
2021-02-17,1652990.00,,,,
2021-02-18,1687065.00,,,,
2021-02-19,1742673.00,,,,
2021-02-20,1781354.00,,,,
2021-02-21,1869555.00,,,,
2021-02-22,9.00,,,,
2021-02-23,38.00,,,,
2021-02-24,34.00,,,,
2021-02-25,28.00,,,,
2021-02-26,29.00,,,,
2021-02-27,27.00,,,,
2021-02-28,28.00,,,,
2021-03-01,30.00,,,,
2021-03-02,27.00,,,,
2021-03-03,160525.00,,,,
2021-03-04,849336.00,,,,
2021-03-05,1328889.00,,,,
2021-03-06,1350284.00,,,,
2021-03-07,1420840.00,,,,
2021-03-08,1451361.00,,,,
2021-03-09,1622963.00,,,,
2021-03-10,1682036.00,,,,
2021-03-11,1754117.00,,,,
2021-03-12,1670669.00,,,,
2021-03-13,1695173.00,,,,
2021-03-14,1600677.00,,,,
2021-03-15,1634828.00,,,,
2021-03-16,1570435.00,,,,
2021-03-17,1265193.00,,,,
2021-03-18,1330616.00,,,,
2021-03-19,1416201.00,,,,
2021-03-20,1386475.00,,,,
2021-03-21,1378668.00,,,,
2021-03-22,1388655.00,,,,
2021-03-23,1344643.00,,,,
2021-03-24,1327559.00,,,,
2021-03-25,1316411.00,,,,
2021-03-26,1321238.00,,,,
2021-03-27,1327843.00,,,,
2021-03-28,1404164.00,,,,
2021-03-29,1375397.00,,,,
2021-03-30,1346464.00,,,,
2021-03-31,1320198.00,,,,
2021-04-01,1292463.00,,,,
2021-04-02,1311319.00,,,,
2021-04-03,1312249.00,,,,
2021-04-04,1362461.00,,,,
2021-04-05,1242692.00,,,,
2021-04-06,1300268.00,,,,
2021-04-07,1388952.00,,,,
2021-04-08,1450937.00,,,,
2021-04-09,1314907.00,,,,
2021-04-10,1339580.00,,,,
2021-04-11,1534339.00,,,,
2021-04-12,1531956.00,,,,
2021-04-13,1492256.00,,,,
2021-04-14,1453106.00,,,,
2021-04-15,1466755.00,,,,
2021-04-16,1482808.00,,,,
2021-04-17,1499143.00,,,,
2021-04-18,1558490.00,,,,
2021-04-19,1485914.00,,,,
2021-04-20,1328752.00,,,,
2021-04-21,1147568.00,,,,
2021-04-22,1233215.00,,,,
2021-04-23,1122259.00,,,,
2021-04-24,1072249.00,,,,
2021-04-25,1047503.00,,,,
2021-04-26,772101.00,,,,
2021-04-27,785745.00,,,,
2021-04-28,938525.00,,,,
2021-04-29,977448.00,,,,
2021-04-30,952796.00,,,,
2021-05-01,943602.00,,,,
2021-05-02,1013291.00,,,,
2021-05-03,1033887.00,,,,
2021-05-04,995836.00,,,,
2021-05-05,991580.00,,,,
2021-05-06,932967.00,,,,
2021-05-07,1066806.00,,,,
2021-05-08,1075733.00,,,,
2021-05-09,1031511.00,,,,
2021-05-10,1018670.00,,,,
2021-05-11,1048306.00,,,,
2021-05-12,894779.00,,,,
2021-05-13,987956.00,,,,
2021-05-14,904518.00,,,,
2021-05-15,861845.00,,,,
2021-05-16,856053.00,,,,
2021-05-17,766651.00,,,,
2021-05-18,755798.00,,,,
2021-05-19,645492.00,,,,
2021-05-20,694283.00,,,,
2021-05-21,357919.00,,,,
2021-05-22,288864.00,,,,
2021-05-23,147429.00,,,,
2021-05-24,142012.00,,,,
2021-05-25,121896.00,,,,
2021-05-26,123272.00,,,,
2021-05-27,122956.00,,,,
2021-05-28,128866.00,,,,
2021-05-29,125521.00,,,,
2021-05-30,115884.00,,,,
2021-05-31,106987.00,,,,
2021-06-01,109671.00,,,,
2021-06-02,119814.00,,,,
2021-06-03,99207.00,,,,
2021-06-04,101935.00,,,,
2021-06-05,102854.00,,,,
2021-06-06,93200.00,,,,
2021-06-07,90438.00,,,,
2021-06-08,94026.00,,,,
2021-06-09,85225.00,,,,
2021-06-10,81392.00,,,,
2021-06-11,85974.00,,,,
2021-06-12,82771.00,,,,
2021-06-13,77236.00,,,,
2021-06-14,76409.00,,,,
2021-06-15,79134.00,,,,
2021-06-16,78143.00,,,,
2021-06-17,76916.00,,,,
2021-06-18,72073.00,,,,
2021-06-19,73345.00,,,,
2021-06-20,69913.00,,,,
2021-06-21,61981.00,,,,
2021-06-22,62849.00,,,,
2021-06-23,52945.00,,,,
2021-06-24,52877.00,,,,
2021-06-25,57162.00,,,,
2021-06-26,58787.00,,,,
2021-06-27,54356.00,,,,
2021-06-28,54630.00,,,,
2021-06-29,56517.00,,,,
2021-06-30,57693.00,,,,
2021-07-01,60771.00,,,,
2021-07-02,61812.00,,,,
2021-07-03,60060.00,,,,
2021-07-04,60893.00,,,,
2021-07-05,61236.00,,,,
2021-07-06,58324.00,,,,
2021-07-07,55600.00,,,,
2021-07-08,53480.00,,,,
2021-07-09,53525.00,,,,
2021-07-10,50759.00,,,,
2021-07-11,49916.00,,,,
2021-07-12,50821.00,,,,
2021-07-13,51544.00,,,,
2021-07-14,50687.00,,,,
2021-07-15,50113.00,,,,
2021-07-16,49453.00,,,,
2021-07-17,47491.00,,,,
2021-07-18,46013.00,,,,
2021-07-19,42864.00,,,,
2021-07-20,43813.00,,,,
2021-07-21,40470.00,,,,
2021-07-22,38690.00,,,,
2021-07-23,42050.00,,,,
2021-07-24,43046.00,,,,
2021-07-25,45140.00,,,,
2021-07-26,46686.00,,,,
2021-07-27,47597.00,,,,
2021-07-28,46407.00,,,,
2021-07-29,47118.00,,,,
2021-07-30,46483.00,,,,
2021-07-31,47019.00,,,,
2021-08-01,48669.00,,,,
2021-08-02,49340.00,,,,
2021-08-03,47784.00,,,,
2021-08-04,49665.00,,,,
2021-08-05,49288.00,,,,
2021-08-06,50680.00,,,,
2021-08-07,51142.00,,,,
2021-08-08,52799.00,,,,
2021-08-09,53071.00,,,,
2021-08-10,50882.00,,,,
2021-08-11,52437.00,,,,
2021-08-12,52271.00,,,,
2021-08-13,53976.00,,,,
2021-08-14,52843.00,,,,
2021-08-15,55685.00,,,,
2021-08-16,56680.00,,,,
2021-08-17,56707.00,,,,
2021-08-18,54517.00,,,,
2021-08-19,51587.00,,,,
2021-08-20,51029.00,,,,
2021-08-21,53494.00,,,,
2021-08-22,54402.00,,,,
2021-08-23,53785.00,,,,
2021-08-24,55130.00,,,,
2021-08-25,59060.00,,,,
2021-08-26,55861.00,,,,
2021-08-27,63124.00,,,,
2021-08-28,59658.00,,,,
2021-08-29,41126842.00,,,,
2021-08-30,42959837.00,,,,
2021-08-31,39733977.00,,,,
2021-09-01,40415162.00,,,,
2021-09-02,43703689.00,,,,
2021-09-03,47087585.00,,,,
2021-09-04,75551750.00,,,,
2021-09-05,113594651.00,,,,
2021-09-06,115269804.00,,,,
2021-09-07,133363774.00,,,,
2021-09-08,128806886.00,,,,
2021-09-09,128086165.00,,,,
2021-09-10,145670708.00,,,,
2021-09-11,151852622.00,,,,
2021-09-12,151384468.00,,,,
2021-09-13,165281936.00,,,,
2021-09-14,163527025.00,,,,
2021-09-15,166034352.00,,,,
2021-09-16,166356110.00,,,,
2021-09-17,167707303.00,,,,
2021-09-18,157018547.00,,,,
2021-09-19,161629258.00,,,,
2021-09-20,161901855.00,,,,
2021-09-21,143366722.00,,,,
2021-09-22,126893182.00,,,,
2021-09-23,143782206.00,,,,
2021-09-24,154437120.00,,,,
2021-09-25,163652730.00,,,,
2021-09-26,161335186.00,,,,
2021-09-27,155941471.00,,,,
2021-09-28,152740447.00,,,,
2021-09-29,147930807.00,,,,
2021-09-30,148725371.00,,,,
2021-10-01,152877494.00,,,,
2021-10-02,169548696.00,,,,
2021-10-03,178167814.00,,,,
2021-10-04,196795937.00,,,,
2021-10-05,205292662.00,,,,
2021-10-06,199928297.00,,,,
2021-10-07,196099149.00,,,,
2021-10-08,198698766.00,,,,
2021-10-09,195564650.00,,,,
2021-10-10,190805309.00,,,,
2021-10-11,198510326.00,,,,
2021-10-12,189035166.00,,,,
2021-10-13,181734171.00,,,,
2021-10-14,185823177.00,,,,
2021-10-15,189554639.00,,,,
2021-10-16,185413828.00,,,,
2021-10-17,180241653.00,,,,
2021-10-18,179839048.00,,,,
2021-10-19,175986046.00,,,,
2021-10-20,173869352.00,,,,
2021-10-21,175223400.00,,,,
2021-10-22,182411818.00,,,,
2021-10-23,175604425.00,,,,
2021-10-24,172524947.00,,,,
2021-10-25,172422041.00,,,,
2021-10-26,165334290.00,,,,
2021-10-27,164380969.00,,,,
2021-10-28,162825969.00,,,,
2021-10-29,141942212.00,,,,
2021-10-30,144453603.00,,,,
2021-10-31,147570833.00,,,,
2021-11-01,144593021.00,,,,
2021-11-02,144769716.00,,,,
2021-11-03,144417381.00,,,,
2021-11-04,143961198.00,,,,
2021-11-05,143475295.00,,,,
2021-11-06,144352630.00,,,,
2021-11-07,143371757.00,,,,
2021-11-08,140444065.00,,,,
2021-11-09,137786652.00,,,,
2021-11-10,138005102.00,,,,
2021-11-11,137202402.00,,,,
2021-11-12,132754181.00,,,,
2021-11-13,129226503.00,,,,
2021-11-14,127344706.00,,,,
2021-11-15,128889604.00,,,,
2021-11-16,128526756.00,,,,
2021-11-17,125836214.00,,,,
2021-11-18,121041831.00,,,,
2021-11-19,120787067.00,,,,
2021-11-20,115803993.00,,,,
2021-11-21,122013966.00,,,,
2021-11-22,123670675.00,,,,
2021-11-23,119325676.00,,,,
2021-11-24,117221903.00,,,,
2021-11-25,117208423.00,,,,
2021-11-26,117522784.00,,,,
2021-11-27,119870713.00,,,,
2021-11-28,114073566.00,,,,
2021-11-29,113003188.00,,,,
2021-11-30,112325346.00,,,,
2021-12-01,121903939.00,,,,
2021-12-02,119774040.00,,,,
2021-12-03,116032591.00,,,,
2021-12-04,113585378.00,,,,
2021-12-05,109996514.00,,,,
2021-12-06,102744122.00,,,,
2021-12-07,100548272.00,,,,
2021-12-08,102335353.00,,,,
2021-12-09,112163285.00,,,,
2021-12-10,115130598.00,,,,
2021-12-11,107395609.00,,,,
2021-12-12,104311602.00,,,,
2021-12-13,105126676.00,,,,
2021-12-14,105006181.00,,,,
2021-12-15,101292613.00,,,,
2021-12-16,103568743.00,,,,
2021-12-17,102335968.00,,,,
2021-12-18,100911316.00,,,,
2021-12-19,100091104.00,,,,
2021-12-20,100575502.00,,,,
2021-12-21,99308296.00,,,,
2021-12-22,95471386.00,,,,
2021-12-23,98201115.00,,,,
2021-12-24,100385895.00,,,,
2021-12-25,101603579.00,,,,
2021-12-26,100641925.00,,,,
2021-12-27,101015955.00,,,,
2021-12-28,102674784.00,,,,
2021-12-29,104257046.00,,,,
2021-12-30,100124946.00,,,,
2021-12-31,98468026.00,,,,
2022-01-01,96386891.00,,,,
2022-01-02,96825676.00,,,,
2022-01-03,99226679.00,,,,
2022-01-04,98488635.00,,,,
2022-01-05,98957695.00,,,,
2022-01-06,103076668.00,,,,
2022-01-07,96148089.00,,,,
2022-01-08,94325316.00,,,,
2022-01-09,92591249.00,,,,
2022-01-10,89924028.00,,,,
2022-01-11,90500595.00,,,,
2022-01-12,88897780.00,,,,
2022-01-13,90570616.00,,,,
2022-01-14,92302476.00,,,,
2022-01-15,90313103.00,,,,
2022-01-16,91276450.00,,,,
2022-01-17,90984712.00,,,,
2022-01-18,91368340.00,,,,
2022-01-19,89421117.00,,,,
2022-01-20,89215931.00,,,,
2022-01-21,87631372.00,,,,
2022-01-22,85220007.00,,,,
2022-01-23,82548332.00,,,,
2022-01-24,81033977.00,,,,
2022-01-25,81575727.00,,,,
2022-01-26,76180114.00,,,,
2022-01-27,81298204.00,,,,
2022-01-28,84108762.00,,,,
2022-01-29,82362117.00,,,,
2022-01-30,83650451.00,,,,
2022-01-31,84237461.00,,,,
2022-02-01,84822813.00,,,,
2022-02-02,88027485.00,,,,
2022-02-03,89678107.00,,,,
2022-02-04,89740197.00,,,,
2022-02-05,90061093.00,,,,
2022-02-06,92735458.00,,,,
2022-02-07,92905202.00,,,,
2022-02-08,92705417.00,,,,
2022-02-09,95132659.00,,,,
2022-02-10,97341829.00,,,,
2022-02-11,97989512.00,,,,
2022-02-12,95719465.00,,,,
2022-02-13,95804269.00,,,,
2022-02-14,94174849.00,,,,
2022-02-15,92753115.00,,,,
2022-02-16,93239001.00,,,,
2022-02-17,95328251.00,,,,
2022-02-18,94424198.00,,,,
2022-02-19,91011210.00,,,,
2022-02-20,90741133.00,,,,
2022-02-21,89790195.00,,,,
2022-02-22,86225047.00,,,,
2022-02-23,84998690.00,,,,
2022-02-24,85127140.00,,,,
2022-02-25,84740698.00,,,,
2022-02-26,85777457.00,,,,
2022-02-27,89852772.00,,,,
2022-02-28,90929029.00,,,,
2022-03-01,87873160.00,,,,
2022-03-02,94021560.00,,,,
2022-03-03,93482730.00,,,,
2022-03-04,94419315.00,,,,
2022-03-05,92327489.00,,,,
2022-03-06,88406353.00,,,,
2022-03-07,89440308.00,,,,
2022-03-08,87296588.00,,,,
2022-03-09,87094580.00,,,,
2022-03-10,87963397.00,,,,
2022-03-11,90133718.00,,,,
2022-03-12,87473226.00,,,,
2022-03-13,88058756.00,,,,
2022-03-14,88036609.00,,,,
2022-03-15,86706627.00,,,,
2022-03-16,87823932.00,,,,
2022-03-17,87066948.00,,,,
2022-03-18,88632243.00,,,,
2022-03-19,88321238.00,,,,
2022-03-20,87995611.00,,,,
2022-03-21,88047496.00,,,,
2022-03-22,88223374.00,,,,
2022-03-23,87727461.00,,,,
2022-03-24,89339780.00,,,,
2022-03-25,90248821.00,,,,
2022-03-26,91037588.00,,,,
2022-03-27,91362503.00,,,,
2022-03-28,92507764.00,,,,
2022-03-29,94625762.00,,,,
2022-03-30,94447066.00,,,,
2022-03-31,94581914.00,,,,
2022-04-01,95176170.00,,,,
2022-04-02,93397346.00,,,,
2022-04-03,95516686.00,,,,
2022-04-04,95050333.00,,,,
2022-04-05,95819950.00,,,,
2022-04-06,95189575.00,,,,
2022-04-07,90106456.00,,,,
2022-04-08,83131159.00,,,,
2022-04-09,81231832.00,,,,
2022-04-10,77340845.00,,,,
2022-04-11,78086222.00,,,,
2022-04-12,76611165.00,,,,
2022-04-13,73754938.00,,,,
2022-04-14,74933276.00,,,,
2022-04-15,77583410.00,,,,
2022-04-16,76294218.00,,,,
2022-04-17,77853526.00,,,,
2022-04-18,79161334.00,,,,
2022-04-19,75778826.00,,,,
2022-04-20,77878679.00,,,,
2022-04-21,79036626.00,,,,
2022-04-22,78176125.00,,,,
2022-04-23,76218810.00,,,,
2022-04-24,76425389.00,,,,
2022-04-25,75490003.00,,,,
2022-04-26,73899790.00,,,,
2022-04-27,75872513.00,,,,
2022-04-28,72156567.00,,,,
2022-04-29,73285245.00,,,,
2022-04-30,75895101.00,,,,
2022-05-01,73632732.00,,,,
2022-05-02,69925520.00,,,,
2022-05-03,70633927.00,,,,
2022-05-04,69761359.00,,,,
2022-05-05,66939104.00,,,,
2022-05-06,74615313.00,,,,
2022-05-07,68361056.00,,,,
2022-05-08,68659024.00,,,,
2022-05-09,68799722.00,,,,
2022-05-10,68998097.00,,,,
2022-05-11,58280549.00,,,,
2022-05-12,58131035.00,,,,
2022-05-13,52354021.00,,,,
2022-05-14,49646041.00,,,,
2022-05-15,52426418.00,,,,
2022-05-16,55375628.00,,,,
2022-05-17,55474026.00,,,,
2022-05-18,52964202.00,,,,
2022-05-19,54573646.00,,,,
2022-05-20,52739253.00,,,,
2022-05-21,54383783.00,,,,
2022-05-22,55154426.00,,,,
2022-05-23,55916847.00,,,,
2022-05-24,57891880.00,,,,
2022-05-25,57237203.00,,,,
2022-05-26,58470830.00,,,,
2022-05-27,60063979.00,,,,
2022-05-28,56768164.00,,,,
2022-05-29,55197109.00,,,,
2022-05-30,57272881.00,,,,
2022-05-31,57915062.00,,,,
2022-06-01,56252671.00,,,,
2022-06-02,56608557.00,,,,
2022-06-03,52234766.00,,,,
2022-06-04,53701638.00,,,,
2022-06-05,51992042.00,,,,
2022-06-06,52179879.00,,,,
2022-06-07,53333974.00,,,,
2022-06-08,55721004.00,,,,
2022-06-09,56507659.00,,,,
2022-06-10,53730892.00,,,,
2022-06-11,58810614.00,,,,
2022-06-12,53690874.00,,,,
2022-06-13,50589267.00,,,,
2022-06-14,46385837.00,,,,
2022-06-15,39164954.00,,,,
2022-06-16,38799136.00,,,,
2022-06-17,40126448.00,,,,
2022-06-18,38149182.00,,,,
2022-06-19,38600164.00,,,,
2022-06-20,34845852.00,,,,
2022-06-21,36994863.00,,,,
2022-06-22,38147731.00,,,,
2022-06-23,38363632.00,,,,
2022-06-24,37244320.00,,,,
2022-06-25,39190852.00,,,,
2022-06-26,41259089.00,,,,
2022-06-27,41667015.00,,,,
2022-06-28,39971309.00,,,,
2022-06-29,42368377.00,,,,
2022-06-30,40548090.00,,,,
2022-07-01,39844493.00,,,,
2022-07-02,38207652.00,,,,
2022-07-03,37365371.00,,,,
2022-07-04,38700583.00,,,,
2022-07-05,38566965.00,,,,
2022-07-06,41025147.00,,,,
2022-07-07,39752994.00,,,,
2022-07-08,41430748.00,,,,
2022-07-09,42071796.00,,,,
2022-07-10,42436453.00,,,,
2022-07-11,43425993.00,,,,
2022-07-12,43508020.00,,,,
2022-07-13,42046248.00,,,,
2022-07-14,39305114.00,,,,
2022-07-15,36515320.00,,,,
2022-07-16,41466287.00,,,,
2022-07-17,41471402.00,,,,
2022-07-18,42478955.00,,,,
2022-07-19,41984493.00,,,,
2022-07-20,45432274.00,,,,
2022-07-21,46497581.00,,,,
2022-07-22,44566290.00,,,,
2022-07-23,45807164.00,,,,
2022-07-24,44667309.00,,,,
2022-07-25,45240502.00,,,,
2022-07-26,45608326.00,,,,
2022-07-27,42356053.00,,,,
2022-07-28,42584531.00,,,,
2022-07-29,44976670.00,,,,
2022-07-30,46775609.00,,,,
2022-07-31,46968924.00,,,,
2022-08-01,48618481.00,,,,
2022-08-02,48069418.00,,,,
2022-08-03,47972401.00,,,,
2022-08-04,45427371.00,,,,
2022-08-05,46472945.00,,,,
2022-08-06,47964598.00,,,,
2022-08-07,49098493.00,,,,
2022-08-08,49182469.00,,,,
2022-08-09,50073167.00,,,,
2022-08-10,50462719.00,,,,
2022-08-11,46948024.00,,,,
2022-08-12,50421074.00,,,,
2022-08-13,50350439.00,,,,
2022-08-14,50732349.00,,,,
2022-08-15,51348016.00,,,,
2022-08-16,49039283.00,,,,40612102.00
2022-08-17,48511873.00,,,,40612723.00
2022-08-18,45922990.00,,,,43128641.00
2022-08-19,51691722.00,,,,45689780.00
2022-08-20,50628604.00,,,,55743197.00
2022-08-21,49123313.00,,,,55887983.00
2022-08-22,47778268.00,,,,55896532.00
2022-08-23,49184536.00,,,,55848331.00
2022-08-24,48785513.00,,,,55849053.00
2022-08-25,48140060.00,,,,55756597.00
2022-08-26,49619629.00,,,,65819102.00
2022-08-27,50390023.00,,,,65854450.00
2022-08-28,47327914.00,,,,65854377.00
2022-08-29,47538430.00,,,,65755250.00
2022-08-30,46994405.00,,,,65781026.00
2022-08-31,49702777.00,,,,65721665.00
2022-09-01,49782072.00,,,,65802374.00
2022-09-02,49323893.00,,,,65722074.00
2022-09-03,50078371.00,,,,65781413.00
2022-09-04,49849450.00,,,,65754188.00
2022-09-05,50895443.00,,,,65781598.00
2022-09-06,51282369.00,,,,65767949.00
2022-09-07,51767824.00,,,,65814230.00
2022-09-08,50921302.00,,,,65646676.00
2022-09-09,51380669.00,,,,65685756.00
2022-09-10,52885420.00,,,,65778080.00
2022-09-11,53500334.00,,,,65760424.00
2022-09-12,53588863.00,,,,65773693.00
2022-09-13,53610009.00,,,,65705166.00
2022-09-14,53168107.00,,,,65629466.00
2022-09-15,50649992.00,,,,65720072.00
2022-09-16,51399519.00,,,,65661449.00
2022-09-17,43931974.00,,,,65641508.00
2022-09-18,44523617.00,,,,65660133.00
2022-09-19,44471182.00,,,,65666903.00
2022-09-20,43063652.00,,,,65711170.00
2022-09-21,43852650.00,,,,65729147.00
2022-09-22,40649849.00,,,,65672240.00
2022-09-23,39745285.00,,,,65689126.00
2022-09-24,41579167.00,,,,65707993.00
2022-09-25,41319524.00,,,,65651803.00
2022-09-26,39779306.00,,,,65646183.00
2022-09-27,39266401.00,,,,65676144.00
2022-09-28,40082908.00,,,,65763324.00
2022-09-29,39588601.00,,,,65717614.00
2022-09-30,38482024.00,,,,66016011.00
2022-10-01,37737806.00,,,,67751673.00
2022-10-02,37956589.00,,,,67988032.00
2022-10-03,37496038.00,,,,67942116.00
2022-10-04,37227022.00,,,,67956455.00
2022-10-05,38572546.00,,,,68170297.00
2022-10-06,39246305.00,,,,69146208.00
2022-10-07,39132782.00,,,,69044467.00
2022-10-08,31354010.00,,,,71049666.00
2022-10-09,30287696.00,,,,71134683.00
2022-10-10,29850991.00,,,,70990627.00
2022-10-11,30312995.00,,,,71067740.00
2022-10-12,50854550.00,,,,70829865.00
2022-10-13,53537051.00,,,,72741466.00
2022-10-14,52175947.00,,,,72817319.00
2022-10-15,55578746.00,,,,73820944.00
2022-10-16,55633753.00,,,,73964917.00
2022-10-17,55941966.00,,,,74065077.00
2022-10-18,55522728.00,,,,73955210.00
2022-10-19,59101224.00,,,,75778078.00
2022-10-20,57918709.00,,,,75669702.00
2022-10-21,56980349.00,,,,75405133.00
2022-10-22,57163322.00,,,,75705877.00
2022-10-23,58151698.00,,,,75654667.00
2022-10-24,57934024.00,,,,75488862.00
2022-10-25,58691013.00,,,,75600826.00
2022-10-26,58450053.00,,,,75631893.00
2022-10-27,59830545.00,,,,75776467.00
2022-10-28,61465293.00,,,,76072035.00
2022-10-29,60856180.00,,,,75731101.00
2022-10-30,62043044.00,,,,75267084.00
2022-10-31,61965145.00,,,,75729663.00
2022-11-01,61354124.00,,,,75833236.00
2022-11-02,61685328.00,,,,75948830.00
2022-11-03,61218140.00,,,,75723251.00
2022-11-04,60474579.00,,,,75810861.00
2022-11-05,59773496.00,,,,75667224.00
2022-11-06,62138493.00,,,,75969058.00
2022-11-07,62261984.00,,,,75555560.00
2022-11-08,60577157.00,,,,75556688.00
2022-11-09,66957224.00,,,,75857595.00
2022-11-10,59077340.00,,,,75458277.00
2022-11-11,51085643.00,,,,75377150.00
2022-11-12,53821771.00,,,,74728186.00
2022-11-13,51172043.00,,,,74734973.00
2022-11-14,51225605.00,,,,74795644.00
2022-11-15,48812065.00,,,,74440667.00
2022-11-16,49815798.00,,,,74542502.00
2022-11-17,50323037.00,,,,74630317.00
2022-11-18,49290129.00,,,,74480544.00
2022-11-19,49268891.00,,,,74202819.00
2022-11-20,49069491.00,,,,74544107.00
2022-11-21,49644678.00,,,,74369294.00
2022-11-22,48602555.00,,,,74286762.00
2022-11-23,47560559.00,,,,74682026.00
2022-11-24,48379595.00,,,,74169628.00
2022-11-25,49412433.00,,,,74084133.00
2022-11-26,49473764.00,,,,73674366.00
2022-11-27,49425853.00,,,,74195718.00
2022-11-28,49011109.00,,,,73922489.00
2022-11-29,49427604.00,,,,73928672.00
2022-11-30,48620030.00,,,,53969131.00
2022-12-01,50319400.00,,,,53896877.00
2022-12-02,55765718.00,,,,53990755.00
2022-12-03,54976993.00,,,,53985519.00
2022-12-04,50981543.00,,,,53901057.00
2022-12-05,53960633.00,,,,53877852.00
2022-12-06,50731090.00,,,,53958044.00
2022-12-07,52114578.00,,,,54999684.00
2022-12-08,52198873.00,,,,55031073.00
2022-12-09,51262505.00,,,,54972063.00
2022-12-10,51573048.00,,,,54983972.00
2022-12-11,51274888.00,,,,54835423.00
2022-12-12,51832447.00,,,,54928097.00
2022-12-13,51207627.00,,,,54794933.00
2022-12-14,50555513.00,,,,54863683.00
2022-12-15,50795239.00,,,,55103907.00
2022-12-16,53002180.00,,,,54801124.00
2022-12-17,49917745.00,,,,54945033.00
2022-12-18,48800701.00,,,,54909503.00
2022-12-19,46695357.00,,,,54868106.00
2022-12-20,46535918.00,,,,54692133.00
2022-12-21,44518185.00,,,,54706796.00
2022-12-22,45490864.00,,,,54658810.00
2022-12-23,45758616.00,,,,54410223.00
2022-12-24,45604769.00,,,,54842901.00
2022-12-25,49639742.00,,,,54554248.00
2022-12-26,47768517.00,,,,54483568.00
2022-12-27,45072201.00,,,,54375360.00
2022-12-28,47004557.00,,,,54502234.00
2022-12-29,45271153.00,,,,54547686.00
2022-12-30,44489721.00,,,,54492221.00
2022-12-31,44211849.00,,,,54580543.00
2023-01-01,44033917.00,,,,54300078.00
2023-01-02,43210680.00,,,,54168442.00
2023-01-03,43332254.00,,,,54010887.00
2023-01-04,44193359.00,,,,54165462.00
2023-01-05,44223835.00,,,,54301416.00
2023-01-06,44792156.00,,,,54270816.00
2023-01-07,44867114.00,,,,54246084.00
2023-01-08,45489985.00,,,,54511537.00
2023-01-09,48047628.00,,,,54171607.00
2023-01-10,46718839.00,,,,54290897.00
2023-01-11,47222999.00,,,,54273793.00
2023-01-12,47088168.00,,,,54169809.00
2023-01-13,48934265.00,,,,54495803.00
2023-01-14,22286060.00,,,,54375096.00
2023-01-15,52510022.00,,,,54524366.00
2023-01-16,53763248.00,,,,54372497.00
2023-01-17,54500428.00,,,,54295097.00
2023-01-18,53956830.00,,,,54327101.00
2023-01-19,54673091.00,,,,54226693.00
2023-01-20,52712949.00,,,,54109798.00
2023-01-21,24541635.00,,,,54228293.00
2023-01-22,57008928.00,,,,54492216.00
2023-01-23,57896167.00,,,,54265686.00
2023-01-24,27212389.00,,,,54666192.00
2023-01-25,58550129.00,,,,54388742.00
2023-01-26,56524470.00,,,,54109580.00
2023-01-27,58278727.00,,,,54326908.00
2023-01-28,56527323.00,,,,54508158.00
2023-01-29,59139142.00,,,,54512491.00
2023-01-30,58690056.00,,,,54528147.00
2023-01-31,61108875.00,,,,54534646.00
2023-02-01,57221381.00,,,,54528184.00
2023-02-02,57455778.00,,,,54530997.00
2023-02-03,59716506.00,,,,54541426.00
2023-02-04,58895819.00,,,,54550967.00
2023-02-05,40682334.00,,,,54549523.00
2023-02-06,41403881.00,,,,54558217.00
2023-02-07,41021912.00,,,,54559568.00
2023-02-08,40216068.00,,,,54562857.00
2023-02-09,42173474.00,,,,54574559.00
2023-02-10,41978295.00,,,,54596206.00
2023-02-11,37605793.00,,,,54594688.00
2023-02-12,38187384.00,,,,54609221.00
2023-02-13,37891132.00,,,,54612760.00
2023-02-14,37870803.00,,,,54612955.00
2023-02-15,37026264.00,,,,54628874.00
2023-02-16,37594684.00,,,,54625451.00
2023-02-17,41087311.00,,,,54652743.00
2023-02-18,39581092.00,,,,54650870.00
2023-02-19,41580186.00,,,,54669065.00
2023-02-20,41820458.00,,,,54680893.00
2023-02-21,41769572.00,,,,54674420.00
2023-02-22,43465380.00,,,,54671765.00
2023-02-23,43217838.00,,,,54686421.00
2023-02-24,67548687.00,,,,54723407.00
2023-02-25,65391346.00,,,,54723915.00
2023-02-26,62038068.00,,,,54725109.00
2023-02-27,61283244.00,,,,54732828.00
2023-02-28,61823752.00,,,,54731117.00
2023-03-01,61165471.00,,,,54733937.00
2023-03-02,61436167.00,,,,59228617.00
2023-03-03,63264687.00,,,,59233487.00
2023-03-04,62639557.00,,,,59232281.00
2023-03-05,61319961.00,,,,59237901.00
2023-03-06,60384286.00,,,,59226268.00
2023-03-07,60482677.00,,,,59230584.00
2023-03-08,61113302.00,,,,59247034.00
2023-03-09,60056991.00,,,,59251617.00
2023-03-10,57623233.00,,,,59250204.00
2023-03-11,55420429.00,,,,59702047.00
2023-03-12,55693862.00,,,,59911487.00
2023-03-13,52783119.00,,,,56800449.00
2023-03-14,56070352.00,,,,57332249.00
2023-03-15,57750690.00,,,,49860242.00
2023-03-16,61316878.00,,,,49800728.00
2023-03-17,59317271.00,,,,50030333.00
2023-03-18,60740474.00,,,,50037846.00
2023-03-19,64419203.00,,,,50114474.00
2023-03-20,62814565.00,,,,50172445.00
2023-03-21,64617127.00,,,,50278917.00
2023-03-22,62907881.00,,,,50217523.00
2023-03-23,62860609.00,,,,50166545.00
2023-03-24,61137835.00,,,,49998293.00
2023-03-25,62555273.00,,,,50144650.00
2023-03-26,61284247.00,,,,50280225.00
2023-03-27,60720733.00,,,,50230784.00
2023-03-28,61760147.00,,,,50012391.00
2023-03-29,60477805.00,,,,49974213.00
2023-03-30,59897403.00,,,,49984728.00
2023-03-31,61914521.00,,,,49988712.00
2023-04-01,61247173.00,,,,50089258.00
2023-04-02,61677824.00,,,,50066853.00
2023-04-03,61414394.00,,,,50040044.00
2023-04-04,60799276.00,,,,50100428.00
2023-04-05,60656703.00,,,,50139728.00
2023-04-06,61528100.00,,,,50011265.00
2023-04-07,61485609.00,,,,50034194.00
2023-04-08,61226123.00,,,,49965530.00
2023-04-09,60237850.00,,,,50000960.00
2023-04-10,60523763.00,,,,50114061.00
2023-04-11,60645956.00,,,,50018964.00
2023-04-12,61861150.00,,,,50013021.00
2023-04-13,61782509.00,,,,50026989.00
2023-04-14,60861499.00,,,,50122025.00
2023-04-15,62766369.00,,,,50138582.00
2023-04-16,62964763.00,,,,49988507.00
2023-04-17,63197310.00,,,,50067790.00
2023-04-18,63070406.00,,,,49986617.00
2023-04-19,62614783.00,,,,50004715.00
2023-04-20,63612759.00,,,,49990415.00
2023-04-21,59933179.00,,,,50043191.00
2023-04-22,58821856.00,,,,49833287.00
2023-04-23,57875184.00,,,,49721764.00
2023-04-24,58405419.00,,,,49971980.00
2023-04-25,58376997.00,,,,50054198.00
2023-04-26,57571806.00,,,,49970858.00
2023-04-27,57833376.00,,,,49766226.00
2023-04-28,58171410.00,,,,49946955.00
2023-04-29,58298764.00,,,,49921421.00
2023-04-30,58173570.00,,,,49959226.00
2023-05-01,58558864.00,,,,49751423.00
2023-05-02,58279837.00,,,,49737710.00
2023-05-03,56839080.00,,,,49781405.00
2023-05-04,57184392.00,,,,49939958.00
2023-05-05,57264926.00,,,,49915850.00
2023-05-06,57249349.00,,,,49852784.00
2023-05-07,58494625.00,,,,49833108.00
2023-05-08,56985018.00,,,,49833091.00
2023-05-09,56488576.00,,,,49839860.00
2023-05-10,53831368.00,,,,49740167.00
2023-05-11,54008165.00,,,,49886956.00
2023-05-12,54346816.00,,,,49917001.00
2023-05-13,53687313.00,,,,49900713.00
2023-05-14,53240452.00,,,,50059525.00
2023-05-15,53183168.00,,,,49975611.00
2023-05-16,52971427.00,,,,50063699.00
2023-05-17,53633792.00,,,,50038945.00
2023-05-18,54020627.00,,,,50098032.00
2023-05-19,54127647.00,,,,49992408.00
2023-05-20,53543213.00,,,,50012149.00
2023-05-21,52590669.00,,,,50014430.00
2023-05-22,25852583.00,,,,49961491.00
2023-05-23,25487469.00,,,,50011008.00
2023-05-24,25606230.00,,,,50009020.00
2023-05-25,25729146.00,,,,50092524.00
2023-05-26,24833232.00,,,,50025342.00
2023-05-27,25467987.00,,,,50004736.00
2023-05-28,25520789.00,,,,50050214.00
2023-05-29,26136037.00,,,,49961063.00
2023-05-30,27127025.00,,,,50141644.00
2023-05-31,26929653.00,,,,49898906.00
2023-06-01,54929967.00,,,,49945599.00
2023-06-02,53589206.00,,,,50085479.00
2023-06-03,53198500.00,,,,50005546.00
2023-06-04,55089636.00,,,,51084004.00
2023-06-05,55527466.00,,,,51036061.00
2023-06-06,55556525.00,,,,50992374.00
2023-06-07,56807869.00,,,,51099880.00
2023-06-08,57304065.00,,,,50451558.00
2023-06-09,56262490.00,,,,50962727.00
2023-06-10,55330173.00,,,,51032043.00
2023-06-11,54483580.00,,,,50894215.00
2023-06-12,51255904.00,,,,50623441.00
2023-06-13,50098099.00,,,,50414425.00
2023-06-14,50398833.00,,,,50297696.00
2023-06-15,50921032.00,,,,50308405.00
2023-06-16,50666683.00,,,,50316292.00
2023-06-17,50652119.00,,,,50263357.00
2023-06-18,50938169.00,,,,50334837.00
2023-06-19,51417634.00,,,,50355490.00
2023-06-20,51053942.00,,,,50357793.00
2023-06-21,51404318.00,,,,50399476.00
2023-06-22,52396884.00,,,,50537064.00
2023-06-23,54617274.00,,,,50378823.00
2023-06-24,54403870.00,,,,50275555.00
2023-06-25,54792733.00,,,,50305580.00
2023-06-26,56118401.00,,,,50421731.00
2023-06-27,55603409.00,,,,50195141.00
2023-06-28,54760134.00,,,,50390935.00
2023-06-29,54999035.00,,,,50481925.00
2023-06-30,53033304.00,,,,50336926.00
2023-07-01,54036384.00,,,,50406276.00
2023-07-02,56012664.00,,,,50383505.00
2023-07-03,56199054.00,,,,50382991.00
2023-07-04,56540471.00,,,,50533435.00
2023-07-05,57288902.00,,,,50466978.00
2023-07-06,56326687.00,,,,50418291.00
2023-07-07,55051051.00,,,,50433162.00
2023-07-08,54484223.00,,,,50440305.00
2023-07-09,54997455.00,,,,50556172.00
2023-07-10,55850809.00,,,,50555901.00
2023-07-11,55704469.00,,,,50387153.00
2023-07-12,55628186.00,,,,50482508.00
2023-07-13,56673374.00,,,,50564720.00
2023-07-14,56209395.00,,,,50519231.00
2023-07-15,59641650.00,,,,50506299.00
2023-07-16,57932787.00,,,,50564988.00
2023-07-17,58138726.00,,,,50555683.00
2023-07-18,57507212.00,,,,50535362.00
2023-07-19,56963725.00,,,,50490031.00
2023-07-20,56043794.00,,,,50322089.00
2023-07-21,56547130.00,,,,50424591.00
2023-07-22,57046166.00,,,,50446723.00
2023-07-23,56875046.00,,,,50522324.00
2023-07-24,56873438.00,,,,50341556.00
2023-07-25,58510333.00,,,,50259493.00
2023-07-26,55716126.00,,,,50442486.00
2023-07-27,55731603.00,,,,50552628.00
2023-07-28,56051588.00,,,,50574292.00
2023-07-29,55934939.00,,,,50517872.00
2023-07-30,56898380.00,,,,50607280.00
2023-07-31,57013480.00,,,,50593421.00
2023-08-01,57258039.00,,,,50634658.00
2023-08-02,56392952.00,,,,50585272.00
2023-08-03,56968469.00,,,,50623118.00
2023-08-04,57123623.00,,,,50563976.00
2023-08-05,55608310.00,,,,50534565.00
2023-08-06,55150873.00,,,,50486866.00
2023-08-07,55272846.00,,,,50359106.00
2023-08-08,54969256.00,,,,50239147.00
2023-08-09,54589166.00,,,,50558429.00
2023-08-10,55240150.00,,,,50586590.00
2023-08-11,54886362.00,,,,50461685.00
2023-08-12,54809789.00,,,,50549405.00
2023-08-13,54974448.00,,,,50558115.00
2023-08-14,54891286.00,,,,50552679.00
2023-08-15,54914228.00,,,,50569672.00
2023-08-16,55202311.00,,,,50519999.00
2023-08-17,53729543.00,,,,50567710.00
2023-08-18,52061379.00,,,,50349224.00
2023-08-19,49946578.00,,,,50445063.00
2023-08-20,50329516.00,,,,50526971.00
2023-08-21,50809023.00,,,,50532069.00
2023-08-22,50823780.00,,,,50611036.00
2023-08-23,49608280.00,,,,50493128.00
2023-08-24,49230023.00,,,,50526072.00
2023-08-25,50370978.00,,,,50497251.00
2023-08-26,49957907.00,,,,50226566.00
2023-08-27,49558429.00,,,,50510762.00
2023-08-28,49129473.00,,,,50437129.00
2023-08-29,49888604.00,,,,50499334.00
2023-08-30,50193105.00,,,,50599335.00
2023-08-31,51699524.00,,,,50437236.00
2023-09-01,50913035.00,,,,50524573.00
2023-09-02,49624007.00,,,,50488650.00
2023-09-03,49102056.00,,,,50604451.00
2023-09-04,49342259.00,,,,50542623.00
2023-09-05,49572292.00,,,,50391423.00
2023-09-06,49882581.00,,,,50508178.00
2023-09-07,49959110.00,,,,50526152.00
2023-09-08,49732022.00,,,,50526106.00
2023-09-09,49991803.00,,,,50609453.00
2023-09-10,49949644.00,,,,50569095.00
2023-09-11,49810267.00,,,,50245898.00
2023-09-12,48922424.00,,,,50511761.00
2023-09-13,47442801.00,,,,50474953.00
2023-09-14,47597604.00,,,,50397257.00
2023-09-15,47819742.00,,,,50354391.00
2023-09-16,48169560.00,,,,50219057.00
2023-09-17,48926143.00,,,,50650355.00
2023-09-18,48867437.00,,,,49943772.00
2023-09-19,48053488.00,,,,50519525.00
2023-09-20,48787114.00,,,,50329137.00
2023-09-21,49153512.00,,,,50382613.00
2023-09-22,49528368.00,,,,50143475.00
2023-09-23,48759149.00,,,,49965910.00
2023-09-24,49102637.00,,,,50193782.00
2023-09-25,48859489.00,,,,50302268.00
2023-09-26,48484469.00,,,,49777471.00
2023-09-27,48858367.00,,,,50446838.00
2023-09-28,48624095.00,,,,50475212.00
2023-09-29,48700348.00,,,,49990653.00
2023-09-30,49027008.00,,,,50246875.00
2023-10-01,49392299.00,,,,50388227.00
2023-10-02,49441573.00,,,,50281584.00
2023-10-03,50028125.00,,,,49849186.00
2023-10-04,49312327.00,,,,49911492.00
2023-10-05,49222660.00,,,,50071969.00
2023-10-06,49959965.00,,,,50108977.00
2023-10-07,49894064.00,,,,50488161.00
2023-10-08,50351911.00,,,,50592369.00
2023-10-09,49851778.00,,,,50647421.00
2023-10-10,50313152.00,,,,50648383.00
2023-10-11,52564706.00,,,,50939591.00
2023-10-12,51729635.00,,,,50426450.00
2023-10-13,50650289.00,,,,50613895.00
2023-10-14,32332728.00,,,,50606125.00
2023-10-15,50735388.00,,,,50652147.00
2023-10-16,50517616.00,,,,50702803.00
2023-10-17,50496971.00,,,,50714556.00
2023-10-18,50607495.00,,,,50667038.00
2023-10-19,50701195.00,,,,50613483.00
2023-10-20,40973800.00,,,,50614959.00
2023-10-21,40783709.00,,,,50612557.00
2023-10-22,42123342.00,,,,50655109.00
2023-10-23,42615197.00,,,,50626362.00
2023-10-24,52113239.00,,,,50596822.00
2023-10-25,54713800.00,,,,50846213.00
2023-10-26,55558173.00,,,,50714187.00
2023-10-27,55992588.00,,,,50778664.00
2023-10-28,55526156.00,,,,50719656.00
2023-10-29,55706538.00,,,,50741362.00
2023-10-30,56814089.00,,,,50718653.00
2023-10-31,57604427.00,,,,50818915.00
2023-11-01,59321439.00,,,,50784161.00
2023-11-02,58368549.00,,,,50727499.00
2023-11-03,59721988.00,,,,50857477.00
2023-11-04,59805535.00,,,,50799380.00
2023-11-05,59538927.00,,,,50887915.00
2023-11-06,60750827.00,,,,50862630.00
2023-11-07,59605911.00,,,,50900331.00
2023-11-08,60726773.00,,,,53873727.00
2023-11-09,62120807.00,,,,54024558.00
2023-11-10,62856110.00,,,,53946972.00
2023-11-11,62703831.00,,,,54085256.00
2023-11-12,51118556.00,,,,54038244.00
2023-11-13,65292757.00,,,,53984513.00
2023-11-14,65636609.00,,,,53965292.00
2023-11-15,63356654.00,,,,53948902.00
2023-11-16,62059026.00,,,,53992442.00
2023-11-17,63959988.00,,,,53956713.00
2023-11-18,62092024.00,,,,53998080.00
2023-11-19,62218118.00,,,,53980565.00
2023-11-20,61739808.00,,,,53970431.00
2023-11-21,62929718.00,,,,53966117.00
2023-11-22,62760744.00,,,,53977354.00
2023-11-23,58940610.00,,,,53817276.00
2023-11-24,47610992.00,,,,53877398.00
2023-11-25,47966957.00,,,,53847932.00
2023-11-26,48221370.00,,,,53860096.00
2023-11-27,49024212.00,,,,53909346.00
2023-11-28,49053212.00,,,,53892156.00
2023-11-29,60484676.00,,,,53881348.00
2023-11-30,60290869.00,,,,53865895.00
2023-12-01,60463218.00,,,,53883301.00
2023-12-02,60643939.00,,,,53870935.00
2023-12-03,61600420.00,,,,53872506.00
2023-12-04,62654078.00,,,,53856041.00
2023-12-05,49278169.00,,,,53886838.00
2023-12-06,63889019.00,,,,53848279.00
2023-12-07,64979738.00,,,,53914465.00
2023-12-08,63625182.00,,,,53758942.00
2023-12-09,33792982.00,,,,53898477.00
2023-12-10,34670792.00,,,,53960479.00
2023-12-11,35339504.00,,,,53865599.00
2023-12-12,34988431.00,,,,54003198.00
2023-12-13,32224071.00,,,,54112090.00
2023-12-14,33870492.00,,,,54002199.00
2023-12-15,34012685.00,,,,53978425.00
2023-12-16,34526834.00,,,,53938874.00
2023-12-17,32518385.00,,,,53684403.00
2023-12-18,33558587.00,,,,53896318.00
2023-12-19,32531715.00,,,,53876819.00
2023-12-20,31453107.00,,,,53735007.00
2023-12-21,30643907.00,,,,53722611.00
2023-12-22,30735475.00,,,,53720279.00
2023-12-23,60852831.00,,,,53844756.00
2023-12-24,64570418.00,,,,53882492.00
2023-12-25,63105718.00,,,,53812742.00
2023-12-26,63087043.00,,,,53789089.00
2023-12-27,65043632.00,,,,53893646.00
2023-12-28,64008373.00,,,,53874665.00
2023-12-29,66500421.00,,,,53966072.00
2023-12-30,62407876.00,,,,53932643.00
2023-12-31,61474857.00,,,,54023741.00
2024-01-01,61342097.00,,,,53990213.00
2024-01-02,61077443.00,,,,53994957.00
2024-01-03,64134634.00,,,,53917802.00
2024-01-04,63524909.00,,,,53814586.00
2024-01-05,60148050.00,,,,53734410.00
2024-01-06,60121974.00,,,,53782609.00
2024-01-07,59333856.00,,,,53824152.00
2024-01-08,58779242.00,,,,53760002.00
2024-01-09,56510775.00,,,,53434659.00
2024-01-10,60444863.00,,,,53741968.00
2024-01-11,58586597.00,,,,53694131.00
2024-01-12,60524624.00,,,,53693759.00
2024-01-13,65633010.00,,,,53801775.00
2024-01-14,62157540.00,,,,53788311.00
2024-01-15,64044105.00,,,,54027337.00
2024-01-16,65790968.00,,,,54111953.00
2024-01-17,67422350.00,,,,54013639.00
2024-01-18,66682743.00,,,,54061927.00
2024-01-19,64904468.00,,,,54061349.00
2024-01-20,62194544.00,,,,54046999.00
2024-01-21,61661032.00,,,,54019160.00
2024-01-22,62345958.00,,,,54066478.00
2024-01-23,62106263.00,,,,54023220.00
2024-01-24,59306580.00,,,,54087322.00
2024-01-25,58197530.00,,,,54104164.00
2024-01-26,58586921.00,,,,54017016.00
2024-01-27,58241658.00,,,,53964429.00
2024-01-28,59843850.00,,,,54063009.00
2024-01-29,61256443.00,,,,54053081.00
2024-01-30,60290464.00,,,,54052144.00
2024-01-31,61406143.00,,,,54196848.00
2024-02-01,60575025.00,,,,53937487.00
2024-02-02,60161600.00,,,,54054038.00
2024-02-03,60840109.00,,,,54192405.00
2024-02-04,62001478.00,,,,54151814.00
2024-02-05,61586192.00,,,,54015319.00
2024-02-06,60173831.00,,,,53986032.00
2024-02-07,60441734.00,,,,53991892.00
2024-02-08,61013293.00,,,,54043213.00
2024-02-09,62084119.00,,,,54217142.00
2024-02-10,62511904.00,,,,54176753.00
2024-02-11,63557970.00,,,,54057582.00
2024-02-12,63890017.00,,,,54077341.00
2024-02-13,63894890.00,,,,54165519.00
2024-02-14,64089995.00,,,,54145437.00
2024-02-15,64248247.00,,,,54075829.00
2024-02-16,65096527.00,,,,54273959.00
2024-02-17,65598657.00,,,,54046661.00
2024-02-18,66279581.00,,,,54117218.00
2024-02-19,65772545.00,,,,54126163.00
2024-02-20,66298179.00,,,,54052869.00
2024-02-21,66659458.00,,,,54095837.00
2024-02-22,67106067.00,,,,54112446.00
2024-02-23,66686857.00,,,,54094067.00
2024-02-24,67568084.00,,,,54095936.00
2024-02-25,67443370.00,,,,54101577.00
2024-02-26,68030677.00,,,,54160977.00
2024-02-27,67718950.00,,,,54075853.00
2024-02-28,68344043.00,,,,54206200.00
2024-02-29,68738742.00,,,,54147694.00
2024-03-01,71114603.00,,,,54366688.00
2024-03-02,73961806.00,,,,54073526.00
2024-03-03,75156104.00,,,,54037845.00
2024-03-04,81410294.00,,,,54193040.00
2024-03-05,79598713.00,,,,54187695.00
2024-03-06,79548159.00,,,,53970885.00
2024-03-07,74322192.00,,,,54531201.00
2024-03-08,81264770.00,,,,54249484.00
2024-03-09,84994190.00,,,,54325602.00
2024-03-10,83174758.00,,,,54287594.00
2024-03-11,83500098.00,,,,54329392.00
2024-03-12,82772276.00,,,,54254128.00
2024-03-13,88597410.00,,,,54219037.00
2024-03-14,89295901.00,,,,54361024.00
2024-03-15,89070086.00,,,,54386359.00
2024-03-16,76784064.00,,,,52135304.00
2024-03-17,72648625.00,,,,52012127.00
2024-03-18,71911576.00,,,,51857524.00
2024-03-19,73909659.00,,,,51770329.00
2024-03-20,71137054.00,,,,51807391.00
2024-03-21,66607002.00,,,,52052894.00
2024-03-22,70985389.00,,,,51758617.00
2024-03-23,70300835.00,,,,51820415.00
2024-03-24,69135765.00,,,,51820871.00
2024-03-25,70638831.00,,,,51788408.00
2024-03-26,71744459.00,,,,51761731.00
2024-03-27,74888870.00,,,,52869959.00
2024-03-28,75810611.00,,,,53046757.00
2024-03-29,75344783.00,,,,53099771.00
2024-03-30,76602689.00,,,,52901605.00
2024-03-31,76687451.00,,,,52950494.00
2024-04-01,78223536.00,,,,52905898.00
2024-04-02,76057796.00,,,,52914696.00
2024-04-03,74262263.00,,,,52881438.00
2024-04-04,70217265.00,,,,52687857.00
2024-04-05,69626278.00,,,,52902055.00
2024-04-06,70470455.00,,,,52881233.00
2024-04-07,70260904.00,,,,52933496.00
2024-04-08,70717898.00,,,,52854935.00
2024-04-09,71558657.00,,,,52799382.00
2024-04-10,74335381.00,,,,52864278.00
2024-04-11,72640426.00,,,,52646314.00
2024-04-12,71133675.00,,,,52804527.00
2024-04-13,72276880.00,,,,52934694.00
2024-04-14,66544309.00,,,,52889091.00
2024-04-15,61953934.00,,,,52665511.00
2024-04-16,64730555.00,,,,52818143.00
2024-04-17,64612543.00,,,,52761431.00
2024-04-18,63513648.00,,,,52706509.00
2024-04-19,61876757.00,,,,52538517.00
2024-04-20,62074360.00,,,,52735100.00
2024-04-21,62396833.00,,,,52725087.00
2024-04-22,64976538.00,,,,52881666.00
2024-04-23,65617486.00,,,,50265048.00
2024-04-24,65879434.00,,,,50176879.00
2024-04-25,65891021.00,,,,50241718.00
2024-04-26,64779881.00,,,,50183424.00
2024-04-27,63562545.00,,,,50215381.00
2024-04-28,63486053.00,,,,50180350.00
2024-04-29,62591245.00,,,,50213812.00
2024-04-30,62722418.00,,,,50148398.00
2024-05-01,61242477.00,,,,50154961.00
2024-05-02,58898347.00,,,,50073174.00
2024-05-03,58133012.00,,,,50265870.00
2024-05-04,59171591.00,,,,50248107.00
2024-05-05,60464667.00,,,,50312004.00
2024-05-06,59275954.00,,,,50271716.00
2024-05-07,60039857.00,,,,50072287.00
2024-05-08,59449426.00,,,,50239684.00
2024-05-09,59867649.00,,,,50083660.00
2024-05-10,59285653.00,,,,50408018.00
2024-05-11,59346195.00,,,,50463981.00
2024-05-12,58351275.00,,,,50396828.00
2024-05-13,58292914.00,,,,50232356.00
2024-05-14,57729289.00,,,,50268496.00
2024-05-15,57627566.00,,,,50324038.00
2024-05-16,57241500.00,,,,50263241.00
2024-05-17,58625260.00,,,,50308424.00
2024-05-18,58605343.00,,,,50404078.00
2024-05-19,59844787.00,,,,50292244.00
2024-05-20,59874948.00,,,,50522861.00
2024-05-21,59495112.00,,,,50277249.00
2024-05-22,60344896.00,,,,50431071.00
2024-05-23,60290567.00,,,,50372816.00
2024-05-24,59663492.00,,,,50385711.00
2024-05-25,60500402.00,,,,50497200.00
2024-05-26,60786236.00,,,,50551522.00
2024-05-27,61137757.00,,,,50448215.00
2024-05-28,59890025.00,,,,50328255.00
2024-05-29,61704806.00,,,,50318448.00
2024-05-30,61219300.00,,,,50281350.00
2024-05-31,60477030.00,,,,50300710.00
2024-06-01,60729446.00,,,,50404253.00
2024-06-02,29655508.00,,,,50393198.00
2024-06-03,29157015.00,,,,50361790.00
2024-06-04,29938450.00,,,,50462611.00
2024-06-05,30028558.00,,,,50484868.00
2024-06-06,30248243.00,,,,50482637.00
2024-06-07,30547458.00,,,,50502401.00
2024-06-08,30112793.00,,,,50478898.00
2024-06-09,28182730.00,,,,50405668.00
2024-06-10,27247208.00,,,,50405238.00
2024-06-11,27963651.00,,,,50407810.00
2024-06-12,28229040.00,,,,50445826.00
2024-06-13,27375545.00,,,,50257601.00
2024-06-14,60243045.00,,,,50372020.00
2024-06-15,57990697.00,,,,50397361.00
2024-06-16,58599574.00,,,,50410013.00
2024-06-17,58501276.00,,,,50419108.00
2024-06-18,58411703.00,,,,50386962.00
2024-06-19,58520474.00,,,,50402028.00
2024-06-20,57825676.00,,,,50304832.00
2024-06-21,58584375.00,,,,50266733.00
2024-06-22,58942549.00,,,,50308992.00
2024-06-23,58967158.00,,,,50290843.00
2024-06-24,58515327.00,,,,50288665.00
2024-06-25,58332687.00,,,,50314325.00
2024-06-26,56079109.00,,,,50373824.00
2024-06-27,57351975.00,,,,50391308.00
2024-06-28,56831204.00,,,,50364636.00
2024-06-29,56988218.00,,,,50377086.00
2024-06-30,56504088.00,,,,50365315.00
2024-07-01,56459202.00,,,,50482653.00
2024-07-02,56666162.00,,,,50408991.00
2024-07-03,57137603.00,,,,50429128.00
2024-07-04,57391681.00,,,,50430777.00
2024-07-05,56052934.00,,,,50386870.00
2024-07-06,53920032.00,,,,50444413.00
2024-07-07,54709252.00,,,,50270219.00
2024-07-08,55531046.00,,,,50254297.00
2024-07-09,53906751.00,,,,50285490.00
2024-07-10,53573049.00,,,,50266739.00
2024-07-11,54659185.00,,,,50263664.00
2024-07-12,54548582.00,,,,50282499.00
2024-07-13,54717285.00,,,,50309815.00
2024-07-14,54964470.00,,,,50417126.00
2024-07-15,55548110.00,,,,50275976.00
2024-07-16,56039131.00,,,,50352381.00
2024-07-17,56684271.00,,,,50316876.00
2024-07-18,56855136.00,,,,50299341.00
2024-07-19,56494987.00,,,,50281899.00
2024-07-20,56015302.00,,,,50295470.00
2024-07-21,56957591.00,,,,50404117.00
2024-07-22,56809661.00,,,,50315829.00
2024-07-23,56506631.00,,,,50348296.00
2024-07-24,54685060.00,,,,50238763.00
2024-07-25,53845063.00,,,,50281213.00
2024-07-26,53056633.00,,,,50347333.00
2024-07-27,53025226.00,,,,50284167.00
2024-07-28,54151717.00,,,,50236707.00
2024-07-29,54655610.00,,,,50247130.00
2024-07-30,54076379.00,,,,50233437.00
2024-07-31,53701893.00,,,,50276920.00
2024-08-01,53679437.00,,,,50226704.00
2024-08-02,53466257.00,,,,50330607.00
2024-08-03,52842625.00,,,,50332711.00
2024-08-04,51964663.00,,,,50335650.00
2024-08-05,51508197.00,,,,50337150.00
2024-08-06,51109634.00,,,,50334964.00
2024-08-07,49010988.00,,,,50110076.00
2024-08-08,50016774.00,,,,50046497.00
2024-08-09,49745861.00,,,,50295385.00
2024-08-10,51717221.00,,,,49992619.00
2024-08-11,51376021.00,,,,50007621.00
2024-08-12,51606208.00,,,,49957424.00
2024-08-13,50104345.00,,,,50067969.00
2024-08-14,50758174.00,,,,49964622.00
2024-08-15,51237223.00,,,,49938634.00
2024-08-16,50711616.00,,,,49972141.00
2024-08-17,50033632.00,,,,49967657.00
2024-08-18,50596799.00,,,,49975329.00
2024-08-19,50389709.00,,,,49955518.00
2024-08-20,50652333.00,,,,49974353.00
2024-08-21,50303158.00,,,,49980917.00
2024-08-22,49839970.00,,,,49814884.00
2024-08-23,50847962.00,,,,49786448.00
2024-08-24,50545628.00,,,,49806846.00
2024-08-25,52149180.00,,,,49760387.00
2024-08-26,52832984.00,,,,49825543.00
2024-08-27,52842257.00,,,,49778508.00
2024-08-28,51329295.00,,,,49757838.00
2024-08-29,50133213.00,,,,49820169.00
2024-08-30,50304469.00,,,,49774908.00
2024-08-31,50613354.00,,,,49809026.00
2024-09-01,50015488.00,,,,49771710.00
2024-09-02,49794513.00,,,,49733599.00
2024-09-03,48618782.00,,,,49828112.00
2024-09-04,49189269.00,,,,49798937.00
2024-09-05,48113147.00,,,,49780086.00
2024-09-06,48628356.00,,,,49792991.00
2024-09-07,47229316.00,,,,49797356.00
2024-09-08,45964832.00,,,,49741637.00
2024-09-09,46307691.00,,,,49779886.00
2024-09-10,44952965.00,,,,49806695.00
2024-09-11,46065029.00,,,,49788572.00
2024-09-12,46708137.00,,,,49790697.00
2024-09-13,46813105.00,,,,49786645.00
2024-09-14,46628983.00,,,,49790828.00
2024-09-15,47934700.00,,,,49803734.00
2024-09-16,48129971.00,,,,49793639.00
2024-09-17,47444345.00,,,,49836558.00
2024-09-18,47352516.00,,,,49814319.00
2024-09-19,47580646.00,,,,49837812.00
2024-09-20,47367896.00,,,,49833624.00
2024-09-21,48663777.00,,,,49750162.00
2024-09-22,48889614.00,,,,49812178.00
2024-09-23,49676471.00,,,,49863601.00
2024-09-24,48893419.00,,,,49852559.00
2024-09-25,49441114.00,,,,49750958.00
2024-09-26,49316043.00,,,,49839060.00
2024-09-27,49213332.00,,,,49780979.00
2024-09-28,50300875.00,,,,49882713.00
2024-09-29,50748506.00,,,,49941257.00
2024-09-30,50290580.00,,,,49912343.00
2024-10-01,51005698.00,,,,49840471.00
2024-10-02,49672957.00,,,,49892832.00
2024-10-03,48129685.00,,,,49898391.00
2024-10-04,47278137.00,,,,49886642.00
2024-10-05,47848154.00,,,,49908585.00
2024-10-06,48395675.00,,,,49833576.00
2024-10-07,48346017.00,,,,49985102.00
2024-10-08,49221774.00,,,,49698840.00
2024-10-09,49168110.00,,,,49843718.00
2024-10-10,48894141.00,,,,49813070.00
2024-10-11,48624740.00,,,,49816554.00
2024-10-12,48358444.00,,,,49984243.00
2024-10-13,49351455.00,,,,49998458.00
2024-10-14,49685102.00,,,,50003817.00
2024-10-15,49252979.00,,,,50072691.00
2024-10-16,49293908.00,,,,49981236.00
2024-10-17,49048102.00,,,,49836210.00
2024-10-18,49344471.00,,,,49831196.00
2024-10-19,48498582.00,,,,49935631.00
2024-10-20,48656603.00,,,,49915642.00
2024-10-21,48618175.00,,,,49875767.00
2024-10-22,49218699.00,,,,49744372.00
2024-10-23,48797033.00,,,,49850169.00
2024-10-24,48579435.00,,,,49845245.00
2024-10-25,47322241.00,,,,49840623.00
2024-10-26,47367051.00,,,,49698713.00
2024-10-27,47526477.00,,,,49792437.00
2024-10-28,45471520.00,,,,49790826.00
2024-10-29,45447741.00,,,,49848829.00
2024-10-30,46325441.00,,,,49776115.00
2024-10-31,47025872.00,,,,49839164.00
2024-11-01,46600949.00,,,,49781771.00
2024-11-02,45417229.00,,,,49791868.00
2024-11-03,45340214.00,,,,49797384.00
2024-11-04,44626660.00,,,,49810828.00
2024-11-05,42139737.00,,,,49898780.00
2024-11-06,36299760.00,,,,49928026.00
2024-11-07,36855260.00,,,,50076611.00
2024-11-08,38052250.00,,,,50145956.00
2024-11-09,38035288.00,,,,50074115.00
2024-11-10,38592458.00,,,,50042031.00
2024-11-11,38892249.00,,,,50046367.00
2024-11-12,39772807.00,,,,50238027.00
2024-11-13,40552853.00,,,,50074258.00
2024-11-14,40622062.00,,,,50089069.00
2024-11-15,39732048.00,,,,50048523.00
2024-11-16,39102301.00,,,,50126589.00
2024-11-17,39854588.00,,,,50087601.00
2024-11-18,43197234.00,,,,50008517.00
2024-11-19,40868937.00,,,,50072749.00
2024-11-20,50417870.00,,,,50054938.00
2024-11-21,47124375.00,,,,50069540.00
2024-11-22,46820739.00,,,,50066263.00
2024-11-23,47033831.00,,,,50115587.00
2024-11-24,48861104.00,,,,49985159.00
2024-11-25,49036779.00,,,,49851242.00
2024-11-26,55652994.00,,,,49894585.00
2024-11-27,51295423.00,,,,49798862.00
2024-11-28,50112233.00,,,,49843888.00
2024-11-29,52330464.00,,,,49842916.00
2024-11-30,52711153.00,,,,49950665.00
2024-12-01,54511816.00,,,,49885175.00
2024-12-02,62586205.00,,,,49907629.00
2024-12-03,62428870.00,,,,49900452.00
2024-12-04,61363078.00,,,,49978681.00
2024-12-05,63221304.00,,,,49863905.00
2024-12-06,63303701.00,,,,49893895.00
2024-12-07,61817488.00,,,,49950792.00
2024-12-08,64405452.00,,,,49958425.00
2024-12-09,65516891.00,,,,49900414.00
2024-12-10,64275334.00,,,,49923375.00
2024-12-11,57062952.00,,,,49984246.00
2024-12-12,56245422.00,,,,49917389.00
2024-12-13,57673204.00,,,,49991039.00
2024-12-14,57401203.00,,,,49862384.00
2024-12-15,57371490.00,,,,49915681.00
2024-12-16,56035103.00,,,,49931674.00
2024-12-17,57717255.00,,,,49959904.00
2024-12-18,56846759.00,,,,50108467.00
2024-12-19,55974417.00,,,,50051143.00
2024-12-20,53292058.00,,,,50052470.00
2024-12-21,50207277.00,,,,50072524.00
2024-12-22,51362082.00,,,,50018346.00
2024-12-23,52426172.00,,,,50057836.00
2024-12-24,51096713.00,,,,50090499.00
2024-12-25,53277921.00,,,,50052412.00
2024-12-26,54972170.00,,,,50036890.00
2024-12-27,54972720.00,,,,50102751.00
2024-12-28,53067829.00,,,,50070559.00
2024-12-29,52702234.00,,,,50088474.00
2024-12-30,54858757.00,,,,50107955.00
2024-12-31,52675659.00,,,,50034179.00
2025-01-01,53072827.00,,,,50101002.00
2025-01-02,51693128.00,,,,50081929.00
2025-01-03,53396977.00,,,,50103577.00
2025-01-04,53615293.00,,,,50178019.00
2025-01-05,55290192.00,,,,55179850.00
2025-01-06,54838717.00,,,,55173965.00
2025-01-07,55222888.00,,,,55184849.00
2025-01-08,55349152.00,,,,55133646.00
2025-01-09,52443057.00,,,,55151855.00
2025-01-10,52469085.00,,,,55223992.00
2025-01-11,51013910.00,,,,55256769.00
2025-01-12,51474270.00,,,,55230773.00
2025-01-13,51856469.00,,,,55211819.00
2025-01-14,50774747.00,,,,55217817.00
2025-01-15,50799144.00,,,,55241986.00
2025-01-16,51409054.00,,,,55307227.00
2025-01-17,53621980.00,,,,55215584.00
2025-01-18,53597886.00,,,,55248303.00
2025-01-19,55442893.00,,,,55162264.00
2025-01-20,52347899.00,,,,55184283.00
2025-01-21,50235822.00,,,,55182302.00
2025-01-22,50639035.00,,,,55250850.00
2025-01-23,50349733.00,,,,55138104.00
2025-01-24,49328553.00,,,,55196946.00
2025-01-25,49502758.00,,,,55249055.00
2025-01-26,48922158.00,,,,55195267.00
2025-01-27,49267574.00,,,,55205759.00
2025-01-28,48459554.00,,,,55198237.00
2025-01-29,47769760.00,,,,55092859.00
2025-01-30,46717310.00,,,,55174830.00
2025-01-31,47247528.00,,,,55261787.00
2025-02-01,47672735.00,,,,55190197.00
2025-02-02,47810705.00,,,,55182710.00
2025-02-03,46099522.00,,,,55156693.00
2025-02-04,39995413.00,,,,55244528.00
2025-02-05,40696705.00,,,,55117549.00
2025-02-06,40500406.00,,,,55083548.00
2025-02-07,40295970.00,,,,55108810.00
2025-02-08,39585454.00,,,,55069025.00
2025-02-09,39774920.00,,,,55070593.00
2025-02-10,40510475.00,,,,55104624.00
2025-02-11,40706546.00,,,,55114903.00
2025-02-12,41011242.00,,,,55109409.00
2025-02-13,40251775.00,,,,55128688.00
2025-02-14,41601796.00,,,,55165787.00
2025-02-15,41347513.00,,,,55176791.00
2025-02-16,41641278.00,,,,55016031.00
2025-02-17,41159827.00,,,,55102902.00
2025-02-18,41370089.00,,,,55161394.00
2025-02-19,41071065.00,,,,55118406.00
2025-02-20,40176037.00,,,,55012014.00
2025-02-21,40683068.00,,,,55177806.00
2025-02-22,41137801.00,,,,55076339.00
2025-02-23,40626788.00,,,,55116844.00
2025-02-24,41174191.00,,,,55129690.00
2025-02-25,40503510.00,,,,55073709.00
2025-02-26,38455642.00,,,,55070066.00
2025-02-27,38456610.00,,,,55063112.00
2025-02-28,37389614.00,,,,55085138.00
2025-03-01,37412929.00,,,,55103494.00
2025-03-02,37795612.00,,,,55059328.00
2025-03-03,38021385.00,,,,55046009.00
2025-03-04,40423880.00,,,,55036123.00
2025-03-05,37666012.00,,,,55068972.00
2025-03-06,37645524.00,,,,55062959.00
2025-03-07,38618722.00,,,,55057110.00
2025-03-08,38395043.00,,,,55048251.00
2025-03-09,38329021.00,,,,55033468.00
2025-03-10,37654737.00,,,,55038786.00
2025-03-11,36296081.00,,,,55000901.00
2025-03-12,35263635.00,,,,54987228.00
2025-03-13,36561437.00,,,,54994115.00
2025-03-14,37212097.00,,,,54977839.00
2025-03-15,37411820.00,,,,55058283.00
2025-03-16,38224912.00,,,,55034830.00
2025-03-17,38249726.00,,,,55084869.00
2025-03-18,37853712.00,,,,55011272.00
2025-03-19,38677570.00,,,,54984209.00
2025-03-20,38889137.00,,,,55062152.00
2025-03-21,39334143.00,,,,55074933.00
2025-03-22,39101731.00,,,,55065504.00
2025-03-23,38517747.00,,,,55056373.00
2025-03-24,38849944.00,,,,55091680.00
2025-03-25,38832192.00,,,,55051658.00
2025-03-26,39711294.00,,,,55078190.00
2025-03-27,39937389.00,,,,55073463.00
2025-03-28,32221315.00,,,,55069760.00
2025-03-29,32368604.00,,,,55102110.00
2025-03-30,31193502.00,,,,55059834.00
2025-03-31,30643910.00,,,,55066657.00
2025-04-01,30655628.00,,,,55075712.00
2025-04-02,30656399.00,,,,55088593.00
2025-04-03,30896618.00,,,,55085772.00
2025-04-04,30350983.00,,,,55073431.00
2025-04-05,30596187.00,,,,55080876.00
2025-04-06,30737153.00,,,,55126257.00
2025-04-07,30617752.00,,,,55025037.00
2025-04-08,29007262.00,,,,55034435.00
2025-04-09,29378858.00,,,,54932482.00
2025-04-10,28846194.00,,,,54975105.00
2025-04-11,30814707.00,,,,54948511.00
2025-04-12,29387172.00,,,,54951904.00
2025-04-13,29519787.00,,,,54968936.00
2025-04-14,29826083.00,,,,54960100.00
2025-04-15,28530523.00,,,,54805579.00
2025-04-16,28112384.00,,,,54790824.00
2025-04-17,28592049.00,,,,54816939.00
2025-04-18,28490356.00,,,,54866824.00
2025-04-19,28586130.00,,,,54875383.00
2025-04-20,28676485.00,,,,54877629.00
2025-04-21,28845345.00,,,,54883439.00
2025-04-22,28814497.00,,,,54834694.00
2025-04-23,28820824.00,,,,54886746.00
2025-04-24,29775298.00,,,,54891342.00
2025-04-25,29966502.00,,,,54860126.00
2025-04-26,30306728.00,,,,54902479.00
2025-04-27,30172236.00,,,,54901984.00
2025-04-28,30230251.00,,,,54863561.00
2025-04-29,29642395.00,,,,54941122.00
2025-04-30,29808098.00,,,,54943074.00
2025-05-01,29808669.00,,,,54945880.00
2025-05-02,29732012.00,,,,54950799.00
2025-05-03,30148790.00,,,,54989090.00
2025-05-04,30245395.00,,,,54949389.00
2025-05-05,29848371.00,,,,54993172.00
2025-05-06,29307563.00,,,,54991988.00
2025-05-07,29368623.00,,,,54996720.00
2025-05-08,29411429.00,,,,55000223.00
2025-05-09,29483577.00,,,,54973203.00
2025-05-10,30934362.00,,,,54974865.00
2025-05-11,31842985.00,,,,54976356.00
2025-05-12,33258695.00,,,,54977631.00
2025-05-13,32766113.00,,,,54982188.00
2025-05-14,32833451.00,,,,54992237.00
2025-05-15,33343472.00,,,,54993091.00
2025-05-16,32677579.00,,,,54986429.00
2025-05-17,32085521.00,,,,54988127.00
2025-05-18,31978433.00,,,,54985927.00
2025-05-19,31393121.00,,,,54987978.00
2025-05-20,31736588.00,,,,54999130.00
2025-05-21,31595363.00,,,,55029929.00
2025-05-22,31714324.00,,,,55032137.00
2025-05-23,32261135.00,,,,55010566.00
2025-05-24,32702245.00,,,,55006549.00
2025-05-25,31721871.00,,,,55031680.00
2025-05-26,31526660.00,,,,55007081.00
2025-05-27,31716680.00,,,,55008962.00
2025-05-28,31525397.00,,,,55015507.00
2025-05-29,31849149.00,,,,55014131.00
2025-05-30,32299467.00,,,,55010098.00
2025-05-31,31395530.00,,,,55011679.00
2025-06-01,30172003.00,,,,55015257.00
2025-06-02,31635450.00,,,,55016634.00
2025-06-03,31634159.00,,,,55049460.00
2025-06-04,31920290.00,,,,55094182.00
2025-06-05,32090956.00,,,,55053067.00
2025-06-06,31761288.00,,,,55023480.00
2025-06-07,30817803.00,,,,55075957.00
2025-06-08,31279244.00,,,,55036774.00
2025-06-09,31679813.00,,,,55040161.00
2025-06-10,31703925.00,,,,55040292.00
2025-06-11,32417129.00,,,,55049844.00
2025-06-12,33186915.00,,,,55045416.00
2025-06-13,32872683.00,,,,55040044.00
2025-06-14,32124058.00,,,,55048143.00
2025-06-15,31695362.00,,,,55075030.00
2025-06-16,31344843.00,,,,55076846.00
2025-06-17,31365945.00,,,,55079019.00
2025-06-18,31376639.00,,,,55060693.00
2025-06-19,30928236.00,,,,55083233.00
2025-06-20,30794261.00,,,,55084615.00
2025-06-21,30544317.00,,,,55086867.00
2025-06-22,30197843.00,,,,55062558.00
2025-06-23,29645699.00,,,,54953027.00
2025-06-24,29403597.00,,,,54996763.00
2025-06-25,35390083.00,,,,55023610.00
2025-06-26,35839274.00,,,,55124576.00
2025-06-27,35665852.00,,,,55004594.00
2025-06-28,35446965.00,,,,55072555.00
2025-06-29,35499267.00,,,,55054217.00
2025-06-30,35737576.00,,,,55084377.00
2025-07-01,37569689.00,,,,54153637.00
2025-07-02,37219088.00,,,,53981407.00
2025-07-03,36350570.00,,,,54115730.00
2025-07-04,35587846.00,,,,54119937.00
2025-07-05,36299682.00,,,,54078109.00
2025-07-06,35612627.00,,,,54043174.00
2025-07-07,35501345.00,,,,54171971.00
2025-07-08,35682626.00,,,,54101470.00
2025-07-09,35408218.00,,,,54260278.00
2025-07-10,37235656.00,,,,54231260.00
2025-07-11,38116647.00,,,,54273317.00
2025-07-12,39406752.00,,,,54221664.00
2025-07-13,39522412.00,,,,54305797.00
2025-07-14,40375887.00,,,,54176227.00
2025-07-15,41036344.00,,,,54148733.00
2025-07-16,40910991.00,,,,54225619.00
2025-07-17,41233967.00,,,,54414818.00
2025-07-18,41571119.00,,,,54219962.00
2025-07-19,42062195.00,,,,54139808.00
2025-07-20,42443339.00,,,,54563851.00
2025-07-21,50972396.00,,,,54263329.00
2025-07-22,51306727.00,,,,53928528.00
2025-07-23,49225525.00,,,,54045838.00
2025-07-24,48557832.00,,,,53932714.00
2025-07-25,46172108.00,,,,54208385.00
2025-07-26,45701367.00,,,,54221680.00
2025-07-27,46715566.00,,,,54165873.00
2025-07-28,46630011.00,,,,54164281.00
2025-07-29,46992816.00,,,,53944747.00
2025-07-30,45870551.00,,,,54020842.00
2025-07-31,45130489.00,,,,54218065.00
2025-08-01,44960783.00,,,,53958257.00
2025-08-02,42836075.00,,,,53985304.00
2025-08-03,42523788.00,,,,54009920.00
2025-08-04,41980174.00,,,,53973181.00
2025-08-05,42817892.00,,,,54116004.00
2025-08-06,43592607.00,,,,53892007.00
2025-08-07,42666739.00,,,,54056474.00
2025-08-08,43836609.00,,,,54171250.00
2025-08-09,44863069.00,,,,54150521.00
2025-08-10,43834390.00,,,,54001967.00
2025-08-11,44495472.00,,,,54003227.00
2025-08-12,44344660.00,,,,53933536.00
2025-08-13,43825577.00,,,,54845782.00
2025-08-14,44284492.00,,,,54176399.00
2025-08-15,45080795.00,,,,54045165.00
2025-08-16,42688194.00,,,,54135033.00
2025-08-17,42678392.00,,,,54201046.00
2025-08-18,42656897.00,,,,54001790.00
2025-08-19,42802650.00,,,,54051310.00
2025-08-20,42491265.00,,,,53785012.00
2025-08-21,42033662.00,,,,54215333.00
2025-08-22,42399821.00,,,,53907849.00
2025-08-23,42032294.00,,,,54206601.00
2025-08-24,43056118.00,,,,54006367.00
2025-08-25,42817448.00,,,,54071555.00
2025-08-26,42396042.00,,,,53840485.00
2025-08-27,41900450.00,,,,54140084.00
2025-08-28,42073593.00,,,,54677647.00
2025-08-29,41842330.00,,,,53851356.00
2025-08-30,41875605.00,,,,53933592.00
2025-08-31,41426912.00,,,,53923403.00
2025-09-01,41491491.00,,,,54683779.00
2025-09-02,41201550.00,,,,53675155.00
2025-09-03,41204013.00,,,,54037977.00
2025-09-04,41427187.00,,,,54014111.00
2025-09-05,41490438.00,,,,53844882.00
2025-09-06,41284412.00,,,,54025162.00
2025-09-07,41306614.00,,,,53968937.00
2025-09-08,41113852.00,,,,53928680.00
2025-09-09,41319849.00,,,,53970583.00
2025-09-10,41509650.00,,,,53994722.00
2025-09-11,41214373.00,,,,54049309.00
2025-09-12,41516957.00,,,,54212567.00
2025-09-13,41764066.00,,,,54090940.00
2025-09-14,42219538.00,,,,54190654.00
2025-09-15,42385312.00,,,,54039050.00
2025-09-16,42132425.00,,,,53989099.00
2025-09-17,41933818.00,,,,53996006.00
2025-09-18,41967951.00,,,,54041050.00
2025-09-19,42324950.00,,,,54146342.00
2025-09-20,42311783.00,,,,54046467.00
2025-09-21,41991815.00,,,,54050198.00
2025-09-22,42034442.00,,,,54002301.00
2025-09-23,41692868.00,,,,54025319.00
2025-09-24,41472668.00,,,,54773017.00
2025-09-25,41483357.00,,,,54067011.00
2025-09-26,41433967.00,,,,53922850.00
2025-09-27,40719623.00,,,,54153819.00
2025-09-28,40931635.00,,,,54069070.00
2025-09-29,40790717.00,,,,54182899.00
2025-09-30,40939983.00,,,,54202708.00
2025-10-01,40967332.00,,,,54312995.00
2025-10-02,40966758.00,,,,54152320.00
2025-10-03,41488481.00,,,,54112464.00
2025-10-04,41027300.00,,,,54173755.00
2025-10-05,41448546.00,,,,54022346.00
2025-10-06,40774794.00,,,,53796543.00
2025-10-07,41310963.00,,,,54100046.00
2025-10-08,41453295.00,,,,54263085.00
2025-10-09,40369008.00,,,,54082202.00
2025-10-10,40406468.00,,,,54131659.00
2025-10-11,40398359.00,,,,54155713.00
2025-10-12,36345579.00,,,,53912923.00
2025-10-13,36810201.00,,,,54356078.00
2025-10-14,38318427.00,,,,54477541.00
2025-10-15,39388272.00,,,,54253068.00
2025-10-16,37163036.00,,,,53430264.00
2025-10-17,36347997.00,,,,53250885.00
2025-10-18,36204882.00,,,,53523542.00
2025-10-19,35526012.00,,,,53547704.00
2025-10-20,35685564.00,,,,53579927.00
2025-10-21,35929189.00,,,,53561382.00
2025-10-22,36330068.00,,,,53451762.00
2025-10-23,35797420.00,,,,53357257.00
2025-10-24,35736054.00,,,,53472977.00
2025-10-25,36116159.00,,,,53493967.00
2025-10-26,36473524.00,,,,54136664.00
2025-10-27,36495106.00,,,,53502938.00
2025-10-28,36934472.00,,,,53404321.00
2025-10-29,36398426.00,,,,53402550.00
2025-10-30,36221514.00,,,,53539961.00
2025-10-31,35986955.00,,,,53423121.00
2025-11-01,35313764.00,,,,53458903.00
2025-11-02,35689694.00,,,,53477253.00
2025-11-03,35521638.00,,,,53495374.00
2025-11-04,35614690.00,,,,53146431.00
2025-11-05,34057823.00,,,,53526470.00
2025-11-06,33464128.00,,,,53538751.00
2025-11-07,33896128.00,,,,53465537.00
2025-11-08,35501844.00,,,,53551873.00
2025-11-09,39036026.00,,,,53541971.00
2025-11-10,39358246.00,,,,53474719.00
2025-11-11,36828577.00,,,,53550870.00
2025-11-12,36734277.00,,,,53312540.00
2025-11-13,35744085.00,,,,53604661.00
2025-11-14,35539383.00,,,,53285141.00
2025-11-15,34711292.00,,,,53413927.00
2025-11-16,34413955.00,,,,53537176.00
2025-11-17,34749250.00,,,,53428942.00
2025-11-18,34096023.00,,,,53439900.00
2025-11-19,33336261.00,,,,53572622.00
2025-11-20,36770406.00,,,,53344373.00
2025-11-21,33447010.00,,,,53351440.00
2025-11-22,32338686.00,,,,53344040.00
2025-11-23,32099747.00,,,,53254432.00
2025-11-24,31590899.00,,,,53522290.00
2025-11-25,31978678.00,,,,53745186.00
2025-11-26,31955768.00,,,,53613218.00
2025-11-27,32589042.00,,,,53431344.00
2025-11-28,32506442.00,,,,53547387.00
2025-11-29,32534640.00,,,,53449932.00
2025-11-30,32506020.00,,,,54111869.00
2025-12-01,32096645.00,,,,53457930.00
2025-12-02,31484541.00,,,,53466897.00
2025-12-03,31298259.00,,,,53361964.00
2025-12-04,31979254.00,,,,53562798.00
2025-12-05,32597779.00,,,,53499203.00
2025-12-06,32309511.00,,,,53480028.00
2025-12-07,31703322.00,,,,53569589.00
2025-12-08,31798321.00,,,,54128625.00
2025-12-09,31667490.00,,,,53604884.00
2025-12-10,32163686.00,,,,53395928.00
2025-12-11,32348033.00,,,,53666365.00
2025-12-12,31721331.00,,,,53584699.00
2025-12-13,32267910.00,,,,53683367.00
2025-12-14,33073405.00,,,,54659629.00
2025-12-15,33396702.00,,,,54207122.00
2025-12-16,32483920.00,,,,54200167.00
2025-12-17,31809718.00,,,,54287689.00
2025-12-18,31817681.00,,,,54451643.00
2025-12-19,31166891.00,,,,54258125.00
2025-12-20,30860388.00,,,,54501365.00
2025-12-21,31452847.00,,,,54311642.00
2025-12-22,31808139.00,,,,54362131.00
2025-12-23,31545581.00,,,,54143219.00
2025-12-24,31647456.00,,,,54379802.00
2025-12-25,31522237.00,,,,54439486.00
2025-12-26,31715476.00,,,,54321610.00
2025-12-27,31371052.00,,,,54320039.00
2025-12-28,32302466.00,,,,54298566.00
2025-12-29,32748183.00,,,,54293815.00
2025-12-30,33045662.00,,,,54273693.00
2025-12-31,32823144.00,,,,54548165.00
2026-01-01,33501643.00,,,,54242872.00
2026-01-02,32946442.00,,,,54514427.00
2026-01-03,33540506.00,,,,54431882.00
2026-01-04,37077172.00,,,,54453652.00
2026-01-05,34488747.00,,,,54360578.00
2026-01-06,34672876.00,,,,54354978.00
2026-01-07,35338492.00,,,,54597948.00
2026-01-08,36075538.00,,,,54266874.00
2026-01-09,35115585.00,,,,54304117.00
2026-01-10,35730302.00,,,,54319000.00
2026-01-11,35394373.00,,,,54506222.00
2026-01-12,35398103.00,,,,54191286.00
2026-01-13,34950842.00,,,,54200804.00
2026-01-14,34549662.00,,,,54532028.00
2026-01-15,36154061.00,,,,54409868.00
2026-01-16,33489707.00,,,,52453131.00
2026-01-17,33547807.00,,,,52653630.00
2026-01-18,36862203.00,,,,54053078.00
2026-01-19,36672978.00,,,,54045099.00
2026-01-20,34947881.00,,,,54157127.00
2026-01-21,36064221.00,,,,54020383.00
2026-01-22,34548165.00,,,,54014986.00
2026-01-23,35719314.00,,,,53923907.00
2026-01-24,32982192.00,,,,52517526.00
2026-01-25,35389918.00,,,,54095110.00
2026-01-26,35402549.00,,,,54027188.00
2026-01-27,34578406.00,,,,54131770.00
2026-01-28,34748796.00,,,,54136060.00
2026-01-29,34908925.00,,,,54052007.00
2026-01-30,33072778.00,,,,53824056.00
2026-01-31,32127625.00,,,,53808946.00
2026-02-01,32842123.00,,,,54557953.00
2026-02-02,31549514.00,,,,54528612.00
2026-02-03,33544564.00,,,,54682433.00
2026-02-04,31836343.00,,,,54295023.00
2026-02-05,31499638.00,,,,54342985.00
2026-02-06,31148671.00,,,,54487621.00
2026-02-07,28337283.00,,,,54481929.00
2026-02-08,30043740.00,,,,54400687.00
2026-02-09,29717939.00,,,,54464951.00
2026-02-10,29587724.00,,,,54468898.00
2026-02-11,29484321.00,,,,54454856.00
2026-02-12,29097462.00,,,,54449608.00
2026-02-13,28947697.00,,,,54622636.00
2026-02-14,28940491.00,,,,54580422.00
2026-02-15,29301874.00,,,,54701434.00
2026-02-16,27585455.00,,,,54451628.00
2026-02-17,29082797.00,,,,54542241.00
2026-02-18,29058327.00,,,,54505214.00
2026-02-19,28919886.00,,,,54348114.00
2026-02-20,28412949.00,,,,54527994.00
2026-02-21,28537464.00,,,,54609420.00
2026-02-22,28866522.00,,,,54347986.00
2026-02-23,28734291.00,,,,54371870.00
2026-02-24,28446243.00,,,,54586099.00
2026-02-25,28086239.00,,,,54571281.00
2026-02-26,27889621.00,,,,54417951.00
2026-02-27,29023747.00,,,,54677698.00
2026-02-28,28850493.00,,,,54461628.00
2026-03-01,28559493.00,,,,54777570.00
2026-03-02,28911606.00,,,,54452706.00
2026-03-03,28137868.00,,,,54519620.00
2026-03-04,28390719.00,,,,54674678.00
2026-03-05,28447321.00,,,,54549672.00
2026-03-06,29042040.00,,,,54659336.00
2026-03-07,28791268.00,,,,54645825.00
2026-03-08,28391318.00,,,,54377673.00
2026-03-09,27976249.00,,,,54568097.00
2026-03-10,27910102.00,,,,54449402.00
2026-03-11,27962294.00,,,,54513579.00
2026-03-12,28156241.00,,,,54631210.00
2026-03-13,28294070.00,,,,54527168.00
2026-03-14,28199338.00,,,,54476709.00
2026-03-15,28601791.00,,,,54586393.00
2026-03-16,28751836.00,,,,54654766.00
2026-03-17,29064785.00,,,,54706205.00
2026-03-18,29616760.00,,,,54625930.00
2026-03-19,29464589.00,,,,54735256.00
2026-03-20,29215177.00,,,,54622731.00
2026-03-21,29096479.00,,,,54527673.00
2026-03-22,29420049.00,,,,54577517.00
2026-03-23,29068500.00,,,,54491237.00
2026-03-24,28595901.00,,,,54537922.00
2026-03-25,29019626.00,,,,54634859.00
2026-03-26,29385069.00,,,,54531323.00
2026-03-27,28899345.00,,,,54319308.00
2026-03-28,28406813.00,,,,54528667.00
2026-03-29,27734027.00,,,,54472852.00
2026-03-30,29627472.00,,,,54574731.00
2026-03-31,27390581.00,,,,54592193.00
2026-04-01,27718551.00,,,,54528540.00
2026-04-02,27874217.00,,,,54606474.00
2026-04-03,27786171.00,,,,54608135.00
2026-04-04,27568123.00,,,,54407531.00
2026-04-05,27784174.00,,,,54588829.00
2026-04-06,27813604.00,,,,54570379.00
2026-04-07,27683517.00,,,,54390336.00
2026-04-08,27704978.00,,,,54663815.00
2026-04-09,28288458.00,,,,54454891.00
2026-04-10,28088425.00,,,,54647352.00
2026-04-11,28183948.00,,,,54586119.00
2026-04-12,28439490.00,,,,54519008.00
2026-04-13,28326356.00,,,,54442739.00
2026-04-14,27857271.00,,,,54825708.00
2026-04-15,30493152.00,,,,54576070.00
2026-04-16,28193113.00,,,,54705461.00
2026-04-17,28707094.00,,,,54754000.00
2026-04-18,29197380.00,,,,54660853.00
2026-04-19,29331174.00,,,,54614199.00
2026-04-20,28887463.00,,,,54570970.00
2026-04-21,28448023.00,,,,54693477.00
2026-04-22,28931132.00,,,,54678310.00
2026-04-23,28856937.00,,,,54560155.00
2026-04-24,29230416.00,,,,54760843.00
2026-04-25,29322874.00,,,,54650668.00
2026-04-26,29217210.00,,,,54677056.00
2026-04-27,29092499.00,,,,54707070.00
2026-04-28,29216020.00,,,,54884596.00
2026-04-29,29624246.00,,,,54612440.00
2026-04-30,29937288.00,,,,54690981.00
2026-05-01,29461224.00,,,,54478325.00
2026-05-02,29260259.00,,,,54683985.00
2026-05-03,29510436.00,,,,55459525.00
2026-05-04,29463534.00,,,,54546091.00
2026-05-05,29403635.00,,,,54618220.00
2026-05-06,29549866.00,,,,54814870.00
2026-05-07,29931169.00,,,,54684944.00
2026-05-08,30378521.00,,,,54605060.00
2026-05-09,30043885.00,,,,54790717.00
2026-05-10,30668967.00,,,,54624924.00
2026-05-11,30405222.00,,,,54726503.00
2026-05-12,30927384.00,,,,54728754.00
2026-05-13,30742914.00,,,,54675760.00
2026-05-14,30300292.00,,,,54709431.00
2026-05-15,30004176.00,,,,54679130.00
2026-05-16,30195752.00,,,,54535659.00
2026-05-17,29666711.00,,,,54599586.00
2026-05-18,29282947.00,,,,54534854.00
2026-05-19,27997153.00,,,,54555521.00
2026-05-20,28039093.00,,,,54504634.00
2026-05-21,27902639.00,,,,54547364.00
2026-05-22,28193150.00,,,,54488703.00
2026-05-23,28419580.00,,,,54413548.00
2026-05-24,27874963.00,,,,54524683.00
2026-05-25,28248927.00,,,,54608991.00
2026-05-26,27957469.00,,,,54406899.00
2026-05-27,27938917.00,,,,54553783.00
2026-05-28,29605492.00,,,,54500269.00
2026-05-29,27285014.00,,,,54679320.00
2026-05-30,26990544.00,,,,54487230.00
2026-05-31,26619250.00,,,,54423682.00
2026-06-01,27381404.00,,,,54555110.00
2026-06-02,26214903.00,,,,54547685.00
2026-06-03,25695880.00,,,,54527425.00
2026-06-04,24915341.00,,,,54449808.00
2026-06-05,24790353.00,,,,54456535.00
2026-06-06,24292886.00,,,,54537039.00
2026-06-07,22544741.00,,,,54645265.00
2026-06-08,22396937.00,,,,54452013.00
2026-06-09,22494196.00,,,,54620146.00
2026-06-10,22440449.00,,,,54803870.00
2026-06-11,24250520.00,,,,54816358.00
2026-06-12,21860207.00,,,,54712602.00
2026-06-13,23358154.00,,,,54646141.00
2026-06-14,22110581.00,,,,54862137.00
2026-06-15,22236298.00,,,,54834902.00
2026-06-16,22289958.00,,,,54677257.00
2026-06-17,22361743.00,,,,54981105.00
2026-06-18,22466517.00,,,,54821301.00
2026-06-19,22360068.00,,,,54738361.00
2026-06-20,21932194.00,,,,54930068.00
2026-06-21,22315790.00,,,,54775859.00
2026-06-22,22123640.00,,,,54653956.00
2026-06-23,21905200.00,,,,54635145.00
2026-06-24,21885422.00,,,,54767877.00
2026-06-25,21684250.00,,,,54835250.00
2026-06-26,21424970.00,,,,54667791.00
2026-06-27,21311663.00,,,,54805202.00
2026-06-28,21295936.00,,,,54603435.00
2026-06-29,21243304.00,,,,54610721.00
2026-06-30,21205309.00,,,,54706250.00
2026-07-01,21114523.00,,,,54504389.00
2026-07-02,20857255.00,,,,54714090.00
2026-07-03,21113738.00,,,,54746254.00
2026-07-04,21300737.00,,,,54950010.00
2026-07-05,22144745.00,,,,54608044.00
2026-07-06,21942020.00,,,,54778528.00
2026-07-07,22333199.00,,,,54732946.00
2026-07-08,22217009.00,,,,54687558.00
2026-07-09,22397941.00,,,,54696691.00
2026-07-10,21845744.00,,,,54996859.00
2026-07-11,21535076.00,,,,54988202.00
2026-07-12,21540110.00,,,,55004030.00
