time,liq_long_usd,liq_short_usd
2026-04-19 07:00:00,0.00,35.19
2026-04-19 08:00:00,0.00,628.21
2026-04-19 09:00:00,0.00,35.29
2026-04-19 11:00:00,0.00,6.52
2026-04-19 12:00:00,0.00,12.52
2026-04-19 17:00:00,0.00,324.46
2026-04-19 18:00:00,0.00,95.15
2026-04-19 19:00:00,0.00,3263.78
2026-04-19 22:00:00,0.00,1482.30
2026-04-20 07:00:00,0.00,0.21
2026-04-20 08:00:00,0.00,15.58
2026-04-20 10:00:00,0.00,11.01
2026-04-20 11:00:00,0.00,2435.84
2026-04-20 15:00:00,0.00,77.73
2026-04-21 02:00:00,0.00,12.73
2026-04-21 03:00:00,0.00,125.81
2026-04-21 05:00:00,0.00,1481.11
2026-04-21 08:00:00,0.00,257.38
2026-04-21 11:00:00,0.00,30.07
2026-04-21 15:00:00,0.00,1223.84
2026-04-21 16:00:00,0.00,10.24
2026-04-21 17:00:00,0.00,19.66
2026-04-21 18:00:00,0.00,4812.29
2026-04-21 19:00:00,0.00,668.13
2026-04-21 21:00:00,0.00,165.24
2026-04-21 22:00:00,0.00,321.30
2026-04-21 23:00:00,0.00,2514.18
2026-04-22 03:00:00,0.00,105.45
2026-04-22 05:00:00,0.00,6111.68
2026-04-22 06:00:00,0.00,43.75
2026-04-22 08:00:00,0.00,2038.77
2026-04-22 09:00:00,0.00,4721.14
2026-04-22 10:00:00,0.00,36.23
2026-04-22 11:00:00,0.00,89.31
2026-04-22 12:00:00,0.00,67.68
2026-04-22 13:00:00,0.00,2204.58
2026-04-22 14:00:00,0.00,532.70
2026-04-22 15:00:00,0.00,1669.60
2026-04-22 16:00:00,0.00,574.51
2026-04-22 17:00:00,0.00,79046.32
2026-04-22 18:00:00,0.00,155415.44
2026-04-22 19:00:00,0.00,127220.85
2026-04-22 20:00:00,0.00,40872.93
2026-04-22 21:00:00,0.00,30682.37
2026-04-22 22:00:00,0.00,109594.76
2026-04-22 23:00:00,0.00,46366.79
2026-04-23 00:00:00,0.00,22680.58
2026-04-23 01:00:00,0.00,14968.55
2026-04-23 02:00:00,0.00,19496.45
2026-04-23 03:00:00,0.00,33934.49
2026-04-23 04:00:00,0.00,8462.00
2026-04-23 05:00:00,0.00,475.18
2026-04-23 06:00:00,0.00,10327.56
2026-04-23 07:00:00,0.00,38.07
2026-04-23 08:00:00,0.00,7906.57
2026-04-23 09:00:00,0.00,2581.07
2026-04-23 10:00:00,0.00,2355.43
2026-04-23 11:00:00,0.00,2846.51
2026-04-23 12:00:00,0.00,7739.88
2026-04-23 13:00:00,0.00,1235.64
2026-04-23 14:00:00,0.00,754.49
2026-04-23 15:00:00,0.00,34131.40
2026-04-23 16:00:00,0.00,5132.82
2026-04-23 17:00:00,0.00,1534.33
2026-04-24 14:00:00,0.00,84.64
2026-04-24 15:00:00,0.00,149.16
2026-04-24 19:00:00,0.00,2501.38
2026-04-24 20:00:00,0.00,54.03
2026-04-24 21:00:00,0.00,4.34
2026-04-24 22:00:00,0.00,4111.37
2026-04-24 23:00:00,0.00,1.45
2026-04-25 01:00:00,0.00,4864.18
2026-04-25 04:00:00,0.00,61.55
2026-04-25 05:00:00,0.00,36.03
2026-04-25 07:00:00,0.00,165.39
2026-04-25 10:00:00,0.00,253.38
2026-04-25 11:00:00,0.00,5.59
2026-04-25 14:00:00,0.00,208.62
2026-04-25 15:00:00,0.00,3980.94
2026-04-25 16:00:00,0.00,6304.84
2026-04-25 17:00:00,0.00,728.78
2026-04-25 19:00:00,0.00,391.03
2026-04-25 20:00:00,0.00,5.44
2026-04-26 00:00:00,0.00,13.55
2026-04-26 02:00:00,1227.81,9.58
2026-04-26 03:00:00,162.19,122.27
2026-04-26 04:00:00,0.34,0.00
2026-04-26 05:00:00,699.33,0.00
2026-04-26 06:00:00,0.00,131.14
2026-04-26 07:00:00,0.00,22.15
2026-04-26 08:00:00,0.00,741.53
2026-04-26 09:00:00,0.00,2265.60
2026-04-26 10:00:00,379.49,0.00
2026-04-26 11:00:00,0.00,80.27
2026-04-26 12:00:00,104.07,0.00
2026-04-26 15:00:00,0.00,1056.96
2026-04-26 17:00:00,0.00,85.00
2026-04-26 19:00:00,0.00,858.48
2026-04-26 20:00:00,0.00,25285.62
2026-04-26 21:00:00,2494.54,0.00
2026-04-26 22:00:00,0.00,596.12
2026-04-26 23:00:00,0.00,37.88
2026-04-27 00:00:00,0.00,5.82
2026-04-27 01:00:00,0.00,857.96
2026-04-27 02:00:00,0.00,2891.57
2026-04-27 03:00:00,0.00,115.46
2026-04-27 04:00:00,0.00,388.98
2026-04-27 05:00:00,5290.25,0.00
2026-04-27 06:00:00,0.00,2798.72
2026-04-27 07:00:00,0.00,784.20
2026-04-27 08:00:00,0.00,102.16
2026-04-27 09:00:00,0.00,0.05
2026-04-27 10:00:00,5.37,0.00
2026-04-27 12:00:00,0.00,25.74
2026-04-27 13:00:00,89.27,0.00
2026-04-27 14:00:00,0.00,112.10
2026-04-27 15:00:00,0.00,318.01
2026-04-27 16:00:00,0.00,20.38
2026-04-27 17:00:00,0.00,294.00
2026-04-27 18:00:00,0.00,1820.84
2026-04-27 19:00:00,832.09,0.00
2026-04-27 21:00:00,14.56,0.00
2026-04-27 23:00:00,4974.25,0.00
2026-04-28 05:00:00,0.00,1070.72
2026-04-28 07:00:00,0.00,278.05
2026-04-28 08:00:00,0.00,6.56
2026-04-28 09:00:00,0.00,85.78
2026-04-28 10:00:00,0.00,1382.01
2026-04-28 11:00:00,0.00,2611.47
2026-04-28 12:00:00,0.00,789.41
2026-04-28 13:00:00,24.32,0.00
2026-04-28 14:00:00,0.00,6286.93
2026-04-28 15:00:00,0.00,158.13
2026-04-28 16:00:00,0.00,53.74
2026-04-28 17:00:00,0.00,5560.82
2026-04-28 18:00:00,0.00,241.41
2026-04-28 19:00:00,505.01,0.00
2026-04-28 20:00:00,49.48,0.00
2026-04-28 21:00:00,72.21,0.00
2026-04-28 22:00:00,8.65,0.00
2026-04-28 23:00:00,0.00,17.88
2026-04-29 00:00:00,435.08,0.00
2026-04-29 01:00:00,0.00,19.91
2026-04-29 02:00:00,0.00,1774.83
2026-04-29 03:00:00,3437.51,0.00
2026-04-29 05:00:00,0.00,5665.90
2026-04-29 06:00:00,0.00,428.79
2026-04-29 07:00:00,529.73,0.00
2026-04-29 08:00:00,0.00,6.07
2026-04-29 09:00:00,0.00,631.92
2026-04-29 10:00:00,0.00,5394.76
2026-04-29 11:00:00,0.00,2131.80
2026-04-29 12:00:00,0.00,22391.87
2026-04-29 13:00:00,0.00,7275.90
2026-04-29 14:00:00,0.00,15321.95
2026-04-29 15:00:00,0.00,25313.94
2026-04-29 16:00:00,0.00,2024.17
2026-04-29 17:00:00,0.00,7219.73
2026-04-29 18:00:00,0.00,18406.64
2026-04-29 19:00:00,0.00,5516.50
2026-04-29 20:00:00,0.00,5262.54
2026-04-29 21:00:00,0.00,2134.63
2026-04-29 22:00:00,0.00,976.13
2026-04-29 23:00:00,0.00,4297.13
2026-04-30 00:00:00,0.00,320.64
2026-04-30 01:00:00,0.00,11619.69
2026-04-30 02:00:00,0.00,3118.79
2026-04-30 03:00:00,0.00,7746.58
2026-04-30 04:00:00,0.00,10417.83
2026-04-30 05:00:00,0.00,8293.59
2026-04-30 06:00:00,0.00,1625.77
2026-04-30 07:00:00,0.00,1553.53
2026-04-30 08:00:00,0.00,5980.63
2026-04-30 09:00:00,0.00,2138.20
2026-04-30 10:00:00,0.00,40590.00
2026-04-30 11:00:00,0.00,37388.85
2026-04-30 12:00:00,0.00,30866.39
2026-04-30 13:00:00,0.00,18122.09
2026-04-30 14:00:00,0.00,88915.17
2026-04-30 15:00:00,0.00,12786.01
2026-04-30 16:00:00,0.00,3487.65
2026-04-30 17:00:00,0.00,4126.16
2026-04-30 18:00:00,0.00,8741.47
2026-04-30 19:00:00,0.00,615.59
2026-04-30 20:00:00,0.00,4348.24
2026-04-30 21:00:00,0.00,4734.86
2026-04-30 22:00:00,0.00,117.63
2026-04-30 23:00:00,0.00,5013.69
2026-05-01 00:00:00,0.00,102.87
2026-05-01 01:00:00,0.00,638.38
2026-05-01 02:00:00,0.00,19413.17
2026-05-01 03:00:00,0.00,8252.29
2026-05-01 04:00:00,0.00,1019.35
2026-05-01 05:00:00,0.00,2701.92
2026-05-01 06:00:00,0.00,9256.04
2026-05-01 07:00:00,0.00,4588.11
2026-05-01 08:00:00,0.00,14662.35
2026-05-01 09:00:00,0.00,100215.17
2026-05-01 10:00:00,0.00,85625.05
2026-05-01 11:00:00,0.00,362327.46
2026-05-01 12:00:00,0.00,95984.64
2026-05-01 13:00:00,0.00,140288.05
2026-05-01 14:00:00,0.00,68136.14
2026-05-01 15:00:00,0.00,213732.65
2026-05-01 16:00:00,0.00,121040.24
2026-05-01 17:00:00,0.00,76759.11
2026-05-01 18:00:00,0.00,111940.02
2026-05-01 19:00:00,0.00,75653.68
2026-05-01 20:00:00,0.00,121850.97
2026-05-01 21:00:00,0.00,187945.93
2026-05-01 22:00:00,0.00,298481.69
2026-05-01 23:00:00,0.00,49485.69
2026-05-02 00:00:00,0.00,104367.88
2026-05-02 01:00:00,0.00,43712.36
2026-05-02 02:00:00,0.00,51853.08
2026-05-02 03:00:00,0.00,116600.21
2026-05-02 04:00:00,0.00,154395.91
2026-05-02 05:00:00,0.00,96457.47
2026-05-02 06:00:00,0.00,90029.46
2026-05-02 07:00:00,0.00,55831.75
2026-05-02 08:00:00,0.00,35156.56
2026-05-02 09:00:00,0.00,21354.69
2026-05-02 10:00:00,0.00,83771.32
2026-05-02 11:00:00,0.00,32291.65
2026-05-02 12:00:00,0.00,66855.69
2026-05-02 13:00:00,0.00,110499.30
2026-05-02 14:00:00,0.00,72203.25
2026-05-02 15:00:00,0.00,207195.27
2026-05-02 16:00:00,0.00,75827.82
2026-05-02 17:00:00,0.00,141187.57
2026-05-02 18:00:00,0.00,43004.57
2026-05-02 19:00:00,0.00,119141.62
2026-05-02 20:00:00,0.00,34567.56
2026-05-02 21:00:00,0.00,21002.46
2026-05-02 22:00:00,0.00,183965.97
2026-05-02 23:00:00,0.00,1335.32
2026-05-03 00:00:00,0.00,2165.55
2026-05-03 01:00:00,0.00,3102.84
2026-05-03 02:00:00,0.00,5775.01
2026-05-03 03:00:00,0.00,28021.17
2026-05-03 04:00:00,0.00,11994.14
2026-05-03 05:00:00,0.00,454.95
2026-05-03 06:00:00,0.00,28435.24
2026-05-03 07:00:00,0.00,1374.26
2026-05-03 08:00:00,0.00,25885.54
2026-05-03 09:00:00,0.00,18588.35
2026-05-03 10:00:00,0.00,25506.60
2026-05-03 11:00:00,0.00,9389.82
2026-05-03 12:00:00,0.00,4556.75
2026-05-03 13:00:00,0.00,15226.46
2026-05-03 14:00:00,0.00,44113.81
2026-05-03 15:00:00,0.00,36454.42
2026-05-03 16:00:00,0.00,5204.04
2026-05-03 17:00:00,0.00,5107.42
2026-05-03 18:00:00,0.00,5872.00
2026-05-03 19:00:00,0.00,13515.49
2026-05-03 20:00:00,0.00,4866.59
2026-05-03 21:00:00,0.00,11451.96
2026-05-03 22:00:00,0.00,15296.02
2026-05-03 23:00:00,0.00,901.20
2026-05-04 00:00:00,0.00,431.62
2026-05-04 01:00:00,0.00,11790.33
2026-05-04 02:00:00,0.00,19908.78
2026-05-04 03:00:00,0.00,19016.54
2026-05-04 04:00:00,0.00,5533.89
2026-05-04 05:00:00,0.00,48825.70
2026-05-04 06:00:00,0.00,4587.30
2026-05-04 07:00:00,0.00,1880.07
2026-05-04 08:00:00,0.00,6281.35
2026-05-04 09:00:00,0.00,9710.02
2026-05-04 10:00:00,0.00,10414.39
2026-05-04 11:00:00,0.00,4819.03
2026-05-04 12:00:00,0.00,3231.62
2026-05-04 13:00:00,0.00,17515.83
2026-05-04 14:00:00,0.00,6874.22
2026-05-04 15:00:00,0.00,27539.85
2026-05-04 16:00:00,0.00,7178.98
2026-05-04 17:00:00,0.00,10543.32
2026-05-04 18:00:00,0.00,914.62
2026-05-04 19:00:00,0.00,221.75
2026-05-04 20:00:00,0.00,871.53
2026-05-04 21:00:00,0.00,1059.23
2026-05-04 22:00:00,0.00,418.95
2026-05-04 23:00:00,0.00,100.23
2026-05-05 00:00:00,0.00,31.69
2026-05-05 01:00:00,0.00,6409.75
2026-05-05 02:00:00,0.00,16093.83
2026-05-05 03:00:00,0.00,91.75
2026-05-05 04:00:00,1086.01,0.00
2026-05-05 05:00:00,0.00,790.37
2026-05-05 06:00:00,0.00,5.01
2026-05-05 07:00:00,458.76,0.00
2026-05-05 08:00:00,0.00,2035.78
2026-05-05 09:00:00,0.00,25505.95
2026-05-05 10:00:00,0.00,2499.05
2026-05-05 11:00:00,0.00,6093.63
2026-05-05 12:00:00,0.00,15544.44
2026-05-05 13:00:00,0.00,29984.76
2026-05-05 14:00:00,0.00,7481.49
2026-05-05 15:00:00,0.00,504.61
2026-05-05 16:00:00,0.00,15962.14
2026-05-05 17:00:00,0.00,2178.23
2026-05-05 18:00:00,609.10,0.00
2026-05-05 19:00:00,902.16,0.00
2026-05-05 20:00:00,0.00,19.94
2026-05-05 21:00:00,0.00,237.53
2026-05-05 22:00:00,0.00,8663.16
2026-05-05 23:00:00,0.00,1693.86
2026-05-06 00:00:00,0.00,1415.44
2026-05-06 01:00:00,0.00,1543.09
2026-05-06 02:00:00,485.05,0.00
2026-05-06 03:00:00,0.00,1194.89
2026-05-06 04:00:00,0.00,65.67
2026-05-06 05:00:00,0.00,2062.28
2026-05-06 06:00:00,0.00,973.90
2026-05-06 07:00:00,0.00,328.09
2026-05-06 08:00:00,0.00,1432.03
2026-05-06 09:00:00,0.00,833.62
2026-05-06 10:00:00,0.00,1343.53
2026-05-06 11:00:00,4075.19,0.00
2026-05-06 12:00:00,0.00,5239.16
2026-05-06 13:00:00,0.00,3652.19
2026-05-06 14:00:00,0.00,913.91
2026-05-06 15:00:00,0.00,783.22
2026-05-06 16:00:00,0.00,8008.66
2026-05-06 17:00:00,0.00,5151.01
2026-05-06 18:00:00,0.00,2861.25
2026-05-06 19:00:00,0.00,286.01
2026-05-06 20:00:00,0.00,2989.31
2026-05-06 21:00:00,0.00,6410.70
2026-05-06 22:00:00,0.00,15769.19
2026-05-06 23:00:00,0.00,86.06
2026-05-07 00:00:00,0.00,1597.85
2026-05-07 01:00:00,0.00,677.29
2026-05-07 02:00:00,0.00,6079.78
2026-05-07 03:00:00,1214.19,0.00
2026-05-07 04:00:00,0.00,742.69
2026-05-07 05:00:00,0.00,25.70
2026-05-07 06:00:00,1365.29,0.00
2026-05-07 07:00:00,0.00,15.02
2026-05-07 08:00:00,2074.40,0.00
2026-05-07 09:00:00,0.00,870.76
2026-05-07 10:00:00,62.62,0.00
2026-05-07 11:00:00,0.00,473.72
2026-05-07 12:00:00,0.00,12.82
2026-05-07 13:00:00,0.00,141.84
2026-05-07 14:00:00,0.00,31.41
2026-05-07 15:00:00,0.00,1370.52
2026-05-07 16:00:00,0.00,60.00
2026-05-07 17:00:00,6094.45,0.00
2026-05-07 18:00:00,0.00,511.60
2026-05-07 19:00:00,0.00,8.04
2026-05-07 20:00:00,0.00,9.92
2026-05-07 22:00:00,0.00,207.62
2026-05-07 23:00:00,871.75,0.00
2026-05-08 00:00:00,0.00,6.98
2026-05-08 01:00:00,0.00,357.81
2026-05-08 02:00:00,0.00,4909.48
2026-05-08 03:00:00,0.00,2182.84
2026-05-08 04:00:00,111.89,0.00
2026-05-08 05:00:00,0.00,5.83
2026-05-08 06:00:00,0.00,8.40
2026-05-08 07:00:00,0.00,22060.96
2026-05-08 08:00:00,0.00,6.12
2026-05-08 09:00:00,0.00,905.28
2026-05-08 10:00:00,692.59,0.00
2026-05-08 11:00:00,0.00,15735.97
2026-05-08 12:00:00,2290.52,0.00
2026-05-08 13:00:00,0.00,11857.34
2026-05-08 14:00:00,0.00,138.71
2026-05-08 15:00:00,0.00,80.29
2026-05-08 16:00:00,0.00,436.57
2026-05-08 17:00:00,1034.20,0.00
2026-05-08 18:00:00,0.00,103.31
2026-05-08 19:00:00,721.28,0.00
2026-05-08 20:00:00,124.43,0.00
2026-05-08 21:00:00,125.97,0.00
2026-05-08 22:00:00,9216.88,0.00
2026-05-08 23:00:00,0.00,209.78
2026-05-09 00:00:00,0.00,574.81
2026-05-09 01:00:00,0.00,213.20
2026-05-09 02:00:00,0.00,10072.54
2026-05-09 03:00:00,0.00,111.63
2026-05-09 04:00:00,0.00,223.03
2026-05-09 05:00:00,81.92,0.00
2026-05-09 06:00:00,2064.95,0.00
2026-05-09 07:00:00,0.00,890.95
2026-05-09 08:00:00,0.00,53.00
2026-05-09 10:00:00,4774.12,0.00
2026-05-09 11:00:00,0.00,465.91
2026-05-09 12:00:00,3608.60,0.00
2026-05-09 13:00:00,0.00,498.49
2026-05-09 14:00:00,56958.19,0.00
2026-05-09 15:00:00,0.00,48066.20
2026-05-09 16:00:00,0.00,4378.98
2026-05-09 17:00:00,0.00,5812.88
2026-05-09 18:00:00,0.00,8570.42
2026-05-09 19:00:00,0.00,6961.73
2026-05-09 20:00:00,0.00,17.60
2026-05-09 21:00:00,0.00,3877.78
2026-05-09 22:00:00,1848.37,0.00
2026-05-09 23:00:00,0.00,268.69
2026-05-10 00:00:00,0.00,499.87
2026-05-10 01:00:00,0.00,258.73
2026-05-10 02:00:00,0.00,93.15
2026-05-10 03:00:00,0.00,2577.45
2026-05-10 04:00:00,0.00,233.20
2026-05-10 05:00:00,0.00,5578.45
2026-05-10 06:00:00,0.00,1417.75
2026-05-10 07:00:00,0.00,3844.57
2026-05-10 08:00:00,0.00,155.07
2026-05-10 09:00:00,13.95,0.00
2026-05-10 10:00:00,0.00,19189.10
2026-05-10 11:00:00,0.00,855.69
2026-05-10 12:00:00,532.96,0.00
2026-05-10 13:00:00,0.00,8945.95
2026-05-10 14:00:00,0.00,3646.62
2026-05-10 15:00:00,0.00,737.47
2026-05-10 16:00:00,0.00,9022.82
2026-05-10 17:00:00,0.00,10831.73
2026-05-10 18:00:00,0.00,685.89
2026-05-10 19:00:00,0.00,250.31
2026-05-10 20:00:00,0.00,19.57
2026-05-10 21:00:00,4885.26,0.00
2026-05-10 22:00:00,0.00,535.43
2026-05-10 23:00:00,0.00,490.53
2026-05-11 00:00:00,0.00,7.76
2026-05-11 01:00:00,0.00,8.89
2026-05-11 02:00:00,116.51,0.00
2026-05-11 03:00:00,0.00,4100.06
2026-05-11 04:00:00,1491.88,0.00
2026-05-11 05:00:00,0.00,1813.46
2026-05-11 06:00:00,0.00,56.46
2026-05-11 07:00:00,0.00,31840.85
2026-05-11 08:00:00,0.00,108.34
2026-05-11 09:00:00,0.00,21997.40
2026-05-11 10:00:00,0.00,16564.00
2026-05-11 11:00:00,0.00,6806.27
2026-05-11 12:00:00,0.00,6585.23
2026-05-11 13:00:00,0.00,16589.55
2026-05-11 14:00:00,0.00,7129.86
2026-05-11 15:00:00,0.00,7963.40
2026-05-11 16:00:00,0.00,23001.83
2026-05-11 17:00:00,0.00,4628.94
2026-05-11 18:00:00,0.00,1063.88
2026-05-11 19:00:00,0.00,51145.27
2026-05-11 20:00:00,0.00,168.71
2026-05-11 21:00:00,0.00,5114.83
2026-05-11 22:00:00,0.00,3002.21
2026-05-11 23:00:00,88.35,0.00
2026-05-12 00:00:00,0.00,59.86
2026-05-12 01:00:00,0.00,996.88
2026-05-12 02:00:00,0.00,3146.31
2026-05-12 03:00:00,0.00,5388.17
2026-05-12 04:00:00,0.00,682.22
2026-05-12 05:00:00,0.00,7901.07
2026-05-12 06:00:00,0.00,5194.44
2026-05-12 07:00:00,0.00,749.18
2026-05-12 08:00:00,0.00,914.80
2026-05-12 09:00:00,0.00,2593.40
2026-05-12 10:00:00,0.00,13030.60
2026-05-12 11:00:00,0.00,2231.85
2026-05-12 12:00:00,0.00,21881.41
2026-05-12 13:00:00,0.00,11690.27
2026-05-12 14:00:00,0.00,3597.48
2026-05-12 15:00:00,0.00,6410.43
2026-05-12 16:00:00,0.00,5239.40
2026-05-12 17:00:00,0.00,331.99
2026-05-12 18:00:00,0.00,2801.04
2026-05-12 19:00:00,0.00,5139.09
2026-05-12 20:00:00,0.00,107.62
2026-05-12 21:00:00,0.00,3611.51
2026-05-12 22:00:00,0.00,664.12
2026-05-12 23:00:00,0.00,1357.89
2026-05-13 00:00:00,0.00,11927.77
2026-05-13 01:00:00,0.00,1788.75
2026-05-13 02:00:00,0.00,14473.53
2026-05-13 03:00:00,0.00,18375.16
2026-05-13 04:00:00,0.00,2405.26
2026-05-13 05:00:00,0.00,5954.98
2026-05-13 06:00:00,0.00,1232.04
2026-05-13 07:00:00,0.00,13634.50
2026-05-13 08:00:00,0.00,12640.21
2026-05-13 09:00:00,0.00,154585.72
2026-05-13 10:00:00,0.00,76984.73
2026-05-13 11:00:00,0.00,27447.93
2026-05-13 12:00:00,0.00,71646.58
2026-05-13 13:00:00,0.00,19262.67
2026-05-13 14:00:00,0.00,14792.20
2026-05-13 15:00:00,0.00,7873.90
2026-05-13 16:00:00,0.00,1556.50
2026-05-13 17:00:00,0.00,21815.06
2026-05-13 18:00:00,0.00,9098.47
2026-05-13 19:00:00,0.00,13092.25
2026-05-13 20:00:00,0.00,560.15
2026-05-13 21:00:00,0.00,733.14
2026-05-13 22:00:00,0.00,846.55
2026-05-13 23:00:00,0.00,6296.57
2026-05-14 00:00:00,0.00,3677.08
2026-05-14 01:00:00,0.00,107747.30
2026-05-14 02:00:00,0.00,29766.86
2026-05-14 03:00:00,0.00,42013.74
2026-05-14 04:00:00,0.00,21084.47
2026-05-14 05:00:00,0.00,8850.96
2026-05-14 06:00:00,0.00,7088.11
2026-05-14 07:00:00,0.00,1775.82
2026-05-14 08:00:00,0.00,4058.02
2026-05-14 09:00:00,0.00,6029.37
2026-05-14 10:00:00,0.00,18443.52
2026-05-14 11:00:00,0.00,11193.54
2026-05-14 12:00:00,0.00,17315.56
2026-05-14 13:00:00,0.00,18074.05
2026-05-14 14:00:00,0.00,3576.50
2026-05-14 15:00:00,0.00,17827.19
2026-05-14 16:00:00,0.00,6975.87
2026-05-14 17:00:00,0.00,48042.43
2026-05-14 18:00:00,0.00,26230.46
2026-05-14 19:00:00,0.00,4033.94
2026-05-14 20:00:00,0.00,371.51
2026-05-14 21:00:00,0.00,254.43
2026-05-14 22:00:00,0.00,2504.99
2026-05-14 23:00:00,0.00,3954.21
2026-05-15 01:00:00,0.00,13993.40
2026-05-15 02:00:00,0.00,20256.27
2026-05-15 03:00:00,0.00,7002.79
2026-05-15 04:00:00,0.00,15115.09
2026-05-15 05:00:00,0.00,2995.49
2026-05-15 06:00:00,0.00,6878.62
2026-05-15 07:00:00,0.00,36061.48
2026-05-15 08:00:00,0.00,1242.01
2026-05-15 09:00:00,0.00,7397.43
2026-05-15 10:00:00,0.00,18861.90
2026-05-15 11:00:00,0.00,3812.16
2026-05-15 12:00:00,0.00,629.19
2026-05-15 13:00:00,0.00,1831.46
2026-05-15 14:00:00,0.00,2892.16
2026-05-15 15:00:00,0.00,15600.65
2026-05-15 16:00:00,0.00,535.95
2026-05-15 17:00:00,0.00,2643.15
2026-05-15 18:00:00,0.00,3868.05
2026-05-15 19:00:00,0.00,12135.43
2026-05-15 20:00:00,0.00,27.57
2026-05-15 21:00:00,0.00,8831.65
2026-05-15 22:00:00,0.00,48510.80
2026-05-15 23:00:00,0.00,3118.42
2026-05-16 00:00:00,0.00,1527.22
2026-05-16 01:00:00,0.00,10487.44
2026-05-16 02:00:00,0.00,6935.71
2026-05-16 03:00:00,0.00,15350.74
2026-05-16 04:00:00,8456.27,0.00
2026-05-16 05:00:00,0.00,3198.35
2026-05-16 06:00:00,0.00,3505.61
2026-05-16 07:00:00,0.00,911.26
2026-05-16 08:00:00,0.00,40832.21
2026-05-16 09:00:00,0.00,34729.96
2026-05-16 10:00:00,0.00,22549.47
2026-05-16 11:00:00,0.00,20460.97
2026-05-16 12:00:00,0.00,25156.36
2026-05-16 13:00:00,0.00,5221.44
2026-05-16 14:00:00,0.00,8504.16
2026-05-16 15:00:00,0.00,3993.68
2026-05-16 16:00:00,0.00,7381.33
2026-05-16 17:00:00,0.00,85441.73
2026-05-16 18:00:00,0.00,18454.77
2026-05-16 19:00:00,0.00,10031.28
2026-05-16 20:00:00,0.00,1497.12
2026-05-16 21:00:00,0.00,293.88
2026-05-16 22:00:00,0.00,116.79
2026-05-16 23:00:00,0.00,5020.55
2026-05-17 00:00:00,0.00,29732.03
2026-05-17 01:00:00,0.00,6.73
2026-05-17 02:00:00,0.00,5585.17
2026-05-17 03:00:00,0.00,13400.09
2026-05-17 04:00:00,0.00,47264.55
2026-05-17 05:00:00,0.00,6051.87
2026-05-17 06:00:00,0.00,5861.02
2026-05-17 07:00:00,0.00,1561.75
2026-05-17 08:00:00,0.00,8074.48
2026-05-17 09:00:00,0.00,2466.06
2026-05-17 10:00:00,0.00,16928.59
2026-05-17 11:00:00,0.00,3913.84
2026-05-17 12:00:00,0.00,2921.73
2026-05-17 13:00:00,0.00,12964.78
2026-05-17 14:00:00,0.00,1293.75
2026-05-17 15:00:00,0.00,5630.15
2026-05-17 16:00:00,0.00,8446.83
2026-05-17 17:00:00,0.00,46774.70
2026-05-17 18:00:00,0.00,5973.40
2026-05-17 19:00:00,0.00,58384.37
2026-05-17 20:00:00,0.00,4306.48
2026-05-17 21:00:00,0.00,41835.96
2026-05-17 22:00:00,0.00,4200.75
2026-05-17 23:00:00,0.00,7478.96
2026-05-18 00:00:00,0.00,7369.14
2026-05-18 01:00:00,0.00,4257.37
2026-05-18 02:00:00,0.00,2735.95
2026-05-18 03:00:00,0.00,782.61
2026-05-18 04:00:00,0.00,1872.29
2026-05-18 05:00:00,0.00,255.24
2026-05-18 06:00:00,0.00,12.45
2026-05-18 07:00:00,0.00,3564.67
2026-05-18 08:00:00,0.00,6.02
2026-05-18 09:00:00,0.00,2517.74
2026-05-18 10:00:00,0.00,12281.57
2026-05-18 11:00:00,0.00,4178.87
2026-05-18 12:00:00,0.00,18887.16
2026-05-18 13:00:00,0.00,8359.48
2026-05-18 14:00:00,0.00,5796.40
2026-05-18 15:00:00,0.00,2559.15
2026-05-18 16:00:00,0.00,455.92
2026-05-18 17:00:00,0.00,650.21
2026-05-18 18:00:00,0.00,3084.56
2026-05-18 19:00:00,0.00,3764.20
2026-05-18 20:00:00,0.00,17.02
2026-05-18 21:00:00,0.00,1212.13
2026-05-18 22:00:00,0.00,14.92
2026-05-18 23:00:00,0.00,253.90
2026-05-19 00:00:00,0.00,24.10
2026-05-19 01:00:00,0.00,1829.10
2026-05-19 02:00:00,0.00,779.45
2026-05-19 03:00:00,0.00,731.85
2026-05-19 04:00:00,0.00,2437.33
2026-05-19 05:00:00,0.00,7112.36
2026-05-19 06:00:00,3197.63,0.00
2026-05-19 07:00:00,17.06,0.00
2026-05-19 08:00:00,19609.26,0.00
2026-05-19 09:00:00,0.00,4340.16
2026-05-19 10:00:00,0.00,5479.69
2026-05-19 11:00:00,0.00,11701.16
2026-05-19 12:00:00,0.00,34160.88
2026-05-19 13:00:00,0.00,2579.55
2026-05-19 14:00:00,0.00,6290.05
2026-05-19 15:00:00,0.00,2910.17
2026-05-19 16:00:00,0.00,1173.48
2026-05-19 17:00:00,0.00,5.12
2026-05-19 18:00:00,0.00,2759.30
2026-05-19 19:00:00,0.00,54.88
2026-05-19 20:00:00,2293.34,0.00
2026-05-19 21:00:00,0.00,120.00
2026-05-19 22:00:00,0.00,831.69
2026-05-19 23:00:00,0.00,36.56
2026-05-20 00:00:00,0.00,88.98
2026-05-20 01:00:00,0.00,70.99
2026-05-20 02:00:00,0.00,1885.76
2026-05-20 03:00:00,0.00,9.87
2026-05-20 04:00:00,0.00,1015.68
2026-05-20 05:00:00,0.00,6864.73
2026-05-20 06:00:00,0.00,6132.69
2026-05-20 07:00:00,0.00,2630.93
2026-05-20 08:00:00,0.00,79.58
2026-05-20 09:00:00,139.08,0.00
2026-05-20 10:00:00,0.00,1155.30
2026-05-20 11:00:00,0.00,450.27
2026-05-20 12:00:00,6419.77,0.00
2026-05-20 13:00:00,0.00,0.12
2026-05-20 14:00:00,0.00,3353.18
2026-05-20 15:00:00,0.00,6452.29
2026-05-20 16:00:00,0.00,1.07
2026-05-20 17:00:00,0.00,520.03
2026-05-20 18:00:00,0.00,27.02
2026-05-20 19:00:00,0.00,10.20
2026-05-20 20:00:00,0.00,13640.93
2026-05-20 21:00:00,0.00,145.77
2026-05-20 22:00:00,0.00,152.41
2026-05-20 23:00:00,32632.46,0.00
2026-05-21 00:00:00,13156.54,0.00
2026-05-21 01:00:00,0.00,2667.38
2026-05-21 02:00:00,0.00,1447.09
2026-05-21 03:00:00,0.00,1420.90
2026-05-21 04:00:00,0.00,1046.96
2026-05-21 05:00:00,1173.72,0.00
2026-05-21 06:00:00,0.00,38.51
2026-05-21 07:00:00,0.00,5759.21
2026-05-21 08:00:00,0.00,42.78
2026-05-21 09:00:00,0.00,445.99
2026-05-21 10:00:00,0.00,87.02
2026-05-21 11:00:00,0.00,10400.45
2026-05-21 12:00:00,0.00,6752.77
2026-05-21 13:00:00,0.00,7694.93
2026-05-21 14:00:00,9116.24,0.00
2026-05-21 15:00:00,0.00,1539.32
2026-05-21 16:00:00,0.00,153.52
2026-05-21 17:00:00,0.00,2761.26
2026-05-21 18:00:00,0.00,1335.00
2026-05-21 19:00:00,0.00,47.92
2026-05-21 20:00:00,0.00,5483.17
2026-05-21 21:00:00,0.00,352.03
2026-05-21 22:00:00,0.00,1091.47
2026-05-21 23:00:00,1710.54,0.00
2026-05-22 00:00:00,5.85,0.00
2026-05-22 01:00:00,0.00,1738.20
2026-05-22 02:00:00,0.00,6643.26
2026-05-22 03:00:00,0.00,10813.07
2026-05-22 04:00:00,0.00,190.41
2026-05-22 05:00:00,0.00,3137.47
2026-05-22 06:00:00,0.00,4779.79
2026-05-22 07:00:00,0.00,719.72
2026-05-22 08:00:00,0.00,2737.82
2026-05-22 09:00:00,0.00,16145.63
2026-05-22 10:00:00,0.00,7267.06
2026-05-22 11:00:00,0.00,25319.63
2026-05-22 12:00:00,0.00,679.55
2026-05-22 13:00:00,0.00,7745.36
2026-05-22 14:00:00,0.00,51544.18
2026-05-22 15:00:00,0.00,2379.10
2026-05-22 16:00:00,0.00,11563.87
2026-05-22 17:00:00,0.00,3999.71
2026-05-22 18:00:00,0.00,327.06
2026-05-22 19:00:00,0.00,787.13
2026-05-22 20:00:00,0.00,1007.52
2026-05-22 21:00:00,0.00,4086.95
2026-05-22 22:00:00,0.00,266.16
2026-05-22 23:00:00,0.00,88.40
2026-05-23 00:00:00,0.00,4239.96
2026-05-23 01:00:00,0.00,16246.04
2026-05-23 02:00:00,0.00,842.15
2026-05-23 03:00:00,0.00,4239.81
2026-05-23 04:00:00,0.00,2350.13
2026-05-23 05:00:00,0.00,6782.39
2026-05-23 06:00:00,0.00,15828.67
2026-05-23 07:00:00,0.00,13410.44
2026-05-23 08:00:00,0.00,3520.28
2026-05-23 09:00:00,0.00,529.78
2026-05-23 10:00:00,0.00,21734.31
2026-05-23 11:00:00,0.00,2027.00
2026-05-23 12:00:00,0.00,734.53
2026-05-23 13:00:00,0.00,1254.27
2026-05-23 14:00:00,0.00,953.18
2026-05-23 15:00:00,0.00,9828.44
2026-05-23 16:00:00,0.00,6262.30
2026-05-23 17:00:00,0.00,7729.63
2026-05-23 18:00:00,0.00,14512.89
2026-05-23 19:00:00,0.00,7382.81
2026-05-23 20:00:00,0.00,12889.46
2026-05-23 21:00:00,0.00,5537.70
2026-05-23 22:00:00,0.00,5011.03
2026-05-23 23:00:00,0.00,483.95
2026-05-24 00:00:00,0.00,9.56
2026-05-24 01:00:00,0.00,2810.23
2026-05-24 02:00:00,0.00,607.82
2026-05-24 03:00:00,0.00,14677.14
2026-05-24 04:00:00,0.00,290.50
2026-05-24 05:00:00,0.00,3824.63
2026-05-24 06:00:00,0.00,2741.42
2026-05-24 07:00:00,0.00,2579.27
2026-05-24 08:00:00,0.00,18672.36
2026-05-24 09:00:00,0.00,13541.42
2026-05-24 10:00:00,0.00,10353.26
2026-05-24 11:00:00,0.00,13778.14
2026-05-24 12:00:00,0.00,7725.07
2026-05-24 13:00:00,0.00,16147.82
2026-05-24 14:00:00,0.00,16016.28
2026-05-24 15:00:00,0.00,9314.44
2026-05-24 16:00:00,0.00,30859.79
2026-05-24 17:00:00,0.00,34556.74
2026-05-24 18:00:00,0.00,106816.80
2026-05-24 19:00:00,0.00,31668.27
2026-05-24 20:00:00,0.00,18074.76
2026-05-24 21:00:00,0.00,1474.59
2026-05-24 22:00:00,0.00,16664.63
2026-05-24 23:00:00,0.00,20243.92
2026-05-25 00:00:00,0.00,14957.17
2026-05-25 01:00:00,0.00,3841.05
2026-05-25 02:00:00,0.00,3076.87
2026-05-25 03:00:00,0.00,6865.92
2026-05-25 04:00:00,0.00,31792.18
2026-05-25 05:00:00,0.00,25545.46
2026-05-25 06:00:00,0.00,26316.00
2026-05-25 07:00:00,0.00,12422.83
2026-05-25 08:00:00,0.00,62278.73
2026-05-25 09:00:00,0.00,2262.40
2026-05-25 10:00:00,0.00,7862.16
2026-05-25 11:00:00,0.00,9831.44
2026-05-25 12:00:00,0.00,48508.28
2026-05-25 13:00:00,0.00,35550.13
2026-05-25 14:00:00,0.00,24327.79
2026-05-25 15:00:00,0.00,63993.31
2026-05-25 16:00:00,0.00,14838.33
2026-05-25 17:00:00,0.00,9308.12
2026-05-25 18:00:00,0.00,5001.96
2026-05-25 19:00:00,0.00,4828.93
2026-05-25 20:00:00,0.00,2259.95
2026-05-25 21:00:00,0.00,457.14
2026-05-25 22:00:00,0.00,16842.73
2026-05-25 23:00:00,0.00,2819.26
2026-05-26 00:00:00,0.00,2051.27
2026-05-26 01:00:00,0.00,3650.20
2026-05-26 02:00:00,0.00,1453.78
2026-05-26 03:00:00,0.00,36388.35
2026-05-26 04:00:00,0.00,10877.64
2026-05-26 05:00:00,0.00,22138.83
2026-05-26 06:00:00,0.00,1888.16
2026-05-26 07:00:00,0.00,37005.54
2026-05-26 08:00:00,0.00,17503.57
2026-05-26 09:00:00,0.00,21228.30
2026-05-26 10:00:00,0.00,16173.00
2026-05-26 11:00:00,0.00,37010.43
2026-05-26 12:00:00,0.00,15550.75
2026-05-26 13:00:00,0.00,5129.26
2026-05-26 14:00:00,0.00,4132.44
2026-05-26 15:00:00,0.00,26357.93
2026-05-26 16:00:00,0.00,12901.93
2026-05-26 17:00:00,0.00,38760.32
2026-05-26 18:00:00,0.00,8246.26
2026-05-26 19:00:00,0.00,9052.20
2026-05-26 20:00:00,0.00,3729.64
2026-05-26 21:00:00,0.00,247.14
2026-05-26 22:00:00,0.00,1044.23
2026-05-26 23:00:00,0.00,90.79
2026-05-27 00:00:00,0.00,1799.55
2026-05-27 01:00:00,0.00,1679.39
2026-05-27 02:00:00,0.00,6823.40
2026-05-27 03:00:00,0.00,54936.66
2026-05-27 04:00:00,0.00,5154.90
2026-05-27 05:00:00,0.00,12148.09
2026-05-27 06:00:00,0.00,21386.19
2026-05-27 07:00:00,0.00,4851.43
2026-05-27 08:00:00,0.00,8622.98
2026-05-27 09:00:00,0.00,13232.21
2026-05-27 10:00:00,0.00,14648.32
2026-05-27 11:00:00,0.00,6539.76
2026-05-27 12:00:00,0.00,5948.36
2026-05-27 13:00:00,0.00,8471.30
2026-05-27 14:00:00,0.00,25845.51
2026-05-27 15:00:00,0.00,9579.61
2026-05-27 16:00:00,0.00,51.00
2026-05-27 17:00:00,0.00,684.72
2026-05-27 18:00:00,0.00,15127.54
2026-05-27 19:00:00,0.00,5392.89
2026-05-27 20:00:00,34.01,0.00
2026-05-27 21:00:00,0.00,8998.06
2026-05-27 22:00:00,0.00,3565.54
2026-05-27 23:00:00,0.00,1113.48
2026-05-28 00:00:00,0.00,0.21
2026-05-28 01:00:00,0.00,1552.90
2026-05-28 02:00:00,0.00,6313.73
2026-05-28 03:00:00,0.00,4636.87
2026-05-28 04:00:00,0.00,31994.83
2026-05-28 05:00:00,0.00,17183.13
2026-05-28 06:00:00,0.00,4604.56
2026-05-28 07:00:00,0.00,1200.81
2026-05-28 08:00:00,0.00,8469.40
2026-05-28 09:00:00,0.00,1702.85
2026-05-28 10:00:00,0.00,0.62
2026-05-28 11:00:00,0.00,495.10
2026-05-28 12:00:00,0.00,9732.63
2026-05-28 13:00:00,0.00,33030.70
2026-05-28 14:00:00,0.00,6228.26
2026-05-28 15:00:00,0.00,2252.10
2026-05-28 16:00:00,0.00,1196.37
2026-05-28 17:00:00,0.00,6579.81
2026-05-28 18:00:00,0.00,56369.01
2026-05-28 19:00:00,0.00,150492.52
2026-05-28 20:00:00,0.00,6014.18
2026-05-28 21:00:00,0.00,6787.95
2026-05-28 22:00:00,0.00,2837.79
2026-05-28 23:00:00,0.00,4515.28
2026-05-29 00:00:00,0.00,8.07
2026-05-29 01:00:00,0.00,2075.98
2026-05-29 02:00:00,0.00,6528.66
2026-05-29 03:00:00,0.00,5537.83
2026-05-29 04:00:00,0.00,26602.78
2026-05-29 05:00:00,0.00,4352.68
2026-05-29 06:00:00,0.00,16435.53
2026-05-29 07:00:00,0.00,32192.84
2026-05-29 08:00:00,0.00,47771.52
2026-05-29 09:00:00,0.00,17639.97
2026-05-29 10:00:00,0.00,3490.79
2026-05-29 11:00:00,0.00,26024.30
2026-05-29 12:00:00,0.00,10216.22
2026-05-29 13:00:00,0.00,4098.98
2026-05-29 14:00:00,0.00,2833.92
2026-05-29 15:00:00,0.00,1525.85
2026-05-29 16:00:00,0.00,976.62
2026-05-29 17:00:00,0.00,3722.13
2026-05-29 18:00:00,0.00,7592.66
2026-05-29 19:00:00,0.00,3018.24
2026-05-29 20:00:00,0.00,12558.53
2026-05-29 21:00:00,0.00,131.13
2026-05-29 22:00:00,0.00,7291.44
2026-05-29 23:00:00,0.00,369.42
2026-05-30 00:00:00,0.00,5179.07
2026-05-30 01:00:00,0.00,10211.85
2026-05-30 02:00:00,0.00,847.82
2026-05-30 03:00:00,0.00,428.27
2026-05-30 04:00:00,0.00,27172.99
2026-05-30 05:00:00,0.00,41632.35
2026-05-30 06:00:00,0.00,335.58
2026-05-30 07:00:00,0.00,170.13
2026-05-30 08:00:00,0.00,3733.95
2026-05-30 09:00:00,0.00,2007.34
2026-05-30 10:00:00,0.00,404.01
2026-05-30 11:00:00,0.00,1614.11
2026-05-30 12:00:00,0.00,5837.47
2026-05-30 13:00:00,0.00,1714.87
2026-05-30 14:00:00,0.00,45732.66
2026-05-30 15:00:00,0.00,122467.89
2026-05-30 16:00:00,0.00,48269.67
2026-05-30 17:00:00,0.00,9858.45
2026-05-30 18:00:00,0.00,8.76
2026-05-30 19:00:00,0.00,165.56
2026-05-30 20:00:00,0.00,61.58
2026-05-30 21:00:00,0.00,142.39
2026-05-30 22:00:00,0.00,2307.12
2026-05-30 23:00:00,12784.35,0.00
2026-05-31 00:00:00,0.00,140.37
2026-05-31 01:00:00,0.00,1212.02
2026-05-31 02:00:00,0.00,21069.40
2026-05-31 03:00:00,0.00,807.68
2026-05-31 04:00:00,0.00,5711.08
2026-05-31 05:00:00,0.00,1950.35
2026-05-31 06:00:00,0.00,6901.42
2026-05-31 07:00:00,0.00,2619.38
2026-05-31 08:00:00,0.00,31641.89
2026-05-31 09:00:00,0.00,1882.26
2026-05-31 10:00:00,0.00,3742.67
2026-05-31 11:00:00,0.00,9.50
2026-05-31 12:00:00,0.00,2627.69
2026-05-31 13:00:00,2466.11,0.00
2026-05-31 14:00:00,0.00,3444.29
2026-05-31 15:00:00,0.00,5992.91
2026-05-31 16:00:00,0.00,91170.08
2026-05-31 17:00:00,0.00,1450.78
2026-05-31 18:00:00,0.00,10129.68
2026-05-31 19:00:00,0.00,38832.65
2026-05-31 20:00:00,0.00,31473.54
2026-05-31 21:00:00,0.00,14273.72
2026-05-31 22:00:00,0.00,8474.39
2026-05-31 23:00:00,0.00,1807.39
2026-06-01 00:00:00,0.00,724.37
2026-06-01 01:00:00,0.00,20468.94
2026-06-01 02:00:00,0.00,11160.25
2026-06-01 03:00:00,0.00,8498.54
2026-06-01 04:00:00,0.00,34.23
2026-06-01 05:00:00,0.00,689.84
2026-06-01 06:00:00,0.00,812.75
2026-06-01 07:00:00,0.00,1467.95
2026-06-01 08:00:00,0.00,23528.41
2026-06-01 09:00:00,0.00,1881.75
2026-06-01 10:00:00,0.00,4552.51
2026-06-01 11:00:00,0.00,3712.63
2026-06-01 12:00:00,0.00,2586.55
2026-06-01 13:00:00,0.00,557.04
2026-06-01 14:00:00,0.00,2518.27
2026-06-01 15:00:00,0.00,69.88
2026-06-01 16:00:00,0.00,3795.60
2026-06-01 17:00:00,0.00,568.17
2026-06-01 18:00:00,0.00,469.89
2026-06-01 19:00:00,0.00,796.83
2026-06-01 20:00:00,0.00,10281.74
2026-06-01 21:00:00,0.00,260.05
2026-06-01 22:00:00,0.00,5709.39
2026-06-01 23:00:00,0.00,15284.42
2026-06-02 00:00:00,0.00,6703.20
2026-06-02 01:00:00,0.00,5117.00
2026-06-02 02:00:00,0.00,4554.62
2026-06-02 03:00:00,0.00,5320.94
2026-06-02 04:00:00,0.00,7849.56
2026-06-02 05:00:00,0.00,603.17
2026-06-02 06:00:00,0.00,10573.59
2026-06-02 07:00:00,0.00,5835.02
2026-06-02 08:00:00,0.00,13712.37
2026-06-02 09:00:00,422.25,20451.90
2026-06-02 10:00:00,5964.26,6049.05
2026-06-02 11:00:00,4056.70,35795.38
2026-06-02 12:00:00,14200.96,5813.22
2026-06-02 13:00:00,364.98,6047.68
2026-06-02 14:00:00,750.53,13714.83
2026-06-02 15:00:00,25620.17,50883.84
2026-06-02 16:00:00,84081.70,8557.90
2026-06-02 17:00:00,67045.08,10425.98
2026-06-02 18:00:00,55905.14,21102.25
2026-06-02 19:00:00,30091.98,27549.68
2026-06-02 20:00:00,11921.28,9521.44
2026-06-02 21:00:00,11005.38,19418.51
2026-06-02 22:00:00,9637.09,6927.99
2026-06-02 23:00:00,51609.61,1197.14
2026-06-03 00:00:00,2256.25,4610.99
2026-06-03 01:00:00,2589.05,2914.86
2026-06-03 02:00:00,9140.15,3544.61
2026-06-03 03:00:00,3359.94,3873.73
2026-06-03 04:00:00,7058.04,1517.99
2026-06-03 05:00:00,10296.78,112.93
2026-06-03 06:00:00,7913.57,3225.29
2026-06-03 07:00:00,35134.89,0.00
2026-06-03 08:00:00,14548.70,5749.77
2026-06-03 09:00:00,4235.78,331.94
2026-06-03 10:00:00,30110.74,60.75
2026-06-03 11:00:00,13268.33,7075.61
2026-06-03 12:00:00,4009.33,7366.83
2026-06-03 13:00:00,40034.95,5273.18
2026-06-03 14:00:00,22716.77,3066.81
2026-06-03 15:00:00,5374.53,47659.25
2026-06-03 16:00:00,38596.89,31974.11
2026-06-03 17:00:00,12925.96,4752.57
2026-06-03 18:00:00,1244.52,829.31
2026-06-03 19:00:00,6232.28,206.26
2026-06-03 20:00:00,11880.84,97.91
2026-06-03 21:00:00,30456.79,139.14
2026-06-03 22:00:00,134.82,3538.56
2026-06-03 23:00:00,288.52,0.00
2026-06-04 00:00:00,1539.18,177.18
2026-06-04 01:00:00,14832.94,238.75
2026-06-04 02:00:00,26217.06,65.03
2026-06-04 03:00:00,85324.98,1213.22
2026-06-04 04:00:00,815.88,6.14
2026-06-04 05:00:00,105.69,550.64
2026-06-04 06:00:00,1926.67,3427.15
2026-06-04 07:00:00,4612.75,0.00
2026-06-04 08:00:00,4288.66,1025.93
2026-06-04 09:00:00,4850.15,3169.56
2026-06-04 10:00:00,20894.60,0.00
2026-06-04 11:00:00,1060.33,315.25
2026-06-04 12:00:00,1067.92,1873.97
2026-06-04 13:00:00,8409.81,525.05
2026-06-04 14:00:00,5955.17,0.00
2026-06-04 15:00:00,17132.25,44.20
2026-06-04 16:00:00,8563.86,11699.72
2026-06-04 17:00:00,310.68,513.61
2026-06-04 18:00:00,218.21,1870.29
2026-06-04 19:00:00,899.58,0.00
2026-06-04 20:00:00,486.91,0.00
2026-06-04 21:00:00,7345.66,2661.55
2026-06-04 22:00:00,3634.20,1.45
2026-06-04 23:00:00,427.10,0.00
2026-06-05 00:00:00,28.26,2455.85
2026-06-05 01:00:00,5027.97,0.00
2026-06-05 02:00:00,1580.36,1059.48
2026-06-05 03:00:00,6170.18,7009.30
2026-06-05 04:00:00,7958.88,0.00
2026-06-05 05:00:00,0.00,1086.28
2026-06-05 06:00:00,1319.43,467.96
2026-06-05 07:00:00,6209.19,1082.04
2026-06-05 08:00:00,5662.94,5429.81
2026-06-05 09:00:00,213.61,83.61
2026-06-05 10:00:00,5477.09,957.58
2026-06-05 11:00:00,1890.24,0.00
2026-06-05 12:00:00,1542.00,250.61
2026-06-05 13:00:00,6620.72,592.28
2026-06-05 14:00:00,3077.88,46.93
2026-06-05 15:00:00,1197.43,453.57
2026-06-05 16:00:00,26731.59,2654.25
2026-06-05 17:00:00,10904.50,26.83
2026-06-05 18:00:00,741.95,747.57
2026-06-05 19:00:00,20020.14,581.75
2026-06-05 20:00:00,27362.77,5.27
2026-06-05 21:00:00,0.00,2811.27
2026-06-05 22:00:00,62.75,800.41
2026-06-05 23:00:00,4982.30,917.95
2026-06-06 00:00:00,985.35,0.00
2026-06-06 01:00:00,5.42,1379.88
2026-06-06 02:00:00,0.00,577.35
2026-06-06 03:00:00,201.61,10.03
2026-06-06 04:00:00,0.00,4737.20
2026-06-06 05:00:00,10917.95,70.78
2026-06-06 06:00:00,260.75,7.16
2026-06-06 08:00:00,0.00,3097.46
2026-06-06 09:00:00,113.16,383.17
2026-06-06 10:00:00,0.00,52.35
2026-06-06 11:00:00,660.88,9.40
2026-06-06 12:00:00,266.00,3519.98
2026-06-06 13:00:00,510.33,60.88
2026-06-06 14:00:00,2038.66,728.85
2026-06-06 15:00:00,66.04,310.09
2026-06-06 16:00:00,188.45,547.94
2026-06-06 17:00:00,287.53,4436.79
2026-06-06 18:00:00,12128.13,3274.44
2026-06-06 19:00:00,43.25,32.74
2026-06-06 20:00:00,551.90,1614.02
2026-06-06 21:00:00,0.00,1956.29
2026-06-06 22:00:00,8878.15,4133.42
2026-06-06 23:00:00,3676.58,0.00
2026-06-07 00:00:00,888.77,0.00
2026-06-07 01:00:00,5881.89,0.00
2026-06-07 02:00:00,2011.67,230.68
2026-06-07 04:00:00,11.65,160.09
2026-06-07 05:00:00,892.91,2522.03
2026-06-07 06:00:00,3154.78,31.21
2026-06-07 07:00:00,86.86,0.00
2026-06-07 08:00:00,0.00,1454.87
2026-06-07 09:00:00,640.46,6.17
2026-06-07 10:00:00,35.84,643.77
2026-06-07 11:00:00,214.33,2444.26
2026-06-07 12:00:00,1683.37,13221.85
2026-06-07 13:00:00,6136.57,1855.92
2026-06-07 14:00:00,3397.53,2946.92
2026-06-07 15:00:00,196.98,8460.22
2026-06-07 16:00:00,5489.61,344.58
2026-06-07 17:00:00,13730.19,1436.54
2026-06-07 18:00:00,1938.33,0.00
2026-06-07 19:00:00,1965.00,0.00
2026-06-07 20:00:00,7165.49,0.00
2026-06-07 21:00:00,109.14,130.04
2026-06-07 22:00:00,182.28,1323.74
2026-06-07 23:00:00,877.95,323.72
2026-06-08 00:00:00,543.56,0.00
2026-06-08 01:00:00,0.00,100.46
2026-06-08 02:00:00,0.00,4389.36
2026-06-08 03:00:00,391.31,32.88
2026-06-08 04:00:00,118.75,435.60
2026-06-08 05:00:00,10049.90,0.00
2026-06-08 06:00:00,43461.05,685.81
2026-06-08 07:00:00,0.00,4971.16
2026-06-08 08:00:00,2989.30,1126.07
2026-06-08 09:00:00,18.10,2157.46
2026-06-08 10:00:00,10.28,54.08
2026-06-08 11:00:00,48.79,4917.59
2026-06-08 12:00:00,1064.72,1936.10
2026-06-08 13:00:00,0.00,819.49
2026-06-08 14:00:00,0.00,73.12
2026-06-08 15:00:00,110.56,28.48
2026-06-08 16:00:00,5301.44,1374.31
2026-06-08 17:00:00,412.26,60.24
2026-06-08 18:00:00,136.87,17.20
2026-06-08 19:00:00,2.12,75.78
2026-06-08 20:00:00,147.87,1979.86
2026-06-08 21:00:00,112.20,9684.25
2026-06-08 22:00:00,2996.14,0.00
2026-06-08 23:00:00,4852.25,0.00
2026-06-09 00:00:00,331.33,1671.05
2026-06-09 01:00:00,57.53,49.65
2026-06-09 02:00:00,5451.32,44.90
2026-06-09 03:00:00,7557.78,30.19
2026-06-09 04:00:00,25.36,38.83
2026-06-09 05:00:00,0.12,4782.24
2026-06-09 06:00:00,56.11,35.25
2026-06-09 07:00:00,1474.89,0.00
2026-06-09 08:00:00,21.57,0.00
2026-06-09 09:00:00,16.37,0.00
2026-06-09 10:00:00,1253.17,0.00
2026-06-09 11:00:00,32.76,81.36
2026-06-09 12:00:00,176.72,5.44
2026-06-09 13:00:00,0.00,1032.06
2026-06-09 14:00:00,20.15,33.91
2026-06-09 15:00:00,5603.37,305.87
2026-06-09 16:00:00,612.69,108.27
2026-06-09 17:00:00,128.72,193.72
2026-06-09 18:00:00,0.00,4421.59
2026-06-09 19:00:00,248.30,7470.85
2026-06-09 20:00:00,812.08,545.91
2026-06-09 21:00:00,962.51,4226.31
2026-06-09 22:00:00,2631.93,999.26
2026-06-09 23:00:00,512.48,5.29
2026-06-10 00:00:00,0.00,1103.30
2026-06-10 01:00:00,738.50,4043.04
2026-06-10 02:00:00,457.24,36.22
2026-06-10 03:00:00,8110.90,3688.10
2026-06-10 04:00:00,220.38,1696.35
2026-06-10 05:00:00,10126.90,1509.94
2026-06-10 06:00:00,302.77,6474.66
2026-06-10 07:00:00,961.49,14809.71
2026-06-10 08:00:00,68.74,15509.00
2026-06-10 09:00:00,1715.55,4070.69
2026-06-10 10:00:00,68871.48,15581.94
2026-06-10 11:00:00,1238.06,6043.80
2026-06-10 12:00:00,2331.95,90.58
2026-06-10 13:00:00,8661.07,2154.27
2026-06-10 14:00:00,103.41,850.99
2026-06-10 15:00:00,7039.40,245.51
2026-06-10 16:00:00,2602.17,789.75
2026-06-10 17:00:00,290.67,18.91
2026-06-10 18:00:00,62.82,35.18
2026-06-10 19:00:00,6311.71,85.24
2026-06-10 20:00:00,7981.45,7173.22
2026-06-10 21:00:00,275.79,15800.59
2026-06-10 22:00:00,1022.51,3190.44
2026-06-10 23:00:00,69.97,122.13
2026-06-11 00:00:00,147.17,5.16
2026-06-11 01:00:00,191.39,110.46
2026-06-11 02:00:00,11.44,90.40
2026-06-11 03:00:00,1980.12,139.77
2026-06-11 04:00:00,67.20,201.18
2026-06-11 05:00:00,11355.35,3157.88
2026-06-11 06:00:00,159.46,7.31
2026-06-11 07:00:00,41764.15,0.00
2026-06-11 08:00:00,4430.17,2873.74
2026-06-11 09:00:00,404.83,0.00
2026-06-11 10:00:00,112.84,0.00
2026-06-11 11:00:00,22.20,0.00
2026-06-11 12:00:00,12229.74,0.00
2026-06-11 13:00:00,4872.42,472.72
2026-06-11 14:00:00,10400.43,0.00
2026-06-11 15:00:00,0.00,11376.81
2026-06-11 16:00:00,0.00,3254.31
2026-06-11 17:00:00,896.14,4701.41
2026-06-11 18:00:00,3765.88,763.61
2026-06-11 19:00:00,210.79,229.32
2026-06-11 20:00:00,0.00,8098.17
2026-06-11 21:00:00,1849.93,10707.09
2026-06-11 22:00:00,743.76,616.57
2026-06-11 23:00:00,59.36,9305.98
2026-06-12 00:00:00,213.33,576.82
2026-06-12 01:00:00,129.52,128.21
2026-06-12 02:00:00,27369.13,4889.53
2026-06-12 03:00:00,687.78,521.36
2026-06-12 04:00:00,232.92,0.00
2026-06-12 05:00:00,647.22,0.00
2026-06-12 06:00:00,0.00,90.29
2026-06-12 07:00:00,0.00,7307.13
2026-06-12 08:00:00,1594.63,3570.51
2026-06-12 09:00:00,1257.23,0.00
2026-06-12 10:00:00,6589.14,12085.63
2026-06-12 11:00:00,11352.16,2132.94
2026-06-12 12:00:00,9539.51,3002.62
2026-06-12 13:00:00,65.67,22.43
2026-06-12 14:00:00,454.58,0.00
2026-06-12 15:00:00,471.45,1257.28
2026-06-12 16:00:00,9130.87,551.75
2026-06-12 17:00:00,1331.04,236.52
2026-06-12 18:00:00,9872.29,161.89
2026-06-12 19:00:00,4694.85,0.00
2026-06-12 21:00:00,0.00,1818.42
2026-06-12 22:00:00,2795.29,0.00
2026-06-13 00:00:00,383.14,0.00
2026-06-13 01:00:00,5.59,0.00
2026-06-13 02:00:00,9355.81,0.00
2026-06-13 03:00:00,0.00,68.40
2026-06-13 04:00:00,2788.79,0.00
2026-06-13 05:00:00,2762.52,55.91
2026-06-13 06:00:00,2114.23,0.00
2026-06-13 07:00:00,906.68,224.31
2026-06-13 08:00:00,0.00,27.98
2026-06-13 09:00:00,1146.06,175.35
2026-06-13 10:00:00,17.09,4213.07
2026-06-13 11:00:00,1041.20,397.71
2026-06-13 12:00:00,340.81,62.95
2026-06-13 13:00:00,1350.70,605.86
2026-06-13 14:00:00,181.58,0.00
2026-06-13 15:00:00,227.15,1361.14
2026-06-13 16:00:00,1240.65,0.00
2026-06-13 17:00:00,0.00,1074.46
2026-06-13 18:00:00,112.62,0.00
2026-06-13 19:00:00,2791.32,429.39
2026-06-13 20:00:00,245.42,49.37
2026-06-13 21:00:00,0.00,261.63
2026-06-13 22:00:00,1411.66,0.00
2026-06-13 23:00:00,0.00,94.37
2026-06-14 02:00:00,10.47,0.00
2026-06-14 04:00:00,775.00,0.00
2026-06-14 05:00:00,205.09,0.00
2026-06-14 06:00:00,1238.34,1066.36
2026-06-14 08:00:00,44.23,0.00
2026-06-14 09:00:00,5.93,0.00
2026-06-14 10:00:00,0.00,5.94
2026-06-14 11:00:00,629.33,0.00
2026-06-14 12:00:00,14.43,0.00
2026-06-14 13:00:00,582.42,0.00
2026-06-14 14:00:00,0.00,29.56
2026-06-14 15:00:00,396.97,0.00
2026-06-14 16:00:00,0.00,409.79
2026-06-14 17:00:00,7.50,0.00
2026-06-14 18:00:00,0.00,106.29
2026-06-14 19:00:00,4865.20,63.69
2026-06-14 21:00:00,0.13,0.00
2026-06-14 23:00:00,574.77,0.00
2026-06-15 00:00:00,0.00,1734.87
2026-06-15 01:00:00,298.80,0.00
2026-06-15 02:00:00,189.44,0.00
2026-06-15 03:00:00,506.63,0.00
2026-06-15 05:00:00,7.03,0.00
2026-06-15 07:00:00,1857.21,49.56
2026-06-15 08:00:00,147.23,0.00
2026-06-15 09:00:00,276.89,0.00
2026-06-15 10:00:00,206.98,0.00
2026-06-15 11:00:00,0.00,0.84
2026-06-15 12:00:00,3339.81,0.00
2026-06-15 13:00:00,275.77,0.00
2026-06-15 14:00:00,174.20,386.23
2026-06-15 15:00:00,887.10,0.00
2026-06-15 16:00:00,0.00,1295.85
2026-06-15 17:00:00,11.01,140.83
2026-06-15 18:00:00,648.77,164.57
2026-06-15 19:00:00,775.68,0.00
2026-06-15 20:00:00,5699.54,0.00
2026-06-15 21:00:00,4404.21,0.00
2026-06-15 22:00:00,10.81,0.00
2026-06-15 23:00:00,14635.56,0.00
2026-06-16 00:00:00,281.78,103.68
2026-06-16 01:00:00,49.06,86.25
2026-06-16 02:00:00,1490.46,17.39
2026-06-16 03:00:00,239.87,0.00
2026-06-16 04:00:00,0.00,1775.11
2026-06-16 05:00:00,107.05,456.83
2026-06-16 06:00:00,1575.60,299.15
2026-06-16 07:00:00,0.00,312.30
2026-06-16 08:00:00,228.76,9.49
2026-06-16 09:00:00,0.00,1483.44
2026-06-16 11:00:00,14.07,229.97
2026-06-16 12:00:00,271.98,17.10
2026-06-16 13:00:00,2193.76,1076.26
2026-06-16 14:00:00,3.27,0.00
2026-06-16 15:00:00,170.55,133.85
2026-06-16 16:00:00,112.58,0.00
2026-06-16 17:00:00,3917.69,0.00
2026-06-16 19:00:00,0.00,460.74
2026-06-16 20:00:00,1752.57,309.87
2026-06-16 21:00:00,1224.94,6.40
2026-06-16 22:00:00,6380.60,0.00
2026-06-16 23:00:00,1423.37,0.00
2026-06-17 00:00:00,3434.32,786.19
2026-06-17 01:00:00,329.84,0.00
2026-06-17 02:00:00,4809.38,0.00
2026-06-17 03:00:00,0.00,806.17
2026-06-17 04:00:00,2695.53,0.00
2026-06-17 05:00:00,2059.86,67.28
2026-06-17 06:00:00,21.89,0.00
2026-06-17 08:00:00,0.00,728.87
2026-06-17 09:00:00,630.73,0.00
2026-06-17 10:00:00,1977.66,0.00
2026-06-17 11:00:00,1316.84,0.00
2026-06-17 12:00:00,99.97,0.00
2026-06-17 13:00:00,1415.99,0.00
2026-06-17 14:00:00,1768.30,0.00
2026-06-17 16:00:00,97.60,0.00
2026-06-17 17:00:00,0.00,146.98
2026-06-17 18:00:00,0.00,891.29
2026-06-17 19:00:00,520.17,80.09
2026-06-17 21:00:00,0.00,583.53
2026-06-17 22:00:00,0.00,154.50
2026-06-18 01:00:00,0.00,515.89
2026-06-18 03:00:00,0.00,4418.91
2026-06-18 04:00:00,360.31,0.00
2026-06-18 06:00:00,627.73,0.00
2026-06-18 07:00:00,2419.43,1170.43
2026-06-18 08:00:00,439.45,0.00
2026-06-18 09:00:00,223.94,208.35
2026-06-18 10:00:00,268.08,843.15
2026-06-18 11:00:00,29.70,50.44
2026-06-18 12:00:00,4.97,1300.05
2026-06-18 13:00:00,83.51,348.18
2026-06-18 14:00:00,13.81,0.00
2026-06-18 15:00:00,1895.10,0.00
2026-06-18 16:00:00,2668.98,6.82
2026-06-18 17:00:00,0.11,0.00
2026-06-18 18:00:00,38.93,0.00
2026-06-18 20:00:00,3667.09,0.00
2026-06-18 21:00:00,33.12,416.57
2026-06-18 22:00:00,328.29,0.00
2026-06-19 00:00:00,403.90,0.00
2026-06-19 02:00:00,0.00,1099.09
2026-06-19 04:00:00,605.25,0.00
2026-06-19 05:00:00,7.75,104.24
2026-06-19 08:00:00,398.79,0.00
2026-06-19 09:00:00,45.00,697.38
2026-06-19 10:00:00,61.30,0.00
2026-06-19 11:00:00,69.11,0.00
2026-06-19 12:00:00,0.48,1967.34
2026-06-19 13:00:00,7.39,2262.22
2026-06-19 14:00:00,550555.35,1823.65
2026-06-19 15:00:00,48894.29,3151.36
2026-06-19 16:00:00,1729.94,968.60
2026-06-19 17:00:00,1372.33,815.67
2026-06-19 18:00:00,3895.67,111.81
2026-06-19 19:00:00,21805.04,800.48
2026-06-19 20:00:00,10905.96,1328.07
2026-06-19 21:00:00,10.81,131.51
2026-06-19 22:00:00,1001.40,1774.13
2026-06-19 23:00:00,29625.71,224.38
2026-06-20 00:00:00,9627.93,772.21
2026-06-20 01:00:00,9837.89,4826.70
2026-06-20 02:00:00,495.16,200.89
2026-06-20 03:00:00,952.44,245.95
2026-06-20 04:00:00,1463.66,226.19
2026-06-20 05:00:00,1619.55,399.76
2026-06-20 06:00:00,5731.97,1879.71
2026-06-20 07:00:00,3862.86,3342.55
2026-06-20 08:00:00,706.78,44.05
2026-06-20 09:00:00,15385.57,0.00
2026-06-20 10:00:00,1115.55,1497.18
2026-06-20 11:00:00,19495.92,1699.79
2026-06-20 12:00:00,30398.77,2122.34
2026-06-20 13:00:00,2520.07,5111.59
2026-06-20 14:00:00,15009.93,255.57
2026-06-20 15:00:00,4710.28,18030.23
2026-06-20 16:00:00,4295.44,5516.38
2026-06-20 17:00:00,631.47,3851.97
2026-06-20 18:00:00,2166.36,59.51
2026-06-20 19:00:00,3219.28,226.40
2026-06-20 20:00:00,747.83,223.59
2026-06-20 22:00:00,132.46,0.00
2026-06-21 00:00:00,2.64,47.70
2026-06-21 01:00:00,110.06,461.77
2026-06-21 02:00:00,155.64,120.78
2026-06-21 03:00:00,3142.71,6962.38
2026-06-21 04:00:00,4576.27,999.64
2026-06-21 05:00:00,77.64,0.00
2026-06-21 06:00:00,360.77,3480.02
2026-06-21 07:00:00,1044.11,38.04
2026-06-21 08:00:00,1484.55,830.99
2026-06-21 09:00:00,181.91,7275.12
2026-06-21 10:00:00,1862.33,714.61
2026-06-21 11:00:00,1056.69,1716.87
2026-06-21 12:00:00,12607.29,787.86
2026-06-21 13:00:00,31153.48,35485.00
2026-06-21 14:00:00,10077.46,11430.77
2026-06-21 15:00:00,31988.83,18080.02
2026-06-21 16:00:00,15360.00,28105.32
2026-06-21 17:00:00,8899.96,49700.71
2026-06-21 18:00:00,7324.81,12668.80
2026-06-21 19:00:00,2680.91,47964.32
2026-06-21 20:00:00,16754.99,12640.46
2026-06-21 21:00:00,26844.87,21730.45
2026-06-21 22:00:00,22276.28,11278.94
2026-06-21 23:00:00,12901.89,2416.20
2026-06-22 00:00:00,7948.07,8012.23
2026-06-22 01:00:00,2206.34,52771.23
2026-06-22 02:00:00,6661.64,22548.03
2026-06-22 03:00:00,11010.20,34908.18
2026-06-22 04:00:00,16742.76,39330.92
2026-06-22 05:00:00,9859.69,77321.08
2026-06-22 06:00:00,17529.79,96581.96
2026-06-22 07:00:00,31115.46,63473.00
2026-06-22 08:00:00,16346.09,86330.38
2026-06-22 09:00:00,102656.51,32079.42
2026-06-22 10:00:00,23295.59,40393.63
2026-06-22 11:00:00,85859.67,20066.20
2026-06-22 12:00:00,55067.48,12763.64
2026-06-22 13:00:00,33354.63,71036.06
2026-06-22 14:00:00,30213.06,4001.84
2026-06-22 15:00:00,56796.29,8155.45
2026-06-22 16:00:00,46355.38,16149.79
2026-06-22 17:00:00,10504.78,33857.01
2026-06-22 18:00:00,70.77,1673.95
2026-06-22 19:00:00,227.86,1421.45
2026-06-22 20:00:00,4112.95,18552.49
2026-06-22 21:00:00,2499.27,2420.89
2026-06-22 22:00:00,1730.20,0.00
2026-06-22 23:00:00,1032.68,5336.34
2026-06-23 00:00:00,2243.37,13.12
2026-06-23 01:00:00,16510.76,2308.76
2026-06-23 02:00:00,45396.74,1590.76
2026-06-23 03:00:00,1058.87,4531.93
2026-06-23 04:00:00,24081.53,12376.11
2026-06-23 05:00:00,12956.90,5440.15
2026-06-23 06:00:00,2932.91,13174.52
2026-06-23 07:00:00,47170.09,9172.22
2026-06-23 08:00:00,1778.23,56862.30
2026-06-23 09:00:00,1091.68,5937.70
2026-06-23 10:00:00,2089.00,4450.17
2026-06-23 11:00:00,39067.54,1710.27
2026-06-23 12:00:00,29023.94,9090.68
2026-06-23 13:00:00,10460.40,4244.34
2026-06-23 14:00:00,32524.75,5585.22
2026-06-23 15:00:00,36224.81,33870.18
2026-06-23 16:00:00,26077.02,15327.89
2026-06-23 17:00:00,8417.02,19705.61
2026-06-23 18:00:00,18835.15,8750.53
2026-06-23 19:00:00,3410.77,6422.14
2026-06-23 20:00:00,3661.87,150.30
2026-06-23 21:00:00,3210.97,426.00
2026-06-23 22:00:00,2124.64,5626.65
2026-06-23 23:00:00,1258.20,0.00
2026-06-24 00:00:00,595.06,15051.54
2026-06-24 01:00:00,12943.02,4166.45
2026-06-24 02:00:00,98771.94,8727.87
2026-06-24 03:00:00,915.96,4082.47
2026-06-24 04:00:00,6410.17,251.95
2026-06-24 05:00:00,17548.17,4691.12
2026-06-24 06:00:00,37643.02,6422.49
2026-06-24 07:00:00,117038.94,2240.47
2026-06-24 08:00:00,86623.12,4355.19
2026-06-24 09:00:00,6685.20,33863.36
2026-06-24 10:00:00,19259.06,28822.10
2026-06-24 11:00:00,15625.56,44574.18
2026-06-24 12:00:00,6438.16,6974.10
2026-06-24 13:00:00,23204.32,12841.40
2026-06-24 14:00:00,60405.19,1919.95
2026-06-24 15:00:00,33898.40,56670.32
2026-06-24 16:00:00,45872.85,30581.52
2026-06-24 17:00:00,50409.85,21965.41
2026-06-24 18:00:00,25646.76,12767.11
2026-06-24 19:00:00,9943.33,7155.60
2026-06-24 20:00:00,4380.79,2131.09
2026-06-24 21:00:00,6030.11,18884.63
2026-06-24 22:00:00,0.00,4220.68
2026-06-24 23:00:00,722.04,3943.06
2026-06-25 00:00:00,44.95,4992.51
2026-06-25 01:00:00,13190.87,666.15
2026-06-25 02:00:00,11241.48,1158.85
2026-06-25 03:00:00,205.90,9337.63
2026-06-25 04:00:00,2176.56,418.01
2026-06-25 05:00:00,1191.50,3995.72
2026-06-25 06:00:00,1175.52,4596.64
2026-06-25 07:00:00,1115.56,1486.15
2026-06-25 08:00:00,16753.85,1588.28
2026-06-25 09:00:00,13689.05,237.36
2026-06-25 10:00:00,6522.60,121.48
2026-06-25 11:00:00,3951.24,536.08
2026-06-25 12:00:00,15590.75,3910.72
2026-06-25 13:00:00,504.17,23.92
2026-06-25 14:00:00,93247.70,4411.31
2026-06-25 15:00:00,1951.24,4465.00
2026-06-25 16:00:00,6177.80,3488.00
2026-06-25 17:00:00,1327.39,6898.37
2026-06-25 18:00:00,836.26,220.51
2026-06-25 19:00:00,6.68,5091.79
2026-06-25 20:00:00,461.10,11485.76
2026-06-25 21:00:00,265.04,6165.25
2026-06-25 22:00:00,4447.58,149.78
2026-06-25 23:00:00,0.00,1727.21
2026-06-26 00:00:00,4631.29,2697.54
2026-06-26 01:00:00,0.00,7497.61
2026-06-26 02:00:00,1025.29,47.70
2026-06-26 03:00:00,1682.88,961.98
2026-06-26 04:00:00,4944.98,4743.41
2026-06-26 05:00:00,7586.87,17.63
2026-06-26 06:00:00,768.41,142.01
2026-06-26 07:00:00,579.02,281.18
2026-06-26 08:00:00,0.00,781.28
2026-06-26 09:00:00,33.39,16625.00
2026-06-26 10:00:00,7377.45,81030.78
2026-06-26 11:00:00,63503.62,41138.15
2026-06-26 12:00:00,9776.26,10042.03
2026-06-26 13:00:00,26020.97,1535.76
2026-06-26 14:00:00,3257.31,5091.23
2026-06-26 15:00:00,14899.53,1090.17
2026-06-26 16:00:00,614.89,2130.78
2026-06-26 17:00:00,4227.17,2606.23
2026-06-26 18:00:00,1262.51,8510.83
2026-06-26 19:00:00,64.86,3538.21
2026-06-26 20:00:00,1041.83,759.20
2026-06-26 21:00:00,6413.51,8495.25
2026-06-26 22:00:00,17099.20,38.18
2026-06-26 23:00:00,635.77,156.23
2026-06-27 00:00:00,3499.63,140.14
2026-06-27 01:00:00,1267.98,2141.37
2026-06-27 02:00:00,3755.27,3487.01
2026-06-27 03:00:00,1286.68,80.43
2026-06-27 04:00:00,14.71,0.00
2026-06-27 05:00:00,4598.83,147.48
2026-06-27 06:00:00,5813.94,970.15
2026-06-27 07:00:00,1202.22,533.50
2026-06-27 08:00:00,11098.74,2125.78
2026-06-27 09:00:00,35.21,72.02
2026-06-27 10:00:00,188.12,9339.28
2026-06-27 11:00:00,4391.75,8149.28
2026-06-27 12:00:00,4995.11,6369.21
2026-06-27 13:00:00,2009.61,76.93
2026-06-27 14:00:00,1510.74,6735.84
2026-06-27 15:00:00,30386.95,0.00
2026-06-27 16:00:00,6354.30,16.46
2026-06-27 17:00:00,35383.88,568.13
2026-06-27 18:00:00,3804.74,7612.20
2026-06-27 19:00:00,8555.67,1819.72
2026-06-27 20:00:00,0.00,609.84
2026-06-27 21:00:00,0.00,393.66
2026-06-27 22:00:00,2367.40,10776.73
2026-06-27 23:00:00,4599.26,1321.86
2026-06-28 00:00:00,9108.84,13.04
2026-06-28 01:00:00,5.08,2714.85
2026-06-28 02:00:00,4426.79,6575.55
2026-06-28 03:00:00,77.02,2409.35
2026-06-28 04:00:00,675.12,1978.72
2026-06-28 05:00:00,204.81,252.88
2026-06-28 06:00:00,781.22,395.70
2026-06-28 07:00:00,1359.36,2649.30
2026-06-28 08:00:00,0.00,3552.06
2026-06-28 09:00:00,2316.10,934.60
2026-06-28 10:00:00,197.59,796.08
2026-06-28 11:00:00,277.28,636.80
2026-06-28 12:00:00,1402.98,5316.53
2026-06-28 13:00:00,781.28,139.57
2026-06-28 14:00:00,457.31,514.81
2026-06-28 15:00:00,2742.89,843.95
2026-06-28 16:00:00,0.00,4975.52
2026-06-28 17:00:00,43.17,542.72
2026-06-28 18:00:00,2693.78,2098.05
2026-06-28 19:00:00,64.28,14.37
2026-06-28 20:00:00,201.29,0.00
2026-06-28 21:00:00,123.83,1963.99
2026-06-28 22:00:00,5.06,0.00
2026-06-28 23:00:00,0.00,650.44
2026-06-29 00:00:00,93.69,62.55
2026-06-29 01:00:00,7.30,68.58
2026-06-29 02:00:00,0.00,279.24
2026-06-29 03:00:00,0.09,7791.95
2026-06-29 04:00:00,1264.07,12748.40
2026-06-29 05:00:00,401.27,1182.03
2026-06-29 06:00:00,1162.55,11312.06
2026-06-29 07:00:00,4261.57,8650.13
2026-06-29 08:00:00,268.74,23895.59
2026-06-29 09:00:00,8128.78,11221.07
2026-06-29 10:00:00,2236.47,30083.94
2026-06-29 11:00:00,26211.37,16407.71
2026-06-29 12:00:00,1949.45,25170.58
2026-06-29 13:00:00,24246.79,5135.37
2026-06-29 14:00:00,16750.00,4621.14
2026-06-29 15:00:00,619.86,9754.40
2026-06-29 16:00:00,4007.34,10577.56
2026-06-29 17:00:00,909.67,16889.09
2026-06-29 18:00:00,3156.02,16441.46
2026-06-29 19:00:00,2514.32,30363.76
2026-06-29 20:00:00,9074.79,11931.24
2026-06-29 21:00:00,20359.10,9150.31
2026-06-29 22:00:00,8177.75,29608.46
2026-06-29 23:00:00,16819.32,9425.30
2026-06-30 00:00:00,3845.87,7727.83
2026-06-30 01:00:00,10959.87,22296.31
2026-06-30 02:00:00,30892.03,18550.66
2026-06-30 03:00:00,110510.13,16842.50
2026-06-30 04:00:00,10484.61,39282.94
2026-06-30 05:00:00,13023.95,21870.11
2026-06-30 06:00:00,1787.82,51876.47
2026-06-30 07:00:00,24111.47,65297.00
2026-06-30 08:00:00,67401.68,5776.94
2026-06-30 09:00:00,97433.16,4011.59
2026-06-30 10:00:00,46787.55,65819.37
2026-06-30 11:00:00,9243.55,69203.67
2026-06-30 12:00:00,2106.34,19856.90
2026-06-30 13:00:00,2026.47,17258.52
2026-06-30 14:00:00,1454.40,15393.84
2026-06-30 15:00:00,4173.61,12980.56
2026-06-30 16:00:00,49334.85,15950.37
2026-06-30 17:00:00,16103.50,5131.94
2026-06-30 18:00:00,12571.47,5108.03
2026-06-30 19:00:00,32429.09,422.08
2026-06-30 20:00:00,2691.49,8665.78
2026-06-30 21:00:00,2935.84,3156.03
2026-06-30 22:00:00,669.13,1630.35
2026-06-30 23:00:00,100.89,528.64
2026-07-01 00:00:00,6186.93,7.65
2026-07-01 01:00:00,13472.89,3236.32
2026-07-01 02:00:00,16697.58,2012.24
2026-07-01 03:00:00,7659.18,947.83
2026-07-01 04:00:00,37546.74,19198.21
2026-07-01 05:00:00,3601.15,10148.34
2026-07-01 06:00:00,3707.04,4112.81
2026-07-01 07:00:00,6150.27,8705.71
2026-07-01 08:00:00,9392.13,0.08
2026-07-01 09:00:00,44711.08,9536.79
2026-07-01 10:00:00,17324.87,15646.26
2026-07-01 11:00:00,13933.37,9079.48
2026-07-01 12:00:00,10.63,11101.94
2026-07-01 13:00:00,3781.63,7936.81
2026-07-01 14:00:00,67.23,13.43
2026-07-01 15:00:00,16109.33,5456.66
2026-07-01 16:00:00,853.31,10699.73
2026-07-01 17:00:00,2810.33,1569.02
2026-07-01 18:00:00,554.88,2890.76
2026-07-01 19:00:00,1101.58,7913.09
2026-07-01 20:00:00,10396.99,542.53
2026-07-01 21:00:00,9569.14,5.64
2026-07-01 22:00:00,2639.83,163.49
2026-07-01 23:00:00,11534.64,713.99
2026-07-02 00:00:00,487.21,954.18
2026-07-02 01:00:00,824.47,1530.72
2026-07-02 02:00:00,135.49,8371.33
2026-07-02 03:00:00,391.05,3109.49
2026-07-02 04:00:00,683.26,97.64
2026-07-02 05:00:00,0.00,4019.70
2026-07-02 06:00:00,3238.09,60.54
2026-07-02 07:00:00,5797.27,5416.31
2026-07-02 08:00:00,557.37,253.96
2026-07-02 09:00:00,1077.11,0.00
2026-07-02 10:00:00,3352.85,186.42
2026-07-02 11:00:00,2703.84,793.68
2026-07-02 12:00:00,0.00,102.03
2026-07-02 13:00:00,115.22,185.73
2026-07-02 14:00:00,54.61,3772.07
2026-07-02 15:00:00,9020.67,141.04
2026-07-02 16:00:00,999.59,2277.36
2026-07-02 17:00:00,1785.66,0.00
2026-07-02 18:00:00,7.34,0.00
2026-07-02 19:00:00,0.00,855.99
2026-07-02 20:00:00,13.64,0.00
2026-07-02 21:00:00,0.00,11.74
2026-07-02 22:00:00,72.07,2153.49
2026-07-02 23:00:00,39.14,15.90
2026-07-03 00:00:00,262.30,0.00
2026-07-03 01:00:00,7489.21,0.00
2026-07-03 02:00:00,154.17,906.02
2026-07-03 03:00:00,1.08,233.59
2026-07-03 05:00:00,0.00,5.45
2026-07-03 06:00:00,215.36,994.89
2026-07-03 07:00:00,0.00,1550.39
2026-07-03 08:00:00,1892.25,4567.68
2026-07-03 09:00:00,64.43,4678.63
2026-07-03 10:00:00,2661.69,5137.20
2026-07-03 11:00:00,26.34,180.98
2026-07-03 12:00:00,168.13,877.04
2026-07-03 13:00:00,2192.57,0.00
2026-07-03 14:00:00,1618.80,0.00
2026-07-03 15:00:00,5741.87,27.98
2026-07-03 16:00:00,0.00,2923.42
2026-07-03 17:00:00,502.77,425.53
2026-07-03 18:00:00,36.68,0.00
2026-07-03 19:00:00,5.97,3298.79
2026-07-03 20:00:00,398.05,411.96
2026-07-03 21:00:00,4776.21,1115.68
2026-07-03 22:00:00,596.44,1176.09
2026-07-03 23:00:00,5.64,6334.22
2026-07-04 00:00:00,1750.94,11463.73
2026-07-04 01:00:00,1857.09,103.64
2026-07-04 02:00:00,15999.10,630.41
2026-07-04 03:00:00,118.56,608.02
2026-07-04 04:00:00,1031.86,99.96
2026-07-04 05:00:00,37.29,0.00
2026-07-04 06:00:00,0.00,182.21
2026-07-04 07:00:00,0.00,28.89
2026-07-04 08:00:00,90.72,9.41
2026-07-04 10:00:00,5110.44,78.38
2026-07-04 11:00:00,0.00,87.42
2026-07-04 12:00:00,621.24,213.04
2026-07-04 13:00:00,0.00,211.59
2026-07-04 14:00:00,4622.84,58.82
2026-07-04 15:00:00,93.44,525.26
2026-07-04 16:00:00,30.14,0.00
2026-07-04 17:00:00,0.00,102.57
2026-07-04 18:00:00,878.33,1122.86
2026-07-04 19:00:00,201.95,0.00
2026-07-04 20:00:00,7.68,0.00
2026-07-04 22:00:00,5.70,0.00
2026-07-04 23:00:00,20318.29,63.90
2026-07-05 00:00:00,863.45,310.76
2026-07-05 01:00:00,589.74,6267.95
2026-07-05 02:00:00,1004.61,276.37
2026-07-05 03:00:00,306.38,1806.42
2026-07-05 04:00:00,120.55,3923.42
2026-07-05 07:00:00,3562.29,441.29
2026-07-05 08:00:00,77.30,0.00
2026-07-05 09:00:00,6483.20,64.12
2026-07-05 10:00:00,1053.47,0.00
2026-07-05 11:00:00,0.00,5529.74
2026-07-05 13:00:00,0.00,576.20
2026-07-05 14:00:00,263.41,0.00
2026-07-05 15:00:00,0.10,15.27
2026-07-05 16:00:00,972.68,1891.65
2026-07-05 17:00:00,97.33,1274.80
2026-07-05 18:00:00,13.79,1237.59
2026-07-05 19:00:00,2552.30,2603.27
2026-07-05 20:00:00,5030.15,0.00
2026-07-05 21:00:00,1017.34,23.17
2026-07-05 22:00:00,897.42,10.03
2026-07-05 23:00:00,152.53,1941.05
2026-07-06 00:00:00,0.00,45.33
2026-07-06 01:00:00,7004.48,1191.92
2026-07-06 02:00:00,24.65,2081.84
2026-07-06 03:00:00,181.49,1670.21
2026-07-06 04:00:00,3530.58,775.36
2026-07-06 05:00:00,1696.92,7687.81
2026-07-06 06:00:00,666.59,66.35
2026-07-06 07:00:00,723.93,3996.13
2026-07-06 08:00:00,1917.43,6.47
2026-07-06 09:00:00,3968.37,12860.76
2026-07-06 10:00:00,12036.48,534.63
2026-07-06 11:00:00,4596.39,2090.43
2026-07-06 12:00:00,9297.64,103.93
2026-07-06 13:00:00,19067.36,603.83
2026-07-06 14:00:00,14427.91,208.30
2026-07-06 15:00:00,3000.75,100.54
2026-07-06 16:00:00,4814.19,4768.02
2026-07-06 17:00:00,277.98,1.14
2026-07-06 18:00:00,20.19,24.95
2026-07-06 19:00:00,307.86,316.18
2026-07-06 20:00:00,6.21,315.28
2026-07-06 21:00:00,16.19,273.26
2026-07-06 22:00:00,538.91,4074.20
2026-07-06 23:00:00,0.00,614.10
2026-07-07 00:00:00,29.97,0.00
2026-07-07 01:00:00,85.99,61.49
2026-07-07 02:00:00,3141.68,12.92
2026-07-07 03:00:00,858.50,0.00
2026-07-07 04:00:00,5132.91,293.48
2026-07-07 05:00:00,550.50,0.00
2026-07-07 06:00:00,0.00,1023.18
2026-07-07 07:00:00,4236.48,0.00
2026-07-07 08:00:00,22.62,6310.97
2026-07-07 09:00:00,7.07,5.10
2026-07-07 10:00:00,0.00,2457.14
2026-07-07 11:00:00,5.37,2394.37
2026-07-07 12:00:00,0.00,41.18
2026-07-07 13:00:00,2240.54,141.18
2026-07-07 14:00:00,66.00,0.00
2026-07-07 15:00:00,619.59,64.46
2026-07-07 16:00:00,2429.99,0.00
2026-07-07 17:00:00,1420.33,0.00
2026-07-07 18:00:00,7334.62,1140.48
2026-07-07 19:00:00,1424.52,0.00
2026-07-07 20:00:00,1281.41,0.00
2026-07-07 22:00:00,124.55,23.38
2026-07-07 23:00:00,17.04,0.00
2026-07-08 00:00:00,4.40,11.06
2026-07-08 01:00:00,0.00,286.98
2026-07-08 02:00:00,6947.55,0.00
2026-07-08 03:00:00,28527.46,0.00
2026-07-08 04:00:00,4468.29,749.78
2026-07-08 05:00:00,559.26,0.00
2026-07-08 06:00:00,14.82,1.93
2026-07-08 07:00:00,14029.16,21.94
2026-07-08 08:00:00,300.33,486.79
2026-07-08 09:00:00,2932.95,0.00
2026-07-08 10:00:00,5024.50,0.00
2026-07-08 11:00:00,12321.19,207.03
2026-07-08 12:00:00,1299.14,470.43
2026-07-08 13:00:00,0.00,150.06
2026-07-08 14:00:00,67.39,0.00
2026-07-08 15:00:00,13500.83,1000.94
2026-07-08 16:00:00,6928.95,0.00
2026-07-08 17:00:00,10.36,1238.06
2026-07-08 18:00:00,34.00,12.79
2026-07-08 19:00:00,270.80,5.70
2026-07-08 20:00:00,15.00,0.00
2026-07-08 21:00:00,224.67,68.90
2026-07-08 22:00:00,11197.25,0.00
2026-07-08 23:00:00,851.49,22.48
2026-07-09 00:00:00,0.00,1470.51
2026-07-09 01:00:00,3626.10,274.98
2026-07-09 02:00:00,202.00,2052.58
2026-07-09 03:00:00,225.38,0.00
2026-07-09 04:00:00,1008.94,632.75
2026-07-09 05:00:00,35.17,428.90
2026-07-09 06:00:00,81.00,0.00
2026-07-09 07:00:00,0.00,4020.08
2026-07-09 08:00:00,662.27,2931.69
2026-07-09 09:00:00,2984.87,0.00
2026-07-09 10:00:00,8958.53,1853.69
2026-07-09 11:00:00,13609.30,3620.58
2026-07-09 12:00:00,2476.70,403.13
2026-07-09 13:00:00,495.61,0.00
2026-07-09 14:00:00,0.00,4743.44
2026-07-09 15:00:00,1141.17,371.08
2026-07-09 16:00:00,338.05,758.07
2026-07-09 17:00:00,0.00,8978.00
2026-07-09 18:00:00,70.88,7634.27
2026-07-09 19:00:00,7019.49,1400.95
2026-07-09 20:00:00,208.05,20.84
2026-07-09 21:00:00,2.74,0.00
2026-07-09 22:00:00,0.00,658.11
2026-07-09 23:00:00,144.63,0.00
2026-07-10 00:00:00,0.00,1458.21
2026-07-10 01:00:00,1599.55,6476.87
2026-07-10 02:00:00,5121.77,347.48
2026-07-10 03:00:00,79.50,0.00
2026-07-10 04:00:00,1092.35,763.10
2026-07-10 06:00:00,10118.10,0.00
2026-07-10 07:00:00,2137.39,30.59
2026-07-10 08:00:00,3562.02,0.00
2026-07-10 09:00:00,540.98,2186.85
2026-07-10 10:00:00,812.66,87.58
2026-07-10 11:00:00,0.00,317.09
2026-07-10 12:00:00,133.50,5096.47
2026-07-10 13:00:00,984.98,0.00
2026-07-10 14:00:00,640.14,0.00
2026-07-10 15:00:00,0.00,149.31
2026-07-10 16:00:00,162.08,1467.89
2026-07-10 17:00:00,1541.85,5041.88
2026-07-10 18:00:00,385.50,3427.28
2026-07-10 19:00:00,14.83,0.00
2026-07-10 20:00:00,0.00,5.30
2026-07-10 22:00:00,729.67,0.00
2026-07-10 23:00:00,3078.58,0.22
2026-07-11 03:00:00,28.10,228.45
2026-07-11 05:00:00,7875.48,580.25
2026-07-11 06:00:00,0.00,0.38
2026-07-11 07:00:00,305.77,0.00
2026-07-11 08:00:00,671.85,56.36
2026-07-11 09:00:00,0.00,2602.55
2026-07-11 10:00:00,4565.67,632.69
2026-07-11 11:00:00,114.15,24.88
2026-07-11 12:00:00,1206.62,0.00
2026-07-11 13:00:00,637.54,0.00
2026-07-11 14:00:00,2493.88,0.00
2026-07-11 15:00:00,23.98,0.00
2026-07-11 16:00:00,405.41,0.00
2026-07-11 17:00:00,12910.91,28.58
2026-07-11 18:00:00,4926.53,0.00
2026-07-11 19:00:00,728.85,0.00
2026-07-11 20:00:00,3070.77,0.00
2026-07-11 21:00:00,214.67,0.00
2026-07-11 22:00:00,8312.63,0.00
2026-07-11 23:00:00,5683.33,205.28
2026-07-12 00:00:00,4376.30,0.00
2026-07-12 01:00:00,44879.40,0.00
2026-07-12 02:00:00,2307.82,358.84
2026-07-12 04:00:00,3979.54,0.00
2026-07-12 05:00:00,158.89,11432.87
2026-07-12 06:00:00,4918.92,0.00
2026-07-12 07:00:00,418.20,182.86
2026-07-12 08:00:00,17.90,714.35
2026-07-12 09:00:00,0.00,105.63
2026-07-12 10:00:00,1050.38,79.98
2026-07-12 11:00:00,90.14,0.00
2026-07-12 12:00:00,0.00,5183.23
2026-07-12 13:00:00,436.68,702.11
2026-07-12 14:00:00,355.41,0.00
2026-07-12 16:00:00,8.91,0.00
2026-07-12 17:00:00,7.76,1063.71
2026-07-12 18:00:00,113.95,11607.76
2026-07-12 19:00:00,94.37,1949.88
2026-07-12 20:00:00,1072.99,0.00
2026-07-12 21:00:00,1617.47,0.00
2026-07-12 22:00:00,480.43,0.00
2026-07-12 23:00:00,5620.62,0.00
2026-07-13 02:00:00,1132.03,0.00
2026-07-13 03:00:00,410.08,0.00
2026-07-13 04:00:00,655.89,25.99
2026-07-13 06:00:00,810.70,125.87
2026-07-13 07:00:00,460.15,0.00
2026-07-13 08:00:00,157.46,12.28
2026-07-13 09:00:00,2009.94,0.00
2026-07-13 10:00:00,0.00,100.64
2026-07-13 11:00:00,744.21,0.00
2026-07-13 12:00:00,9.88,5257.42
2026-07-13 13:00:00,328.86,320.04
2026-07-13 14:00:00,48.01,27.14
2026-07-13 15:00:00,2282.49,0.00
2026-07-13 16:00:00,56.62,0.00
2026-07-13 17:00:00,3581.75,0.00
2026-07-13 18:00:00,603.29,260.54
2026-07-13 20:00:00,6512.07,0.00
2026-07-13 21:00:00,205.08,0.00
2026-07-13 22:00:00,722.85,0.00
2026-07-13 23:00:00,397.49,0.00
2026-07-14 00:00:00,0.00,40.89
2026-07-14 01:00:00,715.41,1197.19
2026-07-14 02:00:00,2310.71,4337.66
2026-07-14 03:00:00,31.10,26.31
2026-07-14 04:00:00,0.00,20.01
2026-07-14 05:00:00,2062.54,0.00
2026-07-14 06:00:00,0.00,2154.10
2026-07-14 07:00:00,799.11,0.00
2026-07-14 09:00:00,9.69,103.12
2026-07-14 10:00:00,2913.92,0.00
2026-07-14 12:00:00,0.08,0.00
2026-07-14 13:00:00,0.00,165.84
2026-07-14 14:00:00,255.00,0.00
2026-07-14 15:00:00,417.77,12982.50
2026-07-14 16:00:00,1974.97,207.29
2026-07-14 17:00:00,0.00,108.63
2026-07-14 18:00:00,208.43,71.81
2026-07-14 19:00:00,1833.89,0.00
2026-07-14 20:00:00,62.79,0.00
2026-07-14 21:00:00,5278.14,0.00
2026-07-14 22:00:00,1620.65,0.00
2026-07-15 01:00:00,1389.78,0.00
2026-07-15 02:00:00,0.00,5.98
2026-07-15 03:00:00,5558.37,0.00
2026-07-15 05:00:00,0.00,22.82
2026-07-15 06:00:00,0.00,1305.29
2026-07-15 07:00:00,0.00,304.28
2026-07-15 08:00:00,27.98,5214.08
2026-07-15 09:00:00,159.52,8327.43
2026-07-15 10:00:00,1802.31,160.80
2026-07-15 11:00:00,284.71,12800.69
2026-07-15 12:00:00,15434.24,19884.86
2026-07-15 13:00:00,8662.68,7532.00
2026-07-15 14:00:00,5108.86,1338.36
2026-07-15 15:00:00,259.05,99.10
2026-07-15 16:00:00,516.74,1370.07
2026-07-15 17:00:00,5353.69,1161.90
2026-07-15 18:00:00,203.94,500.10
2026-07-15 19:00:00,84.84,0.00
2026-07-15 20:00:00,4570.11,0.00
2026-07-15 21:00:00,0.00,320.34
2026-07-15 22:00:00,0.00,333.06
2026-07-15 23:00:00,24.64,798.04
2026-07-16 00:00:00,2696.93,0.00
2026-07-16 01:00:00,11083.26,0.00
2026-07-16 02:00:00,24386.41,1871.44
2026-07-16 03:00:00,6984.27,9307.31
2026-07-16 04:00:00,0.00,2659.84
2026-07-16 05:00:00,7529.72,5769.64
2026-07-16 06:00:00,10163.85,74.06
2026-07-16 07:00:00,5076.50,0.00
2026-07-16 08:00:00,3535.52,2318.52
2026-07-16 09:00:00,3236.07,29.49
2026-07-16 10:00:00,4100.04,5649.57
2026-07-16 11:00:00,465.56,490.11
2026-07-16 12:00:00,1.57,629.93
2026-07-16 13:00:00,8.77,420.55
2026-07-16 14:00:00,4109.86,3984.42
2026-07-16 15:00:00,22.02,3856.42
2026-07-16 16:00:00,353.20,803.29
2026-07-16 17:00:00,0.00,4071.07
2026-07-16 18:00:00,114.51,5.77
2026-07-16 19:00:00,0.00,74.96
2026-07-16 22:00:00,147.79,0.00
2026-07-16 23:00:00,1365.64,3839.17
2026-07-17 00:00:00,233.69,1867.93
2026-07-17 01:00:00,2086.89,1177.98
2026-07-17 02:00:00,79.28,550.72
2026-07-17 03:00:00,5545.13,2654.07
2026-07-17 04:00:00,448.61,7223.99
2026-07-17 05:00:00,3796.93,236.04
2026-07-17 06:00:00,165.12,0.00
2026-07-17 07:00:00,1594.15,1614.17
2026-07-17 08:00:00,88.24,0.00
2026-07-17 09:00:00,7.51,80.16
2026-07-17 10:00:00,150.47,2010.00
2026-07-17 11:00:00,289.36,18342.86
2026-07-17 12:00:00,2222.82,2323.98
2026-07-17 13:00:00,2005.64,9581.93
2026-07-17 14:00:00,307.25,339.04
2026-07-17 15:00:00,5.34,13879.63
2026-07-17 16:00:00,636.25,67.37
2026-07-17 17:00:00,7535.25,819.72
2026-07-17 18:00:00,0.00,411.13
2026-07-17 19:00:00,0.00,1069.08
2026-07-17 20:00:00,33.48,162.65
2026-07-17 21:00:00,145.49,2738.18
2026-07-17 22:00:00,70.92,2897.05
2026-07-17 23:00:00,612.58,7583.16
2026-07-18 00:00:00,1040.62,155.59
2026-07-18 01:00:00,156.56,59.64
2026-07-18 02:00:00,371.71,50.04
2026-07-18 03:00:00,170.69,0.00
2026-07-18 04:00:00,150.45,2616.74
2026-07-18 05:00:00,163.14,37.26
2026-07-18 06:00:00,15894.09,52.64
2026-07-18 07:00:00,11133.12,7.42
2026-07-18 08:00:00,385.49,0.00
2026-07-18 09:00:00,1767.04,0.00
2026-07-18 10:00:00,2532.96,305.54
2026-07-18 11:00:00,0.00,5618.71
2026-07-18 13:00:00,1189.25,1773.63
2026-07-18 14:00:00,50.52,0.00
2026-07-18 15:00:00,336.46,0.00
2026-07-18 16:00:00,3278.84,0.00
2026-07-18 17:00:00,1758.55,2678.54
2026-07-18 18:00:00,5031.31,2229.48
2026-07-18 19:00:00,10114.89,0.00
2026-07-18 20:00:00,0.00,426.60
2026-07-18 21:00:00,92.35,0.00
2026-07-18 22:00:00,46.05,1868.41
2026-07-18 23:00:00,12.46,0.00
2026-07-19 02:00:00,0.00,155.95
2026-07-19 03:00:00,208.71,0.00
2026-07-19 04:00:00,236.14,55.84
2026-07-19 06:00:00,307.11,0.00
2026-07-19 07:00:00,6032.69,0.00
2026-07-19 08:00:00,0.00,200.19
2026-07-19 09:00:00,1092.75,184.58
2026-07-19 10:00:00,2220.10,4989.58
2026-07-19 11:00:00,91.55,58.32
2026-07-19 12:00:00,0.00,742.48
2026-07-19 13:00:00,0.00,0.09
2026-07-19 14:00:00,0.00,569.77
2026-07-19 15:00:00,220.54,1892.52
2026-07-19 16:00:00,274.30,0.00
2026-07-19 17:00:00,247.65,2837.67
2026-07-19 18:00:00,0.00,240.81
2026-07-19 19:00:00,19.93,7524.18
2026-07-19 20:00:00,14.10,161.83
2026-07-19 21:00:00,4805.03,19.21
2026-07-19 22:00:00,51.06,0.00
2026-07-19 23:00:00,0.00,0.26
2026-07-20 00:00:00,328.18,83.74
2026-07-20 01:00:00,17.14,83.67
2026-07-20 02:00:00,4304.93,0.86
2026-07-20 03:00:00,121.36,47.98
2026-07-20 04:00:00,0.00,370.77
2026-07-20 06:00:00,173.36,0.00
2026-07-20 07:00:00,0.00,130.18
2026-07-20 08:00:00,0.00,522.62
2026-07-20 09:00:00,0.00,966.81
2026-07-20 10:00:00,0.00,2696.98
2026-07-20 11:00:00,18.09,482.78
2026-07-20 12:00:00,1706.01,0.00
2026-07-20 13:00:00,170.09,3040.01
2026-07-20 14:00:00,7.71,6142.59
2026-07-20 15:00:00,469.43,0.00
2026-07-20 16:00:00,775.12,1141.17
2026-07-20 17:00:00,309.07,0.00
2026-07-20 18:00:00,6.24,12075.12
2026-07-20 19:00:00,3130.36,14485.05
2026-07-20 20:00:00,517.80,0.00
2026-07-20 21:00:00,5441.04,78.30
2026-07-20 22:00:00,1400.82,0.00
2026-07-20 23:00:00,3379.56,0.00
2026-07-21 00:00:00,11222.76,0.00
2026-07-21 01:00:00,7083.34,88.82
2026-07-21 02:00:00,2033.94,11398.34
2026-07-21 03:00:00,1527.88,406.20
2026-07-21 04:00:00,3014.83,1847.71
2026-07-21 05:00:00,10122.12,1756.51
2026-07-21 06:00:00,2633.08,1356.46
2026-07-21 07:00:00,16.50,1127.81
2026-07-21 08:00:00,750.27,13047.73
2026-07-21 09:00:00,9244.40,5.08
2026-07-21 10:00:00,177.01,322.76
2026-07-21 11:00:00,4511.29,1940.34
2026-07-21 12:00:00,527.33,992.38
2026-07-21 13:00:00,686.55,68.78
2026-07-21 14:00:00,724.68,36.04
2026-07-21 15:00:00,972.10,50.70
2026-07-21 16:00:00,2279.50,0.00
2026-07-21 17:00:00,5.72,518.60
2026-07-21 18:00:00,1580.22,0.00
2026-07-21 19:00:00,10.45,0.00
2026-07-21 21:00:00,20.54,0.00
2026-07-21 22:00:00,24.86,25.68
2026-07-21 23:00:00,1987.07,0.00
2026-07-22 00:00:00,118.12,0.00
2026-07-22 01:00:00,0.00,6.75
2026-07-22 02:00:00,0.00,5.97
2026-07-22 03:00:00,16.58,1308.53
2026-07-22 04:00:00,46.63,1006.87
2026-07-22 05:00:00,1273.55,3802.85
2026-07-22 07:00:00,5.60,837.40
2026-07-22 08:00:00,312.73,7017.11
2026-07-22 09:00:00,747.85,16817.07
2026-07-22 10:00:00,2361.20,13210.85
2026-07-22 11:00:00,2067.04,18698.99
2026-07-22 12:00:00,5.13,1604.23
2026-07-22 13:00:00,2853.28,4939.66
2026-07-22 14:00:00,991.10,956.78
2026-07-22 15:00:00,1814.74,104.83
2026-07-22 16:00:00,8450.52,83.97
2026-07-22 17:00:00,1627.75,2585.99
2026-07-22 18:00:00,297.76,1607.68
2026-07-22 19:00:00,3436.15,7936.73
2026-07-22 20:00:00,0.00,8.03
2026-07-22 22:00:00,25.82,1733.84
2026-07-22 23:00:00,74.20,691.87
2026-07-23 00:00:00,0.00,891.12
2026-07-23 01:00:00,154.24,89.80
2026-07-23 02:00:00,3798.49,0.00
2026-07-23 03:00:00,463.26,1502.34
2026-07-23 04:00:00,1124.39,0.00
2026-07-23 05:00:00,806.49,0.00
2026-07-23 06:00:00,80.87,47.78
2026-07-23 07:00:00,220.34,1741.03
2026-07-23 08:00:00,771.24,466.42
2026-07-23 09:00:00,643.25,13730.11
2026-07-23 10:00:00,3938.28,631.38
2026-07-23 11:00:00,4191.47,13429.75
2026-07-23 12:00:00,2195.89,365.89
2026-07-23 13:00:00,2763.65,1623.45
2026-07-23 14:00:00,366.87,408.61
2026-07-23 15:00:00,4562.05,50.59
2026-07-23 16:00:00,6695.58,600.84
2026-07-23 17:00:00,25.38,1704.53
2026-07-23 18:00:00,3497.80,3507.27
2026-07-23 19:00:00,0.00,926.84
2026-07-23 20:00:00,257.70,506.94
2026-07-23 21:00:00,0.00,1935.46
2026-07-23 22:00:00,1120.74,9560.52
2026-07-23 23:00:00,1225.74,0.00
2026-07-24 00:00:00,5197.09,8009.30
2026-07-24 01:00:00,4386.88,5612.62
2026-07-24 02:00:00,483.30,5338.99
2026-07-24 03:00:00,1229.54,2747.83
2026-07-24 04:00:00,877.06,304.77
2026-07-24 05:00:00,2386.78,0.00
2026-07-24 06:00:00,821.19,957.24
2026-07-24 07:00:00,3870.06,459.01
2026-07-24 08:00:00,2917.27,156.45
2026-07-24 09:00:00,804.56,41.92
2026-07-24 10:00:00,264.94,4701.93
2026-07-24 11:00:00,2082.46,2418.15
2026-07-24 12:00:00,0.00,8095.70
2026-07-24 13:00:00,258.63,731.49
2026-07-24 14:00:00,1038.60,2470.78
2026-07-24 15:00:00,3.16,14611.43
2026-07-24 16:00:00,248.75,0.00
2026-07-24 17:00:00,137.22,942.71
2026-07-24 18:00:00,0.00,407.03
2026-07-24 19:00:00,2165.30,0.00
2026-07-24 20:00:00,383.72,49.93
2026-07-24 21:00:00,0.00,14.60
2026-07-24 22:00:00,2984.80,0.00
2026-07-24 23:00:00,0.00,262.35
2026-07-25 01:00:00,0.00,11425.49
2026-07-25 02:00:00,0.00,150.58
2026-07-25 03:00:00,4892.95,3695.65
2026-07-25 04:00:00,4884.80,0.00
2026-07-25 05:00:00,2560.57,0.00
2026-07-25 06:00:00,4243.95,298.79
2026-07-25 07:00:00,44.94,4451.03
2026-07-25 08:00:00,0.00,586.84
2026-07-25 09:00:00,82.21,141.00
2026-07-25 10:00:00,19.76,1189.16
2026-07-25 11:00:00,1766.43,3172.74
2026-07-25 12:00:00,93.23,3136.22
2026-07-25 13:00:00,5.35,835.64
2026-07-25 14:00:00,2002.39,272.24
2026-07-25 15:00:00,2286.00,19799.17
2026-07-25 16:00:00,2104.31,5101.12
2026-07-25 18:00:00,2063.38,0.00
2026-07-25 21:00:00,0.00,4891.61
2026-07-25 22:00:00,37.19,144.47
2026-07-25 23:00:00,1.47,0.00
2026-07-26 01:00:00,538.04,1437.01
2026-07-26 02:00:00,26.47,255.21
2026-07-26 03:00:00,22.80,0.00
2026-07-26 04:00:00,0.00,10120.97
2026-07-26 06:00:00,48.88,3496.91
2026-07-26 07:00:00,19.71,4899.55
2026-07-26 08:00:00,1540.77,0.00
2026-07-26 10:00:00,0.00,87.65
2026-07-26 11:00:00,4768.64,87.97
2026-07-26 12:00:00,1303.10,168.38
2026-07-26 13:00:00,0.00,38.03
2026-07-26 14:00:00,484.41,222.04
2026-07-26 15:00:00,0.00,957.45
2026-07-26 16:00:00,0.79,3081.17
2026-07-26 17:00:00,185.38,660.68
2026-07-26 18:00:00,0.00,1309.70
2026-07-26 19:00:00,0.00,25519.01
2026-07-26 20:00:00,2359.02,24108.64
2026-07-26 21:00:00,1369.86,25890.67
2026-07-26 22:00:00,1861.47,4863.65
2026-07-26 23:00:00,425.68,7322.17
2026-07-27 00:00:00,19989.74,9486.93
2026-07-27 01:00:00,4222.76,7547.77
2026-07-27 02:00:00,7171.04,3780.72
2026-07-27 03:00:00,672.70,5951.10
2026-07-27 04:00:00,109.71,67.57
2026-07-27 05:00:00,9245.13,3276.48
2026-07-27 06:00:00,631.25,21.33
2026-07-27 07:00:00,16395.94,42706.73
2026-07-27 08:00:00,1916.53,828.58
2026-07-27 09:00:00,12705.13,0.00
2026-07-27 10:00:00,6809.18,169.26
2026-07-27 11:00:00,809.05,0.00
2026-07-27 12:00:00,361.58,583.48
2026-07-27 13:00:00,15884.04,5.34
2026-07-27 14:00:00,2410.64,0.00
2026-07-27 15:00:00,3189.98,489.34
2026-07-27 16:00:00,3602.01,783.56
2026-07-27 17:00:00,32045.40,5.71
2026-07-27 18:00:00,227.10,63.24
2026-07-27 19:00:00,0.00,787.61
2026-07-27 20:00:00,140.70,11.95
2026-07-27 21:00:00,8819.56,0.00
2026-07-27 22:00:00,3984.69,165.31
2026-07-27 23:00:00,2391.84,1883.78
2026-07-28 00:00:00,357.66,246.12
2026-07-28 01:00:00,48.23,16.04
2026-07-28 02:00:00,248.81,0.00
2026-07-28 03:00:00,9217.84,1547.53
2026-07-28 04:00:00,2093.91,6274.99
2026-07-28 05:00:00,138.52,29.10
2026-07-28 06:00:00,856.05,60.47
2026-07-28 07:00:00,0.00,2870.45
2026-07-28 08:00:00,3665.89,808.66
2026-07-28 09:00:00,1283.20,47.75
2026-07-28 10:00:00,0.00,1240.15
2026-07-28 11:00:00,276.68,5648.15
2026-07-28 12:00:00,0.00,7801.71
2026-07-28 13:00:00,24.98,0.00
2026-07-28 14:00:00,301.24,7249.49
2026-07-28 15:00:00,0.00,2341.08
2026-07-28 16:00:00,5328.13,5801.58
2026-07-28 17:00:00,2824.82,235.12
2026-07-28 18:00:00,3326.41,843.91
2026-07-28 19:00:00,0.00,606.06
2026-07-28 20:00:00,393.07,421.45
2026-07-28 21:00:00,596.34,0.00
2026-07-28 22:00:00,0.00,599.75
2026-07-29 00:00:00,24.69,15.65
2026-07-29 01:00:00,710.40,301.19
2026-07-29 02:00:00,2311.36,4882.96
2026-07-29 03:00:00,1796.67,1377.27
2026-07-29 04:00:00,5662.87,1785.68
2026-07-29 05:00:00,2857.32,5256.34
2026-07-29 06:00:00,48632.26,5266.07
2026-07-29 07:00:00,1705.60,4762.25
2026-07-29 08:00:00,36851.81,8251.12
2026-07-29 09:00:00,5197.76,4320.03
2026-07-29 10:00:00,327.46,6731.17
2026-07-29 11:00:00,423.76,6848.84
2026-07-29 12:00:00,424.16,44036.28
2026-07-29 13:00:00,14626.26,3284.76
2026-07-29 14:00:00,46075.40,7107.35
2026-07-29 15:00:00,1690.41,10374.37
2026-07-29 16:00:00,987.88,1673.07
2026-07-29 17:00:00,82.90,1388.08
2026-07-29 18:00:00,14.92,956.37
2026-07-29 19:00:00,36093.12,15038.04
2026-07-29 20:00:00,455.34,470.00
2026-07-29 21:00:00,127.14,0.00
2026-07-29 22:00:00,457.45,217.17
2026-07-30 01:00:00,960.66,1893.42
2026-07-30 02:00:00,703.16,1529.48
2026-07-30 03:00:00,69.03,66.04
2026-07-30 04:00:00,9.74,2872.62
2026-07-30 05:00:00,1971.52,620.66
2026-07-30 06:00:00,13.59,3126.95
2026-07-30 07:00:00,87.91,333.18
2026-07-30 08:00:00,606.00,983.93
2026-07-30 09:00:00,40.50,135.85
2026-07-30 10:00:00,454.79,2457.48
2026-07-30 11:00:00,221.82,7.83
2026-07-30 12:00:00,368.23,3547.97
2026-07-30 13:00:00,62.70,9846.11
2026-07-30 14:00:00,2821.98,6448.94
2026-07-30 15:00:00,4488.31,2406.73
2026-07-30 16:00:00,0.00,1239.13
2026-07-30 17:00:00,1296.44,663.05
2026-07-30 19:00:00,1429.66,1250.54
2026-07-30 20:00:00,3.32,1345.95
2026-07-30 21:00:00,68.56,6.71
2026-07-30 22:00:00,5.77,1145.17
2026-07-30 23:00:00,5.92,376.62
2026-07-31 00:00:00,136.17,7305.13
2026-07-31 01:00:00,0.00,8795.97
2026-07-31 02:00:00,5.96,1256.21
2026-07-31 03:00:00,0.00,15060.68
2026-07-31 04:00:00,26690.74,10028.94
2026-07-31 05:00:00,240.37,15297.36
2026-07-31 06:00:00,3212.67,2484.51
2026-07-31 07:00:00,1015.12,1183.33
2026-07-31 08:00:00,0.00,5892.65
2026-07-31 09:00:00,947.80,0.00
2026-07-31 10:00:00,940.62,5098.92
2026-07-31 11:00:00,35.75,16037.64
2026-07-31 12:00:00,114.70,1049.72
2026-07-31 13:00:00,41.64,0.00
2026-07-31 14:00:00,1452.08,1307.51
2026-07-31 15:00:00,2180.35,746.80
2026-07-31 16:00:00,1543.68,701.52
2026-07-31 17:00:00,100.10,251.74
2026-07-31 18:00:00,767.42,0.00
2026-07-31 19:00:00,516.16,694.65
2026-07-31 20:00:00,0.00,4969.89
2026-07-31 21:00:00,407.63,0.00
2026-07-31 22:00:00,171.60,70.95
2026-07-31 23:00:00,0.00,2237.52
2026-08-01 00:00:00,1085.72,169.00
2026-08-01 01:00:00,0.00,5382.03
2026-08-01 03:00:00,0.00,1062.01
2026-08-01 04:00:00,0.00,168.79
2026-08-01 05:00:00,0.00,220.44
2026-08-01 06:00:00,0.00,215.06
2026-08-01 07:00:00,753.30,0.00
2026-08-01 08:00:00,168.94,182.31
2026-08-01 09:00:00,0.00,3594.86
2026-08-01 10:00:00,71.81,0.00
2026-08-01 11:00:00,1003.45,7215.60
2026-08-01 12:00:00,520.44,3989.86
2026-08-01 13:00:00,0.00,4649.64
2026-08-01 14:00:00,325.60,0.00
2026-08-01 15:00:00,285.17,0.00
2026-08-01 16:00:00,2171.26,0.00
2026-08-01 17:00:00,819.40,1880.07
2026-08-01 18:00:00,1008.35,20355.23
2026-08-01 19:00:00,378.90,27.94
2026-08-01 20:00:00,152.11,0.00
2026-08-01 21:00:00,0.00,55.18
2026-08-01 22:00:00,369.10,455.39
2026-08-02 00:00:00,65.64,0.00
2026-08-02 02:00:00,59.84,1120.88
2026-08-02 03:00:00,714.32,670.92
2026-08-02 04:00:00,227.67,14612.49
2026-08-02 05:00:00,0.00,1123.94
2026-08-02 06:00:00,44.20,1678.23
2026-08-02 07:00:00,0.00,305.54
2026-08-02 08:00:00,0.00,7441.83
2026-08-02 09:00:00,24037.29,14752.87
2026-08-02 10:00:00,16248.38,1021.60
2026-08-02 11:00:00,26060.05,15524.11
2026-08-02 12:00:00,10561.49,98.40
2026-08-02 13:00:00,10814.93,17414.34
2026-08-02 14:00:00,667.34,2544.47
2026-08-02 15:00:00,169.59,13055.09
2026-08-02 16:00:00,933.35,2347.56
2026-08-02 17:00:00,269.30,8684.06
2026-08-02 18:00:00,2110.00,76.90
2026-08-02 19:00:00,0.00,3584.32
2026-08-02 20:00:00,0.00,134.62
2026-08-02 21:00:00,515.76,485.08
2026-08-02 22:00:00,26.01,6194.37
2026-08-03 00:00:00,0.00,1545.90
2026-08-03 01:00:00,0.00,264.81
2026-08-03 02:00:00,5.36,11732.79
2026-08-03 03:00:00,15.14,532.87
2026-08-03 04:00:00,6700.19,52.13
2026-08-03 05:00:00,189.16,1.85
2026-08-03 06:00:00,506.43,1645.76
2026-08-03 07:00:00,0.00,2636.15
2026-08-03 08:00:00,371.65,5305.14
2026-08-03 09:00:00,40.20,7824.29
2026-08-03 10:00:00,15855.83,5464.33
2026-08-03 11:00:00,454.72,851.10
2026-08-03 12:00:00,506.49,969.63
2026-08-03 13:00:00,6274.56,6039.75
2026-08-03 14:00:00,2065.26,24053.07
2026-08-03 15:00:00,393.95,12366.01
2026-08-03 16:00:00,11607.48,1770.79
2026-08-03 17:00:00,1564.26,52927.33
2026-08-03 18:00:00,5425.77,17529.02
2026-08-03 19:00:00,220.56,3992.40
2026-08-03 20:00:00,5962.36,1644.95
2026-08-03 21:00:00,8623.93,4980.27
2026-08-03 22:00:00,7272.21,3810.76
2026-08-03 23:00:00,2267.95,887.93
2026-08-04 00:00:00,82.90,16.65
2026-08-04 01:00:00,636.00,5645.47
2026-08-04 02:00:00,95.29,6316.17
2026-08-04 03:00:00,1176.91,1225.45
2026-08-04 04:00:00,5710.05,2500.37
2026-08-04 05:00:00,129.38,14164.77
2026-08-04 06:00:00,441.60,1102.05
2026-08-04 07:00:00,107.25,245.60
2026-08-04 08:00:00,658.46,136.07
2026-08-04 09:00:00,67.98,7438.79
2026-08-04 10:00:00,0.00,6655.95
2026-08-04 11:00:00,218.26,1531.53
2026-08-04 12:00:00,0.00,695.17
2026-08-04 13:00:00,0.00,1051.52
2026-08-04 14:00:00,0.00,17323.33
2026-08-04 15:00:00,29.89,2224.03
2026-08-04 16:00:00,51236.02,85879.23
2026-08-04 17:00:00,86557.75,43039.85
2026-08-04 18:00:00,22890.26,22088.45
2026-08-04 19:00:00,36858.00,33672.89
2026-08-04 20:00:00,29978.65,14901.41
2026-08-04 21:00:00,13419.23,5029.43
2026-08-04 22:00:00,10831.23,9260.39
2026-08-04 23:00:00,10809.14,10373.27
2026-08-05 00:00:00,1860.64,5012.60
2026-08-05 01:00:00,33480.10,1389.83
2026-08-05 02:00:00,4871.39,18141.85
2026-08-05 03:00:00,2417.67,32649.12
2026-08-05 04:00:00,1693.72,9313.71
2026-08-05 05:00:00,789.21,18294.15
2026-08-05 06:00:00,57387.55,25846.70
2026-08-05 07:00:00,29193.67,5358.00
2026-08-05 08:00:00,82229.19,33641.82
2026-08-05 09:00:00,27437.66,95610.96
2026-08-05 10:00:00,32670.01,110780.41
2026-08-05 11:00:00,3786.31,61893.43
2026-08-05 12:00:00,56015.50,95869.27
2026-08-05 13:00:00,121164.91,48349.60
2026-08-05 14:00:00,17422.16,10677.81
2026-08-05 15:00:00,46922.69,4177.51
2026-08-05 16:00:00,16495.54,7483.29
2026-08-05 17:00:00,23837.99,17084.94
2026-08-05 18:00:00,19907.08,56475.58
2026-08-05 19:00:00,24156.35,13737.62
2026-08-05 20:00:00,30586.48,6947.33
2026-08-05 21:00:00,7104.54,18144.59
2026-08-05 22:00:00,5898.20,14068.38
2026-08-05 23:00:00,40.20,1898.52
2026-08-06 00:00:00,8228.04,497.41
2026-08-06 01:00:00,1694.54,1769.25
2026-08-06 02:00:00,2815.80,9082.27
2026-08-06 03:00:00,1546.11,154.17
2026-08-06 04:00:00,10167.57,8.41
2026-08-06 05:00:00,29062.65,10988.42
2026-08-06 06:00:00,5322.66,735.95
2026-08-06 07:00:00,265.88,4521.08
2026-08-06 08:00:00,885.58,13842.19
2026-08-06 09:00:00,9288.16,2680.09
2026-08-06 10:00:00,142.40,2990.12
2026-08-06 11:00:00,629.59,8241.27
2026-08-06 12:00:00,11.04,3017.23
2026-08-06 13:00:00,740.02,5.34
2026-08-06 14:00:00,3884.92,5685.26
2026-08-06 15:00:00,1339.12,12685.98
2026-08-06 16:00:00,816.56,5327.32
2026-08-06 17:00:00,12757.85,31882.10
2026-08-06 18:00:00,9018.51,2692.71
2026-08-06 19:00:00,343.19,1175.62
2026-08-06 20:00:00,0.00,11.00
2026-08-06 21:00:00,1844.20,4577.36
2026-08-06 22:00:00,102.66,5023.48
2026-08-06 23:00:00,7.07,6493.64
2026-08-07 00:00:00,1105.35,5757.29
2026-08-07 01:00:00,6667.13,0.00
2026-08-07 02:00:00,13105.71,1886.83
2026-08-07 03:00:00,13914.84,1259.68
2026-08-07 04:00:00,1037.89,2464.84
2026-08-07 05:00:00,190.38,240.41
2026-08-07 06:00:00,8493.26,4095.19
2026-08-07 07:00:00,17953.75,0.00
2026-08-07 08:00:00,2038.25,561.27
2026-08-07 09:00:00,5079.47,905.38
2026-08-07 10:00:00,3818.14,0.00
2026-08-07 11:00:00,8579.90,1537.94
2026-08-07 12:00:00,0.00,4884.57
2026-08-07 13:00:00,1337.14,6329.63
2026-08-07 14:00:00,16.83,0.00
2026-08-07 15:00:00,182.31,236.76
2026-08-07 16:00:00,24271.17,25699.37
2026-08-07 17:00:00,6232.22,13293.70
2026-08-07 18:00:00,8244.18,4356.48
2026-08-07 19:00:00,2426.57,28.31
2026-08-07 20:00:00,82.00,37.61
2026-08-07 21:00:00,1322.57,0.00
2026-08-07 22:00:00,2144.53,257.76
2026-08-07 23:00:00,2730.77,313.89
2026-08-08 01:00:00,3021.26,6636.15
2026-08-08 02:00:00,5.97,317.47
2026-08-08 03:00:00,5785.37,94.72
2026-08-08 04:00:00,1845.00,13653.62
2026-08-08 05:00:00,385.34,2998.03
2026-08-08 06:00:00,167.44,0.00
2026-08-08 07:00:00,927.36,64.49
2026-08-08 08:00:00,2019.87,0.00
2026-08-08 09:00:00,518.78,730.77
2026-08-08 10:00:00,0.00,41.27
2026-08-08 11:00:00,616.30,0.00
2026-08-08 12:00:00,602.12,430.97
2026-08-08 13:00:00,75.51,0.00
2026-08-08 14:00:00,1240.23,0.00
2026-08-08 15:00:00,566.38,48.24
2026-08-08 16:00:00,92.30,0.00
2026-08-08 17:00:00,8388.72,386.52
2026-08-08 18:00:00,10.86,134.17
2026-08-08 19:00:00,39.45,231.63
2026-08-08 20:00:00,2945.02,0.00
2026-08-08 21:00:00,4813.70,4005.06
2026-08-08 22:00:00,5.14,4699.96
2026-08-08 23:00:00,886.12,328.33
2026-08-09 00:00:00,1255.44,80.11
2026-08-09 01:00:00,1.06,277.83
2026-08-09 02:00:00,224.48,579.91
2026-08-09 03:00:00,729.68,214.10
2026-08-09 04:00:00,9.77,4994.53
2026-08-09 05:00:00,468.07,90.55
2026-08-09 06:00:00,136.42,174.88
2026-08-09 07:00:00,0.00,1186.16
2026-08-09 08:00:00,18964.26,3935.69
2026-08-09 09:00:00,1890.75,1480.39
2026-08-09 10:00:00,2374.71,0.00
2026-08-09 11:00:00,2448.66,8.03
2026-08-09 12:00:00,44.20,0.00
2026-08-09 13:00:00,1466.04,317.39
2026-08-09 14:00:00,7.78,531.45
2026-08-09 15:00:00,152.06,0.00
2026-08-09 16:00:00,15.56,243.18
2026-08-09 17:00:00,3570.96,2256.96
2026-08-09 18:00:00,398.15,0.00
2026-08-09 19:00:00,295.95,369.45
2026-08-09 20:00:00,228.72,2666.09
2026-08-09 22:00:00,117.32,852.69
2026-08-09 23:00:00,120.74,0.00
2026-08-10 00:00:00,0.00,5.39
2026-08-10 01:00:00,449.36,21.01
2026-08-10 02:00:00,0.00,12.47
2026-08-10 03:00:00,26.54,0.00
2026-08-10 04:00:00,319.73,0.00
2026-08-10 05:00:00,24.78,0.00
2026-08-10 06:00:00,20974.56,0.00
2026-08-10 07:00:00,133.90,4956.36
2026-08-10 08:00:00,0.00,40.05
2026-08-10 09:00:00,27.95,0.00
2026-08-10 10:00:00,8.56,0.00
2026-08-10 13:00:00,0.00,14.76
2026-08-10 14:00:00,189.93,19.76
2026-08-10 15:00:00,1304.83,5497.57
2026-08-10 16:00:00,1543.09,2042.35
2026-08-10 17:00:00,0.00,237.75
2026-08-10 18:00:00,0.00,199.83
2026-08-10 19:00:00,11.09,3735.01
2026-08-10 20:00:00,0.00,42.26
2026-08-10 21:00:00,158.23,0.00
2026-08-10 22:00:00,6548.29,0.00
2026-08-10 23:00:00,357.72,64.49
2026-08-11 00:00:00,1325.66,162.54
2026-08-11 01:00:00,260.43,19.76
2026-08-11 02:00:00,0.00,11.34
2026-08-11 03:00:00,2602.13,0.14
2026-08-11 04:00:00,0.00,1931.06
2026-08-11 05:00:00,7256.86,10845.23
2026-08-11 06:00:00,475.97,6333.03
2026-08-11 07:00:00,3593.01,3808.03
2026-08-11 08:00:00,526.22,179.82
2026-08-11 09:00:00,49.83,10966.04
2026-08-11 10:00:00,741.42,4198.49
2026-08-11 11:00:00,16468.91,942.51
2026-08-11 12:00:00,1003.44,1997.64
2026-08-11 13:00:00,76.00,2178.06
2026-08-11 14:00:00,3815.64,0.58
2026-08-11 15:00:00,82.62,871.68
2026-08-11 16:00:00,624.88,6391.85
2026-08-11 17:00:00,40.56,371.42
2026-08-11 18:00:00,86.67,0.00
2026-08-11 19:00:00,526.23,0.00
2026-08-11 20:00:00,70.25,427.50
2026-08-11 21:00:00,65.29,0.00
2026-08-11 22:00:00,2479.20,0.00
2026-08-11 23:00:00,92.93,116.75
2026-08-12 00:00:00,2252.65,0.00
2026-08-12 02:00:00,425.62,30.14
2026-08-12 03:00:00,35.60,0.14
2026-08-12 04:00:00,1980.40,0.00
2026-08-12 05:00:00,9.56,0.00
2026-08-12 06:00:00,9.28,122.24
2026-08-12 07:00:00,256.26,98.12
2026-08-12 08:00:00,833.52,0.00
2026-08-12 09:00:00,600.37,264.35
2026-08-12 10:00:00,158.83,0.00
2026-08-12 11:00:00,0.00,9.25
2026-08-12 12:00:00,49.74,0.00
2026-08-12 13:00:00,2159.67,1200.85
2026-08-12 14:00:00,330.97,119.65
2026-08-12 15:00:00,150.87,713.18
2026-08-12 22:00:00,1106.06,1798.46
2026-08-12 23:00:00,462.43,34.66
2026-08-13 00:00:00,98.51,581.47
2026-08-13 01:00:00,0.40,0.00
2026-08-13 02:00:00,564.41,0.00
2026-08-13 03:00:00,9.50,0.13
2026-08-13 04:00:00,2810.08,0.00
2026-08-13 05:00:00,1416.30,0.00
2026-08-13 07:00:00,41.49,0.00
2026-08-13 09:00:00,6193.52,0.00
2026-08-13 10:00:00,0.00,2133.20
2026-08-13 11:00:00,0.00,693.36
2026-08-13 12:00:00,28.24,310.30
2026-08-13 13:00:00,24.59,0.00
2026-08-13 14:00:00,165.91,0.00
2026-08-13 15:00:00,1179.83,18.32
2026-08-13 16:00:00,0.00,124.04
2026-08-13 17:00:00,2824.97,2323.03
2026-08-13 18:00:00,4614.04,0.00
2026-08-13 20:00:00,2322.71,2513.83
2026-08-13 21:00:00,0.00,1171.22
2026-08-13 22:00:00,6.18,1865.07
2026-08-14 00:00:00,1260.21,0.00
2026-08-14 01:00:00,252.72,22.35
2026-08-14 02:00:00,2743.44,0.00
2026-08-14 03:00:00,106.16,464.30
2026-08-14 05:00:00,0.00,26.96
2026-08-14 06:00:00,4053.41,44.71
2026-08-14 07:00:00,7422.58,0.00
2026-08-14 08:00:00,5.39,39.95
2026-08-14 09:00:00,5.62,5073.28
2026-08-14 10:00:00,1949.69,1020.47
2026-08-14 11:00:00,354.36,1073.69
2026-08-14 12:00:00,0.13,0.00
2026-08-14 13:00:00,0.00,0.13
2026-08-14 14:00:00,0.00,21.69
2026-08-14 15:00:00,587.09,103.93
2026-08-14 16:00:00,527.50,0.00
2026-08-14 17:00:00,68.54,0.00
2026-08-14 18:00:00,11508.18,16.54
2026-08-14 19:00:00,3560.33,438.94
2026-08-14 20:00:00,2060.08,0.00
2026-08-14 22:00:00,150.06,159.58
2026-08-14 23:00:00,0.00,157.39
2026-08-15 00:00:00,0.00,668.65
2026-08-15 01:00:00,0.00,13.83
2026-08-15 02:00:00,500.64,0.00
2026-08-15 04:00:00,90.16,0.00
2026-08-15 06:00:00,48.01,929.97
2026-08-15 08:00:00,1546.61,0.00
2026-08-15 09:00:00,743.88,0.00
2026-08-15 10:00:00,43.18,5.21
2026-08-15 12:00:00,27.08,0.00
2026-08-15 14:00:00,44.27,49.29
2026-08-15 19:00:00,42.78,0.00
2026-08-15 20:00:00,207.04,0.00
2026-08-15 21:00:00,1195.36,0.00
2026-08-15 22:00:00,214.40,0.00
2026-08-15 23:00:00,9929.00,0.00
2026-08-16 00:00:00,3018.38,0.00
2026-08-16 02:00:00,1483.63,0.00
2026-08-16 03:00:00,84.22,0.00
2026-08-16 04:00:00,7324.05,0.00
2026-08-16 05:00:00,29.11,90.38
2026-08-16 06:00:00,76.16,21.25
2026-08-16 07:00:00,62.38,0.00
2026-08-16 09:00:00,11.65,0.00
2026-08-16 12:00:00,0.00,30.68
2026-08-16 13:00:00,0.00,21.96
2026-08-16 15:00:00,139.45,0.00
2026-08-16 16:00:00,14.67,10.21
2026-08-16 17:00:00,133.26,0.00
2026-08-16 19:00:00,191.23,368.27
2026-08-16 21:00:00,0.00,10.13
2026-08-16 22:00:00,877.45,0.00
2026-08-17 00:00:00,0.00,991.35
2026-08-17 01:00:00,23.40,438.49
2026-08-17 02:00:00,0.00,2743.62
2026-08-17 03:00:00,193.53,562.57
2026-08-17 04:00:00,0.00,10.48
2026-08-17 06:00:00,128.24,0.00
2026-08-17 07:00:00,5.59,0.00
2026-08-17 08:00:00,17.55,0.00
2026-08-17 10:00:00,0.00,589.65
2026-08-17 12:00:00,0.00,11.62
2026-08-17 14:00:00,0.00,5.08
2026-08-17 16:00:00,28.37,1083.89
2026-08-17 17:00:00,815.64,0.00
2026-08-17 19:00:00,6153.26,0.00
2026-08-17 21:00:00,0.00,196.84
2026-08-17 22:00:00,198.34,0.00
2026-08-17 23:00:00,0.00,0.11
2026-08-18 01:00:00,263.48,0.00
2026-08-18 03:00:00,0.00,163.16
