time,oi_usd
2026-04-29 12:00:00,4612821.26
2026-04-29 13:00:00,4638975.58
2026-04-29 14:00:00,4572584.79
2026-04-29 15:00:00,4571593.33
2026-04-29 16:00:00,4496234.41
2026-04-29 17:00:00,4459406.51
2026-04-29 18:00:00,4525076.80
2026-04-29 19:00:00,4461578.10
2026-04-29 20:00:00,4415665.00
2026-04-29 21:00:00,4447004.11
2026-04-29 22:00:00,4462423.47
2026-04-29 23:00:00,4480627.66
2026-04-30 00:00:00,4519607.43
2026-04-30 01:00:00,4566180.62
2026-04-30 02:00:00,4544514.07
2026-04-30 03:00:00,4494059.44
2026-04-30 04:00:00,4514588.12
2026-04-30 05:00:00,4466899.50
2026-04-30 06:00:00,4453971.56
2026-04-30 07:00:00,4466295.83
2026-04-30 08:00:00,4459271.67
2026-04-30 09:00:00,4480605.87
2026-04-30 10:00:00,4504701.22
2026-04-30 11:00:00,4512427.97
2026-04-30 12:00:00,4472784.40
2026-04-30 13:00:00,4473575.95
2026-04-30 14:00:00,4486547.64
2026-04-30 15:00:00,4485978.05
2026-04-30 16:00:00,4545177.39
2026-04-30 17:00:00,4550360.58
2026-04-30 18:00:00,4573587.53
2026-04-30 19:00:00,4548752.23
2026-04-30 20:00:00,4525163.60
2026-04-30 21:00:00,4532470.49
2026-04-30 22:00:00,4529059.78
2026-04-30 23:00:00,4504688.94
2026-05-01 00:00:00,4497462.33
2026-05-01 01:00:00,4495690.58
2026-05-01 02:00:00,4525088.54
2026-05-01 03:00:00,4534110.56
2026-05-01 04:00:00,4521211.23
2026-05-01 05:00:00,4505826.87
2026-05-01 06:00:00,4503868.45
2026-05-01 07:00:00,4472552.82
2026-05-01 08:00:00,4476288.51
2026-05-01 09:00:00,4488787.27
2026-05-01 10:00:00,4488226.06
2026-05-01 11:00:00,4486192.91
2026-05-01 12:00:00,4505574.16
2026-05-01 13:00:00,4509588.54
2026-05-01 14:00:00,4525473.77
2026-05-01 15:00:00,4507535.58
2026-05-01 16:00:00,4524718.05
2026-05-01 17:00:00,4521553.98
2026-05-01 18:00:00,4522301.79
2026-05-01 19:00:00,4514535.89
2026-05-01 20:00:00,4532424.29
2026-05-01 21:00:00,4514847.15
2026-05-01 22:00:00,4522521.14
2026-05-01 23:00:00,4520755.42
2026-05-02 00:00:00,4562195.98
2026-05-02 01:00:00,4549448.93
2026-05-02 02:00:00,4536460.38
2026-05-02 03:00:00,4520374.51
2026-05-02 04:00:00,4539474.95
2026-05-02 05:00:00,4523446.94
2026-05-02 06:00:00,4537757.63
2026-05-02 07:00:00,4560854.75
2026-05-02 08:00:00,4528847.42
2026-05-02 09:00:00,4544444.75
2026-05-02 10:00:00,4554180.13
2026-05-02 11:00:00,4552087.84
2026-05-02 12:00:00,4568820.56
2026-05-02 13:00:00,4570785.54
2026-05-02 14:00:00,4591504.91
2026-05-02 15:00:00,4616722.56
2026-05-02 16:00:00,4600283.91
2026-05-02 17:00:00,4654903.87
2026-05-02 18:00:00,4652691.05
2026-05-02 19:00:00,4662060.23
2026-05-02 20:00:00,4705988.40
2026-05-02 21:00:00,4638534.39
2026-05-02 22:00:00,4643712.23
2026-05-02 23:00:00,4620884.45
2026-05-03 00:00:00,4630806.69
2026-05-03 01:00:00,4702120.12
2026-05-03 02:00:00,4602162.23
2026-05-03 03:00:00,4537869.27
2026-05-03 04:00:00,4554592.01
2026-05-03 05:00:00,4521957.27
2026-05-03 06:00:00,4530623.85
2026-05-03 07:00:00,4533945.75
2026-05-03 08:00:00,4531436.25
2026-05-03 09:00:00,4524994.40
2026-05-03 10:00:00,4530599.12
2026-05-03 11:00:00,4501634.52
2026-05-03 12:00:00,4517678.75
2026-05-03 13:00:00,4546684.43
2026-05-03 14:00:00,4549407.74
2026-05-03 15:00:00,4543069.25
2026-05-03 16:00:00,4506448.00
2026-05-03 17:00:00,4528875.97
2026-05-03 18:00:00,4525834.60
2026-05-03 19:00:00,4515259.05
2026-05-03 20:00:00,4473700.56
2026-05-03 21:00:00,4488241.13
2026-05-03 22:00:00,4426420.22
2026-05-03 23:00:00,4441714.97
2026-05-04 00:00:00,4417381.00
2026-05-04 01:00:00,4440549.21
2026-05-04 02:00:00,4466738.58
2026-05-04 03:00:00,4505448.42
2026-05-04 04:00:00,4500898.91
2026-05-04 05:00:00,4487459.13
2026-05-04 06:00:00,4482549.12
2026-05-04 07:00:00,4468951.80
2026-05-04 08:00:00,4467144.75
2026-05-04 09:00:00,4464661.77
2026-05-04 10:00:00,4481337.55
2026-05-04 11:00:00,4397278.48
2026-05-04 12:00:00,4399536.28
2026-05-04 13:00:00,4436040.17
2026-05-04 14:00:00,4476601.67
2026-05-04 15:00:00,4482131.74
2026-05-04 16:00:00,4462567.57
2026-05-04 17:00:00,4431978.39
2026-05-04 18:00:00,4456665.05
2026-05-04 19:00:00,4448271.14
2026-05-04 20:00:00,4440363.13
2026-05-04 21:00:00,4482570.03
2026-05-04 22:00:00,4513923.77
2026-05-04 23:00:00,4493174.54
2026-05-05 00:00:00,4534693.68
2026-05-05 01:00:00,4566217.18
2026-05-05 02:00:00,4568562.63
2026-05-05 03:00:00,4527179.47
2026-05-05 04:00:00,4530422.82
2026-05-05 05:00:00,4517566.39
2026-05-05 06:00:00,4542108.68
2026-05-05 07:00:00,4544558.77
2026-05-05 08:00:00,4537270.77
2026-05-05 09:00:00,4542735.60
2026-05-05 10:00:00,4572522.61
2026-05-05 11:00:00,4584391.35
2026-05-05 12:00:00,4571616.89
2026-05-05 13:00:00,4588192.35
2026-05-05 14:00:00,4588369.75
2026-05-05 15:00:00,4586549.92
2026-05-05 16:00:00,4580506.10
2026-05-05 17:00:00,4589725.81
2026-05-05 18:00:00,4613133.04
2026-05-05 19:00:00,4617129.16
2026-05-05 20:00:00,4629181.97
2026-05-05 21:00:00,4639450.62
2026-05-05 22:00:00,4587408.29
2026-05-05 23:00:00,4597966.47
2026-05-06 00:00:00,4578129.93
2026-05-06 01:00:00,4601028.51
2026-05-06 02:00:00,4645031.81
2026-05-06 03:00:00,4619750.31
2026-05-06 04:00:00,4664773.05
2026-05-06 05:00:00,4597075.27
2026-05-06 06:00:00,4590158.55
2026-05-06 07:00:00,4612955.86
2026-05-06 08:00:00,4614375.78
2026-05-06 09:00:00,4684393.91
2026-05-06 10:00:00,4712000.80
2026-05-06 11:00:00,4655077.51
2026-05-06 12:00:00,4630086.95
2026-05-06 13:00:00,4650873.95
2026-05-06 14:00:00,4588065.34
2026-05-06 15:00:00,4594195.02
2026-05-06 16:00:00,4585437.77
2026-05-06 17:00:00,4605421.22
2026-05-06 18:00:00,4591115.96
2026-05-06 19:00:00,4602584.00
2026-05-06 20:00:00,4632476.49
2026-05-06 21:00:00,4635531.55
2026-05-06 22:00:00,4645904.43
2026-05-06 23:00:00,4595180.57
2026-05-07 00:00:00,4610976.60
2026-05-07 01:00:00,4586065.87
2026-05-07 02:00:00,4549376.71
2026-05-07 03:00:00,4536593.75
2026-05-07 04:00:00,4522743.17
2026-05-07 05:00:00,4576372.91
2026-05-07 06:00:00,4602338.96
2026-05-07 07:00:00,4677207.07
2026-05-07 08:00:00,4720006.57
2026-05-07 09:00:00,4671648.52
2026-05-07 10:00:00,4671731.81
2026-05-07 11:00:00,4695297.51
2026-05-07 12:00:00,4710486.14
2026-05-07 13:00:00,4765027.81
2026-05-07 14:00:00,4746874.71
2026-05-07 15:00:00,4724733.09
2026-05-07 16:00:00,4859776.24
2026-05-07 17:00:00,4995409.09
2026-05-07 18:00:00,5252369.44
2026-05-07 19:00:00,5197481.72
2026-05-07 20:00:00,5268481.79
2026-05-07 21:00:00,5495483.08
2026-05-07 22:00:00,5551771.66
2026-05-07 23:00:00,5771167.70
2026-05-08 00:00:00,5762039.04
2026-05-08 01:00:00,5368224.42
2026-05-08 02:00:00,4988487.38
2026-05-08 03:00:00,5097962.09
2026-05-08 04:00:00,5147539.88
2026-05-08 05:00:00,5228565.69
2026-05-08 06:00:00,5105412.03
2026-05-08 07:00:00,5110753.91
2026-05-08 08:00:00,5051506.68
2026-05-08 09:00:00,5030528.55
2026-05-08 10:00:00,5099586.42
2026-05-08 11:00:00,5226009.19
2026-05-08 12:00:00,5140130.74
2026-05-08 13:00:00,5127301.59
2026-05-08 14:00:00,5159808.02
2026-05-08 15:00:00,5089810.67
2026-05-08 16:00:00,5103302.91
2026-05-08 17:00:00,5216626.79
2026-05-08 18:00:00,5229975.79
2026-05-08 19:00:00,5279919.53
2026-05-08 20:00:00,5342124.67
2026-05-08 21:00:00,5302241.20
2026-05-08 22:00:00,5279227.66
2026-05-08 23:00:00,5305896.11
2026-05-09 00:00:00,5193468.02
2026-05-09 01:00:00,5204112.19
2026-05-09 02:00:00,5332260.03
2026-05-09 03:00:00,5357817.94
2026-05-09 04:00:00,5302926.38
2026-05-09 05:00:00,5311405.93
2026-05-09 06:00:00,5299311.18
2026-05-09 07:00:00,5239214.43
2026-05-09 08:00:00,5197833.16
2026-05-09 09:00:00,5165362.66
2026-05-09 10:00:00,5095215.99
2026-05-09 11:00:00,5111555.01
2026-05-09 12:00:00,5164062.97
2026-05-09 13:00:00,5116478.23
2026-05-09 14:00:00,5054292.81
2026-05-09 15:00:00,5157548.96
2026-05-09 16:00:00,5142548.90
2026-05-09 17:00:00,5146737.06
2026-05-09 18:00:00,5130206.27
2026-05-09 19:00:00,5125704.84
2026-05-09 20:00:00,5128107.59
2026-05-09 21:00:00,5144021.95
2026-05-09 22:00:00,5116136.37
2026-05-09 23:00:00,5114338.27
2026-05-10 00:00:00,5148557.36
2026-05-10 01:00:00,5246036.29
2026-05-10 02:00:00,5251516.69
2026-05-10 03:00:00,5255859.83
2026-05-10 04:00:00,5201995.96
2026-05-10 05:00:00,5210204.45
2026-05-10 06:00:00,5233248.42
2026-05-10 07:00:00,5228836.79
2026-05-10 08:00:00,5208343.09
2026-05-10 09:00:00,5216366.53
2026-05-10 10:00:00,5132043.86
2026-05-10 11:00:00,5133131.21
2026-05-10 12:00:00,5100085.97
2026-05-10 13:00:00,5080495.71
2026-05-10 14:00:00,5102180.77
2026-05-10 15:00:00,5071198.38
2026-05-10 16:00:00,5101094.66
2026-05-10 17:00:00,5127885.67
2026-05-10 18:00:00,5149638.49
2026-05-10 19:00:00,5148586.98
2026-05-10 20:00:00,5208528.85
2026-05-10 21:00:00,4989728.21
2026-05-10 22:00:00,5010148.77
2026-05-10 23:00:00,5102273.62
2026-05-11 00:00:00,5107798.89
2026-05-11 01:00:00,5098027.32
2026-05-11 02:00:00,5096789.33
2026-05-11 03:00:00,5019391.86
2026-05-11 04:00:00,4940807.06
2026-05-11 05:00:00,5043263.57
2026-05-11 06:00:00,5082140.95
2026-05-11 07:00:00,4976847.30
2026-05-11 08:00:00,4943640.50
2026-05-11 09:00:00,4966771.75
2026-05-11 10:00:00,4980357.67
2026-05-11 11:00:00,4989155.86
2026-05-11 12:00:00,4986894.31
2026-05-11 13:00:00,4959202.12
2026-05-11 14:00:00,4920705.87
2026-05-11 15:00:00,4906404.21
2026-05-11 16:00:00,4957017.34
2026-05-11 17:00:00,4942042.13
2026-05-11 18:00:00,5008194.68
2026-05-11 19:00:00,4956293.97
2026-05-11 20:00:00,4980868.22
2026-05-11 21:00:00,4941689.72
2026-05-11 22:00:00,4966316.34
2026-05-11 23:00:00,5011550.44
2026-05-12 00:00:00,5000123.15
2026-05-12 01:00:00,4986687.10
2026-05-12 02:00:00,4932011.13
2026-05-12 03:00:00,4921843.13
2026-05-12 04:00:00,4880394.00
2026-05-12 05:00:00,5244600.47
2026-05-12 06:00:00,5254187.22
2026-05-12 07:00:00,5154225.62
2026-05-12 08:00:00,5088875.20
2026-05-12 09:00:00,5135415.33
2026-05-12 10:00:00,5102738.49
2026-05-12 11:00:00,5017843.12
2026-05-12 12:00:00,4993460.93
2026-05-12 13:00:00,5164270.20
2026-05-12 14:00:00,5110247.35
2026-05-12 15:00:00,5098980.40
2026-05-12 16:00:00,5071690.27
2026-05-12 17:00:00,5119360.44
2026-05-12 18:00:00,5191052.41
2026-05-12 19:00:00,5158150.72
2026-05-12 20:00:00,5194429.98
2026-05-12 21:00:00,5334222.49
2026-05-12 22:00:00,5193887.48
2026-05-12 23:00:00,5169590.10
2026-05-13 00:00:00,5145806.16
2026-05-13 01:00:00,5175223.32
2026-05-13 02:00:00,5255060.55
2026-05-13 03:00:00,5174473.60
2026-05-13 04:00:00,5199508.51
2026-05-13 05:00:00,5206671.70
2026-05-13 06:00:00,5120889.34
2026-05-13 07:00:00,5179031.10
2026-05-13 08:00:00,5218843.42
2026-05-13 09:00:00,5153174.90
2026-05-13 10:00:00,5168945.08
2026-05-13 11:00:00,5109196.55
2026-05-13 12:00:00,5044629.02
2026-05-13 13:00:00,4738709.61
2026-05-13 14:00:00,4662454.91
2026-05-13 15:00:00,4674081.24
2026-05-13 16:00:00,4466467.16
2026-05-13 17:00:00,4504232.08
2026-05-13 18:00:00,4560837.37
2026-05-13 19:00:00,4697994.47
2026-05-13 20:00:00,4593542.89
2026-05-13 21:00:00,4636251.54
2026-05-13 22:00:00,4586714.90
2026-05-13 23:00:00,4566804.06
2026-05-14 00:00:00,4598295.23
2026-05-14 01:00:00,4632683.57
2026-05-14 02:00:00,4698711.80
2026-05-14 03:00:00,4679569.65
2026-05-14 04:00:00,4527861.83
2026-05-14 05:00:00,4584792.91
2026-05-14 06:00:00,4632737.33
2026-05-14 07:00:00,4639991.17
2026-05-14 08:00:00,4621752.94
2026-05-14 09:00:00,4635945.45
2026-05-14 10:00:00,4626476.63
2026-05-14 11:00:00,4713143.64
2026-05-14 12:00:00,4699910.93
2026-05-14 13:00:00,4709371.89
2026-05-14 14:00:00,4702205.26
2026-05-14 15:00:00,4813491.30
2026-05-14 16:00:00,4835373.34
2026-05-14 17:00:00,4802921.83
2026-05-14 18:00:00,4803472.41
2026-05-14 19:00:00,4801877.30
2026-05-14 20:00:00,4799718.70
2026-05-14 21:00:00,4830910.44
2026-05-14 22:00:00,4830836.79
2026-05-14 23:00:00,4796700.37
2026-05-15 00:00:00,4781014.17
2026-05-15 01:00:00,4793309.19
2026-05-15 02:00:00,4748045.37
2026-05-15 03:00:00,4720051.29
2026-05-15 04:00:00,4725926.71
2026-05-15 05:00:00,4654043.79
2026-05-15 06:00:00,4590054.10
2026-05-15 07:00:00,4661307.76
2026-05-15 08:00:00,4672086.53
2026-05-15 09:00:00,4652873.50
2026-05-15 10:00:00,4674012.02
2026-05-15 11:00:00,4691565.93
2026-05-15 12:00:00,4680007.27
2026-05-15 13:00:00,4687314.61
2026-05-15 14:00:00,4252052.99
2026-05-15 15:00:00,4333697.88
2026-05-15 16:00:00,4295146.24
2026-05-15 17:00:00,4412897.60
2026-05-15 18:00:00,4420852.03
2026-05-15 19:00:00,4411156.59
2026-05-15 20:00:00,4394165.35
2026-05-15 21:00:00,4364091.76
2026-05-15 22:00:00,4381353.40
2026-05-15 23:00:00,4387646.49
2026-05-16 00:00:00,4392238.82
2026-05-16 01:00:00,4458152.43
2026-05-16 02:00:00,4429417.08
2026-05-16 03:00:00,4428960.72
2026-05-16 04:00:00,4435195.67
2026-05-16 05:00:00,4390721.85
2026-05-16 06:00:00,4388169.56
2026-05-16 07:00:00,4319055.82
2026-05-16 08:00:00,4257988.08
2026-05-16 09:00:00,4249302.63
2026-05-16 10:00:00,4223637.73
2026-05-16 11:00:00,4185604.21
2026-05-16 12:00:00,4195546.44
2026-05-16 13:00:00,4209464.34
2026-05-16 14:00:00,4247814.96
2026-05-16 15:00:00,4266507.43
2026-05-16 16:00:00,4295771.70
2026-05-16 17:00:00,4305785.44
2026-05-16 18:00:00,4294729.43
2026-05-16 19:00:00,4293568.39
2026-05-16 20:00:00,4282656.44
2026-05-16 21:00:00,4268623.90
2026-05-16 22:00:00,4302489.73
2026-05-16 23:00:00,4306155.07
2026-05-17 00:00:00,4307247.05
2026-05-17 01:00:00,4271489.34
2026-05-17 02:00:00,4243637.75
2026-05-17 03:00:00,4257795.28
2026-05-17 04:00:00,4371677.39
2026-05-17 05:00:00,4380109.68
2026-05-17 06:00:00,4341475.21
2026-05-17 07:00:00,4331517.63
2026-05-17 08:00:00,4337968.17
2026-05-17 09:00:00,4322107.30
2026-05-17 10:00:00,4336153.26
2026-05-17 11:00:00,4316554.84
2026-05-17 12:00:00,4272176.86
2026-05-17 13:00:00,4276757.94
2026-05-17 14:00:00,4267491.20
2026-05-17 15:00:00,4356261.10
2026-05-17 16:00:00,4342135.49
2026-05-17 17:00:00,4355401.27
2026-05-17 18:00:00,4340428.41
2026-05-17 19:00:00,4333020.80
2026-05-17 20:00:00,4326663.11
2026-05-17 21:00:00,4327830.31
2026-05-17 22:00:00,4360510.40
2026-05-17 23:00:00,4285456.74
2026-05-18 00:00:00,3995440.54
2026-05-18 01:00:00,4051906.27
2026-05-18 02:00:00,4044779.95
2026-05-18 03:00:00,4045061.27
2026-05-18 04:00:00,4018040.26
2026-05-18 05:00:00,4055608.19
2026-05-18 06:00:00,4007447.58
2026-05-18 07:00:00,3922806.81
2026-05-18 08:00:00,3901366.78
2026-05-18 09:00:00,3964472.92
2026-05-18 10:00:00,3856372.70
2026-05-18 11:00:00,3817989.76
2026-05-18 12:00:00,3847947.12
2026-05-18 13:00:00,3876972.37
2026-05-18 14:00:00,3887578.46
2026-05-18 15:00:00,3839386.88
2026-05-18 16:00:00,3869030.31
2026-05-18 17:00:00,3886689.64
2026-05-18 18:00:00,3897747.95
2026-05-18 19:00:00,3830607.87
2026-05-18 20:00:00,3920366.08
2026-05-18 21:00:00,3911040.63
2026-05-18 22:00:00,3950823.63
2026-05-18 23:00:00,3939589.63
2026-05-19 00:00:00,3965708.38
2026-05-19 01:00:00,4003436.45
2026-05-19 02:00:00,3987394.28
2026-05-19 03:00:00,3956009.64
2026-05-19 04:00:00,3978894.32
2026-05-19 05:00:00,4038423.65
2026-05-19 06:00:00,3999791.76
2026-05-19 07:00:00,4014204.10
2026-05-19 08:00:00,3971578.02
2026-05-19 09:00:00,3950198.95
2026-05-19 10:00:00,3925874.88
2026-05-19 11:00:00,3914128.76
2026-05-19 12:00:00,3890017.73
2026-05-19 13:00:00,3916558.79
2026-05-19 14:00:00,3929853.60
2026-05-19 15:00:00,3864412.63
2026-05-19 16:00:00,3871279.76
2026-05-19 17:00:00,3928497.89
2026-05-19 18:00:00,3916976.88
2026-05-19 19:00:00,3895268.67
2026-05-19 20:00:00,3878193.69
2026-05-19 21:00:00,3887009.99
2026-05-19 22:00:00,3884937.06
2026-05-19 23:00:00,3850822.89
2026-05-20 00:00:00,3883490.89
2026-05-20 01:00:00,3885267.65
2026-05-20 02:00:00,3948387.86
2026-05-20 03:00:00,3930015.42
2026-05-20 04:00:00,3936369.35
2026-05-20 05:00:00,3956233.39
2026-05-20 06:00:00,3949371.45
2026-05-20 07:00:00,3950576.89
2026-05-20 08:00:00,3932013.47
2026-05-20 09:00:00,3946257.88
2026-05-20 10:00:00,3951670.85
2026-05-20 11:00:00,3936248.87
2026-05-20 12:00:00,3947923.01
2026-05-20 13:00:00,3972701.59
2026-05-20 14:00:00,3949555.51
2026-05-20 15:00:00,3986423.36
2026-05-20 16:00:00,4016383.38
2026-05-20 17:00:00,4015758.08
2026-05-20 18:00:00,4050575.81
2026-05-20 19:00:00,4024984.67
2026-05-20 20:00:00,4065722.51
2026-05-20 21:00:00,4042456.05
2026-05-20 22:00:00,4025166.69
2026-05-20 23:00:00,4061224.96
2026-05-21 00:00:00,4053642.30
2026-05-21 01:00:00,4083088.64
2026-05-21 02:00:00,4097248.99
2026-05-21 03:00:00,4136336.80
2026-05-21 04:00:00,4166614.57
2026-05-21 05:00:00,4150096.51
2026-05-21 06:00:00,4119750.22
2026-05-21 07:00:00,4116511.57
2026-05-21 08:00:00,4136152.49
2026-05-21 09:00:00,4159302.63
2026-05-21 10:00:00,4093814.39
2026-05-21 11:00:00,4080128.42
2026-05-21 12:00:00,4073470.11
2026-05-21 13:00:00,4083751.20
2026-05-21 14:00:00,4079739.50
2026-05-21 15:00:00,4070875.73
2026-05-21 16:00:00,4107573.94
2026-05-21 17:00:00,4123413.16
2026-05-21 18:00:00,4183392.17
2026-05-21 19:00:00,4142601.85
2026-05-21 20:00:00,4184041.23
2026-05-21 21:00:00,4193931.94
2026-05-21 22:00:00,4145239.01
2026-05-21 23:00:00,4122314.90
2026-05-22 00:00:00,4131101.01
2026-05-22 01:00:00,4106541.60
2026-05-22 02:00:00,4119630.12
2026-05-22 03:00:00,4156236.10
2026-05-22 04:00:00,4136329.73
2026-05-22 05:00:00,4136487.49
2026-05-22 06:00:00,4131643.82
2026-05-22 07:00:00,4098088.70
2026-05-22 08:00:00,4118507.84
2026-05-22 09:00:00,4072919.07
2026-05-22 10:00:00,4053901.79
2026-05-22 11:00:00,4053201.66
2026-05-22 12:00:00,4074859.45
2026-05-22 13:00:00,4106996.12
2026-05-22 14:00:00,4105928.40
2026-05-22 15:00:00,4007183.80
2026-05-22 16:00:00,4041268.05
2026-05-22 17:00:00,4099047.84
2026-05-22 18:00:00,4079221.61
2026-05-22 19:00:00,4011223.78
2026-05-22 20:00:00,3980860.22
2026-05-22 21:00:00,4017201.47
2026-05-22 22:00:00,4054472.43
2026-05-22 23:00:00,4033734.14
2026-05-23 00:00:00,3963745.24
2026-05-23 01:00:00,4037453.42
2026-05-23 02:00:00,4056156.58
2026-05-23 03:00:00,4069378.72
2026-05-23 04:00:00,4089126.41
2026-05-23 05:00:00,4071512.17
2026-05-23 06:00:00,4089733.67
2026-05-23 07:00:00,4052391.29
2026-05-23 08:00:00,3915438.88
2026-05-23 09:00:00,3970272.70
2026-05-23 10:00:00,3946750.77
2026-05-23 11:00:00,3964660.08
2026-05-23 12:00:00,3997639.40
2026-05-23 13:00:00,4030413.86
2026-05-23 14:00:00,4115199.75
2026-05-23 15:00:00,4119246.09
2026-05-23 16:00:00,4129625.53
2026-05-23 17:00:00,4131140.13
2026-05-23 18:00:00,4141732.14
2026-05-23 19:00:00,4165852.30
2026-05-23 20:00:00,4174395.03
2026-05-23 21:00:00,4289334.08
2026-05-23 22:00:00,4217377.26
2026-05-23 23:00:00,4203653.22
2026-05-24 00:00:00,4202673.35
2026-05-24 01:00:00,4175424.03
2026-05-24 02:00:00,4172868.43
2026-05-24 03:00:00,4152957.23
2026-05-24 04:00:00,4137299.76
2026-05-24 05:00:00,4143641.18
2026-05-24 06:00:00,4103024.13
2026-05-24 07:00:00,4147552.59
2026-05-24 08:00:00,4139698.29
2026-05-24 09:00:00,4148595.23
2026-05-24 10:00:00,4145466.95
2026-05-24 11:00:00,4096942.47
2026-05-24 12:00:00,4090689.60
2026-05-24 13:00:00,4082042.46
2026-05-24 14:00:00,4020793.94
2026-05-24 15:00:00,4028617.57
2026-05-24 16:00:00,4045936.98
2026-05-24 17:00:00,4039389.22
2026-05-24 18:00:00,4036481.43
2026-05-24 19:00:00,4232864.78
2026-05-24 20:00:00,4221300.03
2026-05-24 21:00:00,4183684.30
2026-05-24 22:00:00,4117299.91
2026-05-24 23:00:00,4156746.30
2026-05-25 00:00:00,4184956.20
2026-05-25 01:00:00,4165455.08
2026-05-25 02:00:00,4095099.25
2026-05-25 03:00:00,4108081.07
2026-05-25 04:00:00,4121977.13
2026-05-25 05:00:00,4167456.72
2026-05-25 06:00:00,4149813.97
2026-05-25 07:00:00,4183262.21
2026-05-25 08:00:00,4191680.21
2026-05-25 09:00:00,4224158.65
2026-05-25 10:00:00,4196663.68
2026-05-25 11:00:00,4199931.23
2026-05-25 12:00:00,4160315.92
2026-05-25 13:00:00,4194898.78
2026-05-25 14:00:00,4219649.66
2026-05-25 15:00:00,4219641.61
2026-05-25 16:00:00,4180645.40
2026-05-25 17:00:00,4205721.68
2026-05-25 18:00:00,4194547.73
2026-05-25 19:00:00,4165784.58
2026-05-25 20:00:00,4173006.81
2026-05-25 21:00:00,4113250.98
2026-05-25 22:00:00,4119777.53
2026-05-25 23:00:00,4080321.43
2026-05-26 00:00:00,4109158.79
2026-05-26 01:00:00,4053550.93
2026-05-26 02:00:00,4014314.80
2026-05-26 03:00:00,4004080.47
2026-05-26 04:00:00,4033572.82
2026-05-26 05:00:00,4049799.81
2026-05-26 06:00:00,4045995.26
2026-05-26 07:00:00,4047185.78
2026-05-26 08:00:00,4028135.83
2026-05-26 09:00:00,4018601.60
2026-05-26 10:00:00,4036364.07
2026-05-26 11:00:00,4107233.53
2026-05-26 12:00:00,4115299.48
2026-05-26 13:00:00,4113054.64
2026-05-26 14:00:00,4105948.21
2026-05-26 15:00:00,4062784.83
2026-05-26 16:00:00,4021350.06
2026-05-26 17:00:00,4066559.57
2026-05-26 18:00:00,3993245.90
2026-05-26 19:00:00,4050201.74
2026-05-26 20:00:00,4129594.64
2026-05-26 21:00:00,4261735.31
2026-05-26 22:00:00,4277861.87
2026-05-26 23:00:00,4245259.86
2026-05-27 00:00:00,4310412.92
2026-05-27 01:00:00,4639047.77
2026-05-27 02:00:00,4638159.16
2026-05-27 03:00:00,4570021.89
2026-05-27 04:00:00,4376046.46
2026-05-27 05:00:00,4380429.40
2026-05-27 06:00:00,4374407.02
2026-05-27 07:00:00,4277767.57
2026-05-27 08:00:00,4313268.12
2026-05-27 09:00:00,4266839.69
2026-05-27 10:00:00,4272899.68
2026-05-27 11:00:00,4276808.25
2026-05-27 12:00:00,4303759.42
2026-05-27 13:00:00,4311133.28
2026-05-27 14:00:00,4213931.49
2026-05-27 15:00:00,4200234.03
2026-05-27 16:00:00,4263719.40
2026-05-27 17:00:00,4223362.16
2026-05-27 18:00:00,4210982.56
2026-05-27 19:00:00,4228487.38
2026-05-27 20:00:00,4214404.35
2026-05-27 21:00:00,4243539.32
2026-05-27 22:00:00,4118951.32
2026-05-27 23:00:00,4120002.04
2026-05-28 00:00:00,4070860.46
2026-05-28 01:00:00,4057790.49
2026-05-28 02:00:00,4019154.38
2026-05-28 03:00:00,4025977.51
2026-05-28 04:00:00,3899080.44
2026-05-28 05:00:00,3861961.92
2026-05-28 06:00:00,3780227.57
2026-05-28 07:00:00,3729458.10
2026-05-28 08:00:00,3794401.00
2026-05-28 09:00:00,3772095.49
2026-05-28 10:00:00,3818254.86
2026-05-28 11:00:00,3796337.01
2026-05-28 12:00:00,3835162.89
2026-05-28 13:00:00,3904898.29
2026-05-28 14:00:00,3821186.64
2026-05-28 15:00:00,3769206.90
2026-05-28 16:00:00,3766022.67
2026-05-28 17:00:00,3832046.98
2026-05-28 18:00:00,3836921.05
2026-05-28 19:00:00,3850119.56
2026-05-28 20:00:00,3876357.35
2026-05-28 21:00:00,3877943.00
2026-05-28 22:00:00,3876838.57
2026-05-28 23:00:00,3833092.33
2026-05-29 00:00:00,3843214.23
2026-05-29 01:00:00,3882983.46
2026-05-29 02:00:00,3856382.44
2026-05-29 03:00:00,3843501.63
2026-05-29 04:00:00,3831647.51
2026-05-29 05:00:00,3884485.24
2026-05-29 06:00:00,3860189.02
2026-05-29 07:00:00,3837024.92
2026-05-29 08:00:00,3816062.69
2026-05-29 09:00:00,3805893.83
2026-05-29 10:00:00,3864501.01
2026-05-29 11:00:00,3801730.15
2026-05-29 12:00:00,3806261.23
2026-05-29 13:00:00,3777543.53
2026-05-29 14:00:00,3799172.18
2026-05-29 15:00:00,3802451.18
2026-05-29 16:00:00,3914199.54
2026-05-29 17:00:00,3919171.96
2026-05-29 18:00:00,3883974.68
2026-05-29 19:00:00,3840029.19
2026-05-29 20:00:00,3839862.99
2026-05-29 21:00:00,3846755.83
2026-05-29 22:00:00,3808794.30
2026-05-29 23:00:00,3892304.49
2026-05-30 00:00:00,3947089.73
2026-05-30 01:00:00,4031076.26
2026-05-30 02:00:00,4040076.31
2026-05-30 03:00:00,4015473.50
2026-05-30 04:00:00,3998998.47
2026-05-30 05:00:00,4028723.78
2026-05-30 06:00:00,4023511.93
2026-05-30 07:00:00,3988990.16
2026-05-30 08:00:00,4017074.00
2026-05-30 09:00:00,3988115.65
2026-05-30 10:00:00,3997313.28
2026-05-30 11:00:00,3981309.71
2026-05-30 12:00:00,3949831.30
2026-05-30 13:00:00,3945814.54
2026-05-30 14:00:00,3937309.65
2026-05-30 15:00:00,3919802.01
2026-05-30 16:00:00,3910113.74
2026-05-30 17:00:00,3937908.12
2026-05-30 18:00:00,3894512.07
2026-05-30 19:00:00,3907001.96
2026-05-30 20:00:00,3921217.41
2026-05-30 21:00:00,3957057.44
2026-05-30 22:00:00,3939396.40
2026-05-30 23:00:00,3912642.06
2026-05-31 00:00:00,3911730.72
2026-05-31 01:00:00,3917435.49
2026-05-31 02:00:00,3944982.72
2026-05-31 03:00:00,3931292.87
2026-05-31 04:00:00,3944481.31
2026-05-31 05:00:00,3968781.24
2026-05-31 06:00:00,3999302.75
2026-05-31 07:00:00,4004103.06
2026-05-31 08:00:00,3945265.69
2026-05-31 09:00:00,3957593.55
2026-05-31 10:00:00,3944667.03
2026-05-31 11:00:00,3988293.71
2026-05-31 12:00:00,4018640.53
2026-05-31 13:00:00,3987791.98
2026-05-31 14:00:00,3992250.57
2026-05-31 15:00:00,3932307.51
2026-05-31 16:00:00,3932449.79
2026-05-31 17:00:00,3906059.69
2026-05-31 18:00:00,3910306.21
2026-05-31 19:00:00,3902589.84
2026-05-31 20:00:00,3890276.84
2026-05-31 21:00:00,3927944.36
2026-05-31 22:00:00,3957960.72
2026-05-31 23:00:00,3986084.87
2026-06-01 00:00:00,3995577.79
2026-06-01 01:00:00,4090522.50
2026-06-01 02:00:00,3990734.77
2026-06-01 03:00:00,4012423.67
2026-06-01 04:00:00,4093813.06
2026-06-01 05:00:00,4019183.27
2026-06-01 06:00:00,4041486.89
2026-06-01 07:00:00,4092916.00
2026-06-01 08:00:00,4115204.41
2026-06-01 09:00:00,4139272.62
2026-06-01 10:00:00,4119277.72
2026-06-01 11:00:00,4039541.55
2026-06-01 12:00:00,4130154.66
2026-06-01 13:00:00,4211644.97
2026-06-01 14:00:00,4110980.89
2026-06-01 15:00:00,4516090.25
2026-06-01 16:00:00,4539478.19
2026-06-01 17:00:00,4548444.87
2026-06-01 18:00:00,4520954.70
2026-06-01 19:00:00,4461401.80
2026-06-01 20:00:00,4500493.27
2026-06-01 21:00:00,4551126.22
2026-06-01 22:00:00,4489060.64
2026-06-01 23:00:00,4629744.99
2026-06-02 00:00:00,4541779.87
2026-06-02 01:00:00,4448723.78
2026-06-02 02:00:00,4431205.68
2026-06-02 03:00:00,4568614.23
2026-06-02 04:00:00,4382195.65
2026-06-02 05:00:00,4259336.25
2026-06-02 06:00:00,4253239.18
2026-06-02 07:00:00,4245751.77
2026-06-02 08:00:00,4289272.23
2026-06-02 09:00:00,4321393.11
2026-06-02 10:00:00,4456159.01
2026-06-02 11:00:00,4446553.20
2026-06-02 12:00:00,4425549.78
2026-06-02 13:00:00,4506941.71
2026-06-02 14:00:00,4470494.64
2026-06-02 15:00:00,4263827.82
2026-06-02 16:00:00,4220303.23
2026-06-02 17:00:00,4271711.51
2026-06-02 18:00:00,4262901.97
2026-06-02 19:00:00,4226145.84
2026-06-02 20:00:00,4157922.91
2026-06-02 21:00:00,4165341.71
2026-06-02 22:00:00,4192359.84
2026-06-02 23:00:00,3966665.88
2026-06-03 00:00:00,3980148.66
2026-06-03 01:00:00,4141807.57
2026-06-03 02:00:00,4158792.92
2026-06-03 03:00:00,4193023.96
2026-06-03 04:00:00,4064626.51
2026-06-03 05:00:00,4170276.48
2026-06-03 06:00:00,4278883.05
2026-06-03 07:00:00,4357464.47
2026-06-03 08:00:00,4282625.51
2026-06-03 09:00:00,4242547.48
2026-06-03 10:00:00,4227016.43
2026-06-03 11:00:00,4269094.01
2026-06-03 12:00:00,4221302.07
2026-06-03 13:00:00,4182123.27
2026-06-03 14:00:00,4232625.62
2026-06-03 15:00:00,4353754.35
2026-06-03 16:00:00,4330776.08
2026-06-03 17:00:00,4369024.02
2026-06-03 18:00:00,4252981.69
2026-06-03 19:00:00,4243960.42
2026-06-03 20:00:00,4211981.29
2026-06-03 21:00:00,4027291.16
2026-06-03 22:00:00,4209086.13
2026-06-03 23:00:00,4180209.80
2026-06-04 00:00:00,4145302.62
2026-06-04 01:00:00,4066874.86
2026-06-04 02:00:00,4064552.58
2026-06-04 03:00:00,3780132.21
2026-06-04 04:00:00,3821721.74
2026-06-04 05:00:00,3699783.28
2026-06-04 06:00:00,3655619.88
2026-06-04 07:00:00,3787262.94
2026-06-04 08:00:00,3768137.52
2026-06-04 09:00:00,3776791.22
2026-06-04 10:00:00,3698296.66
2026-06-04 11:00:00,3648579.75
2026-06-04 12:00:00,3702197.50
2026-06-04 13:00:00,3806401.70
2026-06-04 14:00:00,3797197.33
2026-06-04 15:00:00,3752311.20
2026-06-04 16:00:00,3825438.31
2026-06-04 17:00:00,3779441.75
2026-06-04 18:00:00,3740962.73
2026-06-04 19:00:00,3789293.49
2026-06-04 20:00:00,3762886.97
2026-06-04 21:00:00,3740155.96
2026-06-04 22:00:00,3632000.33
2026-06-04 23:00:00,3664560.74
2026-06-05 00:00:00,3711647.49
2026-06-05 01:00:00,3656237.89
2026-06-05 02:00:00,3685653.39
2026-06-05 03:00:00,3547252.06
2026-06-05 04:00:00,3527220.65
2026-06-05 05:00:00,3631009.47
2026-06-05 06:00:00,3488332.02
2026-06-05 07:00:00,3268112.25
2026-06-05 08:00:00,3273463.24
2026-06-05 09:00:00,3189284.67
2026-06-05 10:00:00,3284141.47
2026-06-05 11:00:00,3261131.34
2026-06-05 12:00:00,3235386.09
2026-06-05 13:00:00,3239811.14
2026-06-05 14:00:00,3122137.31
2026-06-05 15:00:00,3174488.06
2026-06-05 16:00:00,3094193.24
2026-06-05 17:00:00,3128365.31
2026-06-05 18:00:00,3072748.07
2026-06-05 19:00:00,2861184.58
2026-06-05 20:00:00,2887579.01
2026-06-05 21:00:00,2978466.70
2026-06-05 22:00:00,3005734.08
2026-06-05 23:00:00,2985695.57
2026-06-06 00:00:00,2945579.33
2026-06-06 01:00:00,3000809.45
2026-06-06 02:00:00,2948397.90
2026-06-06 03:00:00,2902803.25
2026-06-06 04:00:00,2860091.32
2026-06-06 05:00:00,2643142.35
2026-06-06 06:00:00,2748377.41
2026-06-06 07:00:00,2741832.98
2026-06-06 08:00:00,2749201.38
2026-06-06 09:00:00,2769917.13
2026-06-06 10:00:00,2721791.12
2026-06-06 11:00:00,2698907.80
2026-06-06 12:00:00,2750334.24
2026-06-06 13:00:00,2801873.59
2026-06-06 14:00:00,2818271.66
2026-06-06 15:00:00,2783437.30
2026-06-06 16:00:00,2734114.76
2026-06-06 17:00:00,2724055.18
2026-06-06 18:00:00,2696325.72
2026-06-06 19:00:00,2737490.10
2026-06-06 20:00:00,2713429.15
2026-06-06 21:00:00,2724620.37
2026-06-06 22:00:00,2735294.79
2026-06-06 23:00:00,2740483.52
2026-06-07 00:00:00,2772033.50
2026-06-07 01:00:00,2852194.38
2026-06-07 02:00:00,2931311.60
2026-06-07 03:00:00,2872863.92
2026-06-07 04:00:00,2919592.30
2026-06-07 05:00:00,2895928.98
2026-06-07 06:00:00,2874145.78
2026-06-07 07:00:00,2885103.54
2026-06-07 08:00:00,2879771.58
2026-06-07 09:00:00,2897086.71
2026-06-07 10:00:00,2835177.94
2026-06-07 11:00:00,2833427.24
2026-06-07 12:00:00,2870916.99
2026-06-07 13:00:00,2807232.12
2026-06-07 14:00:00,2803334.70
2026-06-07 15:00:00,2832301.25
2026-06-07 16:00:00,2825172.72
2026-06-07 17:00:00,2834602.06
2026-06-07 18:00:00,2875848.64
2026-06-07 19:00:00,2813231.06
2026-06-07 20:00:00,2730213.82
2026-06-07 21:00:00,2785332.84
2026-06-07 22:00:00,2783812.80
2026-06-07 23:00:00,2831937.45
2026-06-08 00:00:00,2860250.97
2026-06-08 01:00:00,2870431.05
2026-06-08 02:00:00,2832527.72
2026-06-08 03:00:00,2826225.64
2026-06-08 04:00:00,2845670.92
2026-06-08 05:00:00,2791298.97
2026-06-08 06:00:00,2769188.12
2026-06-08 07:00:00,2793442.37
2026-06-08 08:00:00,2847285.04
2026-06-08 09:00:00,2916632.63
2026-06-08 10:00:00,2925949.28
2026-06-08 11:00:00,3075204.24
2026-06-08 12:00:00,3048628.43
2026-06-08 13:00:00,3032093.09
2026-06-08 14:00:00,2992908.26
2026-06-08 15:00:00,3024566.75
2026-06-08 16:00:00,3054134.55
2026-06-08 17:00:00,3259850.72
2026-06-08 18:00:00,3422614.64
2026-06-08 19:00:00,3344328.58
2026-06-08 20:00:00,3436983.01
2026-06-08 21:00:00,3392418.01
2026-06-08 22:00:00,3397563.38
2026-06-08 23:00:00,3449049.09
2026-06-09 00:00:00,3442047.75
2026-06-09 01:00:00,3197153.55
2026-06-09 02:00:00,3270281.34
2026-06-09 03:00:00,3233443.24
2026-06-09 04:00:00,3378339.83
2026-06-09 05:00:00,3501688.81
2026-06-09 06:00:00,3588405.36
2026-06-09 07:00:00,3781820.58
2026-06-09 08:00:00,3665717.76
2026-06-09 09:00:00,3535713.34
2026-06-09 10:00:00,3520292.18
2026-06-09 11:00:00,3500188.69
2026-06-09 12:00:00,3383993.18
2026-06-09 13:00:00,3381312.34
2026-06-09 14:00:00,3398607.43
2026-06-09 15:00:00,3100150.94
2026-06-09 16:00:00,3050309.86
2026-06-09 17:00:00,2990681.69
2026-06-09 18:00:00,3016453.43
2026-06-09 19:00:00,3023379.55
2026-06-09 20:00:00,3019978.64
2026-06-09 21:00:00,3036081.52
2026-06-09 22:00:00,2990085.22
2026-06-09 23:00:00,3022828.44
2026-06-10 00:00:00,3001044.61
2026-06-10 01:00:00,3039692.20
2026-06-10 02:00:00,3035772.91
2026-06-10 03:00:00,2944825.69
2026-06-10 04:00:00,2925735.69
2026-06-10 05:00:00,2883719.97
2026-06-10 06:00:00,2903166.89
2026-06-10 07:00:00,2924289.71
2026-06-10 08:00:00,2951026.01
2026-06-10 09:00:00,2913183.67
2026-06-10 10:00:00,2915884.13
2026-06-10 11:00:00,2926571.15
2026-06-10 12:00:00,2797864.94
2026-06-10 13:00:00,2883060.04
2026-06-10 14:00:00,2899434.21
2026-06-10 15:00:00,2887534.71
2026-06-10 16:00:00,2888236.31
2026-06-10 17:00:00,2877242.95
2026-06-10 18:00:00,2865206.33
2026-06-10 19:00:00,2868646.33
2026-06-10 20:00:00,2828771.47
2026-06-10 21:00:00,2815718.69
2026-06-10 22:00:00,2806738.32
2026-06-10 23:00:00,2817605.52
2026-06-11 00:00:00,2843695.51
2026-06-11 01:00:00,3054735.39
2026-06-11 02:00:00,3030167.23
2026-06-11 03:00:00,2961659.48
2026-06-11 04:00:00,3028026.84
2026-06-11 05:00:00,3022263.07
2026-06-11 06:00:00,2975523.73
2026-06-11 07:00:00,2947915.28
2026-06-11 08:00:00,3003776.90
2026-06-11 09:00:00,3023945.07
2026-06-11 10:00:00,3044189.39
2026-06-11 11:00:00,3039023.05
2026-06-11 12:00:00,3071515.60
2026-06-11 13:00:00,3050480.52
2026-06-11 14:00:00,3047151.30
2026-06-11 15:00:00,3090048.63
2026-06-11 16:00:00,3117345.92
2026-06-11 17:00:00,3045025.79
2026-06-11 18:00:00,3109593.76
2026-06-11 19:00:00,3075002.59
2026-06-11 20:00:00,3052390.35
2026-06-11 21:00:00,3070154.71
2026-06-11 22:00:00,3164393.41
2026-06-11 23:00:00,3167750.57
2026-06-12 00:00:00,3185822.77
2026-06-12 01:00:00,3203557.36
2026-06-12 02:00:00,3157374.88
2026-06-12 03:00:00,3122976.37
2026-06-12 04:00:00,3127136.16
2026-06-12 05:00:00,3127152.01
2026-06-12 06:00:00,3099694.56
2026-06-12 07:00:00,3076744.41
2026-06-12 08:00:00,3106968.84
2026-06-12 09:00:00,3175143.45
2026-06-12 10:00:00,3158211.58
2026-06-12 11:00:00,3172905.41
2026-06-12 12:00:00,3127312.99
2026-06-12 13:00:00,3119563.77
2026-06-12 14:00:00,3086281.98
2026-06-12 15:00:00,3098635.68
2026-06-12 16:00:00,3053305.53
2026-06-12 17:00:00,3103152.98
2026-06-12 18:00:00,3059398.00
2026-06-12 19:00:00,3035862.97
2026-06-12 20:00:00,3048882.39
2026-06-12 21:00:00,3038804.74
2026-06-12 22:00:00,3038210.97
2026-06-12 23:00:00,3049970.24
2026-06-13 00:00:00,3059742.01
2026-06-13 01:00:00,3072427.12
2026-06-13 02:00:00,3081098.94
2026-06-13 03:00:00,3059776.96
2026-06-13 04:00:00,3037182.70
2026-06-13 05:00:00,3030744.67
2026-06-13 06:00:00,3028040.30
2026-06-13 07:00:00,3048334.43
2026-06-13 08:00:00,3049042.00
2026-06-13 09:00:00,3064696.88
2026-06-13 10:00:00,3069869.31
2026-06-13 11:00:00,3054757.41
2026-06-13 12:00:00,3121383.71
2026-06-13 13:00:00,3097381.30
2026-06-13 14:00:00,3150267.86
2026-06-13 15:00:00,3213441.97
2026-06-13 16:00:00,3275909.71
2026-06-13 17:00:00,3429106.86
2026-06-13 18:00:00,3402906.09
2026-06-13 19:00:00,3527005.27
2026-06-13 20:00:00,3460102.33
2026-06-13 21:00:00,3439246.92
2026-06-13 22:00:00,3447848.41
2026-06-13 23:00:00,3472469.85
2026-06-14 00:00:00,3424454.41
2026-06-14 01:00:00,3465692.19
2026-06-14 02:00:00,3439508.09
2026-06-14 03:00:00,3442796.53
2026-06-14 04:00:00,3444887.08
2026-06-14 05:00:00,3388002.99
2026-06-14 06:00:00,3382281.91
2026-06-14 07:00:00,3405457.15
2026-06-14 08:00:00,3334112.99
2026-06-14 09:00:00,3388027.89
2026-06-14 10:00:00,3354778.99
2026-06-14 11:00:00,3318920.10
2026-06-14 12:00:00,3346639.06
2026-06-14 13:00:00,3396979.47
2026-06-14 14:00:00,3386820.53
2026-06-14 15:00:00,3307202.51
2026-06-14 16:00:00,3340084.81
2026-06-14 17:00:00,3356975.92
2026-06-14 18:00:00,3320468.56
2026-06-14 19:00:00,3291810.14
2026-06-14 20:00:00,3282676.91
2026-06-14 21:00:00,3305325.68
2026-06-14 22:00:00,3398817.76
2026-06-14 23:00:00,3388553.12
2026-06-15 00:00:00,3370481.19
2026-06-15 01:00:00,3388885.88
2026-06-15 02:00:00,3409530.30
2026-06-15 03:00:00,3391600.55
2026-06-15 04:00:00,3394455.88
2026-06-15 05:00:00,3359586.18
2026-06-15 06:00:00,3360439.69
2026-06-15 07:00:00,3320682.65
2026-06-15 08:00:00,3355710.92
2026-06-15 09:00:00,3367009.48
2026-06-15 10:00:00,3358610.58
2026-06-15 11:00:00,3396857.35
2026-06-15 12:00:00,3406828.04
2026-06-15 13:00:00,3502582.83
2026-06-15 14:00:00,3594498.37
2026-06-15 15:00:00,3515576.12
2026-06-15 16:00:00,3516902.23
2026-06-15 17:00:00,3447169.97
2026-06-15 18:00:00,3448509.37
2026-06-15 19:00:00,3389395.93
2026-06-15 20:00:00,3310721.35
2026-06-15 21:00:00,3278237.79
2026-06-15 22:00:00,3295877.80
2026-06-15 23:00:00,3215845.07
2026-06-16 00:00:00,3238455.47
2026-06-16 01:00:00,3227288.53
2026-06-16 02:00:00,3252366.48
2026-06-16 03:00:00,3165995.25
2026-06-16 04:00:00,3216828.15
2026-06-16 05:00:00,3170036.54
2026-06-16 06:00:00,3204891.05
2026-06-16 07:00:00,3213752.94
2026-06-16 08:00:00,3241477.27
2026-06-16 09:00:00,3281208.67
2026-06-16 10:00:00,3255185.00
2026-06-16 11:00:00,3235099.55
2026-06-16 12:00:00,3199050.71
2026-06-16 13:00:00,3237612.18
2026-06-16 14:00:00,3244168.69
2026-06-16 15:00:00,3170669.68
2026-06-16 16:00:00,3209437.61
2026-06-16 17:00:00,3314662.08
2026-06-16 18:00:00,3323946.00
2026-06-16 19:00:00,3366562.72
2026-06-16 20:00:00,3314854.95
2026-06-16 21:00:00,3352494.47
2026-06-16 22:00:00,3345596.23
2026-06-16 23:00:00,3345015.40
2026-06-17 00:00:00,3334077.88
2026-06-17 01:00:00,3326274.80
2026-06-17 02:00:00,3361802.69
2026-06-17 03:00:00,3363717.47
2026-06-17 04:00:00,3417948.32
2026-06-17 05:00:00,3356943.38
2026-06-17 06:00:00,3348817.83
2026-06-17 07:00:00,3326865.76
2026-06-17 08:00:00,3351355.00
2026-06-17 09:00:00,3275729.01
2026-06-17 10:00:00,3301773.68
2026-06-17 11:00:00,3297285.65
2026-06-17 12:00:00,3284034.90
2026-06-17 13:00:00,3336211.55
2026-06-17 14:00:00,3357528.74
2026-06-17 15:00:00,3313427.67
2026-06-17 16:00:00,3374634.81
2026-06-17 17:00:00,3363438.33
2026-06-17 18:00:00,3370332.01
2026-06-17 19:00:00,3314090.28
2026-06-17 20:00:00,3285135.22
2026-06-17 21:00:00,3275752.37
2026-06-17 22:00:00,3255893.48
2026-06-17 23:00:00,3246616.10
2026-06-18 00:00:00,3262042.38
2026-06-18 01:00:00,3243480.78
2026-06-18 02:00:00,3233723.37
2026-06-18 03:00:00,3256870.75
2026-06-18 04:00:00,3219248.44
2026-06-18 05:00:00,3159504.85
2026-06-18 06:00:00,3158896.67
2026-06-18 07:00:00,3185935.77
2026-06-18 08:00:00,3187347.66
2026-06-18 09:00:00,3197280.54
2026-06-18 10:00:00,3211978.04
2026-06-18 11:00:00,3206468.79
2026-06-18 12:00:00,3163816.82
2026-06-18 13:00:00,3148747.02
2026-06-18 14:00:00,3120318.64
2026-06-18 15:00:00,3128100.23
2026-06-18 16:00:00,2907120.78
2026-06-18 17:00:00,2988676.43
2026-06-18 18:00:00,2984832.02
2026-06-18 19:00:00,3012776.76
2026-06-18 20:00:00,3019432.10
2026-06-18 21:00:00,3042809.85
2026-06-18 22:00:00,3021126.22
2026-06-18 23:00:00,2986244.60
2026-06-19 00:00:00,3008477.13
2026-06-19 01:00:00,2996687.24
2026-06-19 02:00:00,3013519.86
2026-06-19 03:00:00,3002350.46
2026-06-19 04:00:00,2963399.07
2026-06-19 05:00:00,2936267.08
2026-06-19 06:00:00,2972209.31
2026-06-19 07:00:00,3040330.63
2026-06-19 08:00:00,3011685.89
2026-06-19 09:00:00,2997764.19
2026-06-19 10:00:00,2970174.87
2026-06-19 11:00:00,2986874.53
2026-06-19 12:00:00,2964362.93
2026-06-19 13:00:00,2990200.63
2026-06-19 14:00:00,3007247.87
2026-06-19 15:00:00,2987555.38
2026-06-19 16:00:00,2987270.85
2026-06-19 17:00:00,2993351.58
2026-06-19 18:00:00,3000261.93
2026-06-19 19:00:00,2986566.16
2026-06-19 20:00:00,2962704.79
2026-06-19 21:00:00,2971807.46
2026-06-19 22:00:00,2943943.38
2026-06-19 23:00:00,2958402.66
2026-06-20 00:00:00,2959305.14
2026-06-20 01:00:00,2961417.06
2026-06-20 02:00:00,3010270.89
2026-06-20 03:00:00,3016007.24
2026-06-20 04:00:00,3043719.87
2026-06-20 05:00:00,3034346.41
2026-06-20 06:00:00,3128867.54
2026-06-20 07:00:00,3227990.60
2026-06-20 08:00:00,3267544.47
2026-06-20 09:00:00,3195505.63
2026-06-20 10:00:00,3193102.99
2026-06-20 11:00:00,3262475.20
2026-06-20 12:00:00,3293404.91
2026-06-20 13:00:00,3255254.64
2026-06-20 14:00:00,3227081.58
2026-06-20 15:00:00,3315898.77
2026-06-20 16:00:00,3307496.54
2026-06-20 17:00:00,3344083.22
2026-06-20 18:00:00,3327446.24
2026-06-20 19:00:00,3530601.77
2026-06-20 20:00:00,3524714.74
2026-06-20 21:00:00,3535493.99
2026-06-20 22:00:00,3625768.54
2026-06-20 23:00:00,3547685.33
2026-06-21 00:00:00,3629002.82
2026-06-21 01:00:00,3512353.87
2026-06-21 02:00:00,3537033.52
2026-06-21 03:00:00,3507282.64
2026-06-21 04:00:00,3340237.91
2026-06-21 05:00:00,3186790.09
2026-06-21 06:00:00,3078823.48
2026-06-21 07:00:00,3201323.50
2026-06-21 08:00:00,3212595.04
2026-06-21 09:00:00,3199265.36
2026-06-21 10:00:00,3216010.85
2026-06-21 11:00:00,3187856.35
2026-06-21 12:00:00,3160856.77
2026-06-21 13:00:00,3147492.81
2026-06-21 14:00:00,3124922.15
2026-06-21 15:00:00,3115015.04
2026-06-21 16:00:00,3108655.38
2026-06-21 17:00:00,3111475.33
2026-06-21 18:00:00,3098208.79
2026-06-21 19:00:00,3096766.73
2026-06-21 20:00:00,3108479.77
2026-06-21 21:00:00,3070808.20
2026-06-21 22:00:00,3043080.71
2026-06-21 23:00:00,3040995.92
2026-06-22 00:00:00,3004437.54
2026-06-22 01:00:00,3081138.78
2026-06-22 02:00:00,3175670.60
2026-06-22 03:00:00,3233140.34
2026-06-22 04:00:00,3186621.98
2026-06-22 05:00:00,3220125.33
2026-06-22 06:00:00,3198843.18
2026-06-22 07:00:00,3238644.71
2026-06-22 08:00:00,3222514.59
2026-06-22 09:00:00,3195028.53
2026-06-22 10:00:00,3186915.19
2026-06-22 11:00:00,3139544.47
2026-06-22 12:00:00,3119328.23
2026-06-22 13:00:00,3132177.04
2026-06-22 14:00:00,3107641.26
2026-06-22 15:00:00,3084089.04
2026-06-22 16:00:00,3082659.19
2026-06-22 17:00:00,3097176.55
2026-06-22 18:00:00,3084630.54
2026-06-22 19:00:00,3167618.35
2026-06-22 20:00:00,3323663.34
2026-06-22 21:00:00,3341509.88
2026-06-22 22:00:00,3273493.92
2026-06-22 23:00:00,3223826.36
2026-06-23 00:00:00,3297710.76
2026-06-23 01:00:00,3291965.50
2026-06-23 02:00:00,3285295.98
2026-06-23 03:00:00,3309047.03
2026-06-23 04:00:00,3398066.37
2026-06-23 05:00:00,3398667.57
2026-06-23 06:00:00,3426433.38
2026-06-23 07:00:00,3491414.29
2026-06-23 08:00:00,3470084.79
2026-06-23 09:00:00,3397768.44
2026-06-23 10:00:00,3277950.21
2026-06-23 11:00:00,3479087.04
2026-06-23 12:00:00,3352093.30
2026-06-23 13:00:00,3343377.95
2026-06-23 14:00:00,3568384.66
2026-06-23 15:00:00,3760444.61
2026-06-23 16:00:00,3902829.12
2026-06-23 17:00:00,4003234.36
2026-06-23 18:00:00,4056043.19
2026-06-23 19:00:00,4048932.75
2026-06-23 20:00:00,4015960.47
2026-06-23 21:00:00,4065813.43
2026-06-23 22:00:00,4100137.00
2026-06-23 23:00:00,4013965.12
2026-06-24 00:00:00,4029882.28
2026-06-24 01:00:00,4021792.29
2026-06-24 02:00:00,3814305.12
2026-06-24 03:00:00,3682135.18
2026-06-24 04:00:00,3520391.14
2026-06-24 05:00:00,3451783.66
2026-06-24 06:00:00,3503869.28
2026-06-24 07:00:00,3472175.81
2026-06-24 08:00:00,3485684.45
2026-06-24 09:00:00,3576732.55
2026-06-24 10:00:00,3780641.26
2026-06-24 11:00:00,3943526.23
2026-06-24 12:00:00,4035403.05
2026-06-24 13:00:00,4142389.77
2026-06-24 14:00:00,3816109.69
2026-06-24 15:00:00,3616336.66
2026-06-24 16:00:00,3561938.61
2026-06-24 17:00:00,3222988.47
2026-06-24 18:00:00,2995745.89
2026-06-24 19:00:00,3184835.31
2026-06-24 20:00:00,3162364.35
2026-06-24 21:00:00,3161510.17
2026-06-24 22:00:00,3220348.36
2026-06-24 23:00:00,3251274.43
2026-06-25 00:00:00,3230184.95
2026-06-25 01:00:00,3310522.63
2026-06-25 02:00:00,3294662.78
2026-06-25 03:00:00,3369691.57
2026-06-25 04:00:00,3345024.50
2026-06-25 05:00:00,3310935.97
2026-06-25 06:00:00,3311883.00
2026-06-25 07:00:00,3280469.68
2026-06-25 08:00:00,3202562.81
2026-06-25 09:00:00,3118538.01
2026-06-25 10:00:00,3088044.12
2026-06-25 11:00:00,3080138.62
2026-06-25 12:00:00,3047344.44
2026-06-25 13:00:00,3124612.11
2026-06-25 14:00:00,2795682.76
2026-06-25 15:00:00,2944287.20
2026-06-25 16:00:00,2955872.20
2026-06-25 17:00:00,2955507.77
2026-06-25 18:00:00,3040389.51
2026-06-25 19:00:00,3005970.42
2026-06-25 20:00:00,3051395.75
2026-06-25 21:00:00,2986783.02
2026-06-25 22:00:00,3011441.09
2026-06-25 23:00:00,2987157.30
2026-06-26 00:00:00,3068067.56
2026-06-26 01:00:00,3104675.68
2026-06-26 02:00:00,3126265.74
2026-06-26 03:00:00,2996658.99
2026-06-26 04:00:00,3115429.86
2026-06-26 05:00:00,3076382.10
2026-06-26 06:00:00,3089841.30
2026-06-26 07:00:00,3117611.55
2026-06-26 08:00:00,3131220.66
2026-06-26 09:00:00,3092124.66
2026-06-26 10:00:00,3021563.40
2026-06-26 11:00:00,2994920.74
2026-06-26 12:00:00,3005909.77
2026-06-26 13:00:00,2988850.47
2026-06-26 14:00:00,3042078.57
2026-06-26 15:00:00,3090756.34
2026-06-26 16:00:00,3108524.70
2026-06-26 17:00:00,3098258.25
2026-06-26 18:00:00,3086414.38
2026-06-26 19:00:00,3070976.92
2026-06-26 20:00:00,3037122.77
2026-06-26 21:00:00,3034617.44
2026-06-26 22:00:00,3036785.52
2026-06-26 23:00:00,3055723.89
2026-06-27 00:00:00,3055745.16
2026-06-27 01:00:00,3090411.13
2026-06-27 02:00:00,3138836.60
2026-06-27 03:00:00,3111697.71
2026-06-27 04:00:00,3151600.26
2026-06-27 05:00:00,3128515.53
2026-06-27 06:00:00,3154420.58
2026-06-27 07:00:00,3108699.95
2026-06-27 08:00:00,3106724.62
2026-06-27 09:00:00,3105170.54
2026-06-27 10:00:00,3088214.04
2026-06-27 11:00:00,3067638.46
2026-06-27 12:00:00,3063903.63
2026-06-27 13:00:00,3031168.56
2026-06-27 14:00:00,3014651.93
2026-06-27 15:00:00,3040947.70
2026-06-27 16:00:00,3061646.05
2026-06-27 17:00:00,3055407.81
2026-06-27 18:00:00,2981809.47
2026-06-27 19:00:00,2991695.10
2026-06-27 20:00:00,2934860.83
2026-06-27 21:00:00,2941191.02
2026-06-27 22:00:00,2961922.19
2026-06-27 23:00:00,3019909.18
2026-06-28 00:00:00,2969891.73
2026-06-28 01:00:00,2974825.82
2026-06-28 02:00:00,3031614.39
2026-06-28 03:00:00,2992419.99
2026-06-28 04:00:00,3051839.18
2026-06-28 05:00:00,3054718.56
2026-06-28 06:00:00,3033778.24
2026-06-28 07:00:00,3083716.52
2026-06-28 08:00:00,3068654.12
2026-06-28 09:00:00,3068699.46
2026-06-28 10:00:00,3051783.74
2026-06-28 11:00:00,3069510.74
2026-06-28 12:00:00,3105794.69
2026-06-28 13:00:00,3087283.21
2026-06-28 14:00:00,3057345.62
2026-06-28 15:00:00,3118178.16
2026-06-28 16:00:00,3158018.21
2026-06-28 17:00:00,3089648.25
2026-06-28 18:00:00,3054596.54
2026-06-28 19:00:00,3018793.29
2026-06-28 20:00:00,2989555.59
2026-06-28 21:00:00,3008837.42
2026-06-28 22:00:00,2981324.43
2026-06-28 23:00:00,2948712.22
2026-06-29 00:00:00,2986419.20
2026-06-29 01:00:00,2997706.95
2026-06-29 02:00:00,3024029.18
2026-06-29 03:00:00,3063178.87
2026-06-29 04:00:00,3072361.82
2026-06-29 05:00:00,3055822.99
2026-06-29 06:00:00,3058914.80
2026-06-29 07:00:00,3075217.18
2026-06-29 08:00:00,3085235.42
2026-06-29 09:00:00,3066174.69
2026-06-29 10:00:00,3306031.20
2026-06-29 11:00:00,3341192.32
2026-06-29 12:00:00,3229412.50
2026-06-29 13:00:00,3200484.14
2026-06-29 14:00:00,3149565.07
2026-06-29 15:00:00,3127127.87
2026-06-29 16:00:00,3131954.65
2026-06-29 17:00:00,3131154.04
2026-06-29 18:00:00,3153007.14
2026-06-29 19:00:00,3110482.71
2026-06-29 20:00:00,3113563.68
2026-06-29 21:00:00,3086369.91
2026-06-29 22:00:00,3099825.48
2026-06-29 23:00:00,3076485.90
2026-06-30 00:00:00,3067409.08
2026-06-30 01:00:00,3030272.48
2026-06-30 02:00:00,3031265.02
2026-06-30 03:00:00,3023054.97
2026-06-30 04:00:00,3010832.99
2026-06-30 05:00:00,3035120.43
2026-06-30 06:00:00,3205245.70
2026-06-30 07:00:00,3189318.16
2026-06-30 08:00:00,3187448.59
2026-06-30 09:00:00,3154122.93
2026-06-30 10:00:00,3175376.74
2026-06-30 11:00:00,3166493.88
2026-06-30 12:00:00,3135511.96
2026-06-30 13:00:00,3064884.81
2026-06-30 14:00:00,3125819.20
2026-06-30 15:00:00,3078999.81
2026-06-30 16:00:00,3077267.65
2026-06-30 17:00:00,3072658.67
2026-06-30 18:00:00,3084083.28
2026-06-30 19:00:00,3128113.91
2026-06-30 20:00:00,3098619.54
2026-06-30 21:00:00,3060409.94
2026-06-30 22:00:00,3091184.45
2026-06-30 23:00:00,3035084.58
2026-07-01 00:00:00,3016271.28
2026-07-01 01:00:00,3008521.06
2026-07-01 02:00:00,3041325.84
2026-07-01 03:00:00,3029824.71
2026-07-01 04:00:00,3037400.97
2026-07-01 05:00:00,3206714.44
2026-07-01 06:00:00,3189031.87
2026-07-01 07:00:00,3170305.85
