time,oi_usd
2026-04-25 12:00:00,61890357.92
2026-04-25 13:00:00,61932513.95
2026-04-25 14:00:00,61983993.32
2026-04-25 15:00:00,61265902.11
2026-04-25 16:00:00,61015744.57
2026-04-25 17:00:00,60564102.52
2026-04-25 18:00:00,60320536.68
2026-04-25 19:00:00,60599617.01
2026-04-25 20:00:00,60334569.55
2026-04-25 21:00:00,60073745.68
2026-04-25 22:00:00,59960852.60
2026-04-25 23:00:00,59724390.74
2026-04-26 00:00:00,59498347.81
2026-04-26 01:00:00,58360592.95
2026-04-26 02:00:00,58202820.95
2026-04-26 03:00:00,58317366.56
2026-04-26 04:00:00,58380232.51
2026-04-26 05:00:00,58579713.88
2026-04-26 06:00:00,62932480.84
2026-04-26 07:00:00,62308979.47
2026-04-26 08:00:00,62085802.97
2026-04-26 09:00:00,62197554.90
2026-04-26 10:00:00,62192543.14
2026-04-26 11:00:00,62317557.12
2026-04-26 12:00:00,62426338.15
2026-04-26 13:00:00,61666613.22
2026-04-26 14:00:00,61219512.12
2026-04-26 15:00:00,61481239.90
2026-04-26 16:00:00,61693163.80
2026-04-26 17:00:00,61772628.83
2026-04-26 18:00:00,61810935.73
2026-04-26 19:00:00,62998982.48
2026-04-26 20:00:00,62588634.02
2026-04-26 21:00:00,62609001.20
2026-04-26 22:00:00,62395367.29
2026-04-26 23:00:00,62040268.22
2026-04-27 00:00:00,62110042.28
2026-04-27 01:00:00,62627511.65
2026-04-27 02:00:00,63188618.16
2026-04-27 03:00:00,62974942.54
2026-04-27 04:00:00,65190662.64
2026-04-27 05:00:00,64201002.07
2026-04-27 06:00:00,61653382.82
2026-04-27 07:00:00,60837093.97
2026-04-27 08:00:00,60503354.20
2026-04-27 09:00:00,61091280.75
2026-04-27 10:00:00,61395485.90
2026-04-27 11:00:00,61509516.97
2026-04-27 12:00:00,61456198.06
2026-04-27 13:00:00,61362856.41
2026-04-27 14:00:00,61311011.57
2026-04-27 15:00:00,65980148.04
2026-04-27 16:00:00,64586855.75
2026-04-27 17:00:00,63873088.16
2026-04-27 18:00:00,64420379.14
2026-04-27 19:00:00,63993401.04
2026-04-27 20:00:00,63333923.62
2026-04-27 21:00:00,63644358.15
2026-04-27 22:00:00,63733655.98
2026-04-27 23:00:00,64402103.60
2026-04-28 00:00:00,63958700.10
2026-04-28 01:00:00,63503509.16
2026-04-28 02:00:00,63112824.96
2026-04-28 03:00:00,62542082.98
2026-04-28 04:00:00,62959778.48
2026-04-28 05:00:00,63339555.06
2026-04-28 06:00:00,63100996.16
2026-04-28 07:00:00,62673663.49
2026-04-28 08:00:00,63099387.50
2026-04-28 09:00:00,63051396.14
2026-04-28 10:00:00,62948997.84
2026-04-28 11:00:00,63444415.46
2026-04-28 12:00:00,63047677.12
2026-04-28 13:00:00,63030957.50
2026-04-28 14:00:00,62955377.50
2026-04-28 15:00:00,63222161.04
2026-04-28 16:00:00,63320314.81
2026-04-28 17:00:00,62986879.12
2026-04-28 18:00:00,62468993.14
2026-04-28 19:00:00,62690117.95
2026-04-28 20:00:00,62672258.88
2026-04-28 21:00:00,62486870.69
2026-04-28 22:00:00,62405729.51
2026-04-28 23:00:00,62299856.74
2026-04-29 00:00:00,62141137.64
2026-04-29 01:00:00,62161718.04
2026-04-29 02:00:00,62624889.47
2026-04-29 03:00:00,62363343.07
2026-04-29 04:00:00,63623397.24
2026-04-29 05:00:00,64055004.49
2026-04-29 06:00:00,64296426.95
2026-04-29 07:00:00,63472158.36
2026-04-29 08:00:00,63800972.66
2026-04-29 09:00:00,63258180.98
2026-04-29 10:00:00,63468189.50
2026-04-29 11:00:00,62801937.83
2026-04-29 12:00:00,62347441.64
2026-04-29 13:00:00,61229856.96
2026-04-29 14:00:00,59458710.96
2026-04-29 15:00:00,58236869.40
2026-04-29 16:00:00,58363218.75
2026-04-29 17:00:00,58722142.74
2026-04-29 18:00:00,58565141.07
2026-04-29 19:00:00,57594666.46
2026-04-29 20:00:00,57446508.02
2026-04-29 21:00:00,57524640.48
2026-04-29 22:00:00,57354045.42
2026-04-29 23:00:00,56811865.73
2026-04-30 00:00:00,56359393.52
2026-04-30 01:00:00,56216116.80
2026-04-30 02:00:00,55779701.28
2026-04-30 03:00:00,54122695.38
2026-04-30 04:00:00,54728666.22
2026-04-30 05:00:00,54283342.30
2026-04-30 06:00:00,54314797.42
2026-04-30 07:00:00,54188752.71
2026-04-30 08:00:00,54454989.90
2026-04-30 09:00:00,54070854.61
2026-04-30 10:00:00,54401572.70
2026-04-30 11:00:00,54542699.51
2026-04-30 12:00:00,54586793.61
2026-04-30 13:00:00,54641896.13
2026-04-30 14:00:00,54543376.51
2026-04-30 15:00:00,54529366.73
2026-04-30 16:00:00,54961831.86
2026-04-30 17:00:00,54631368.02
2026-04-30 18:00:00,54979962.78
2026-04-30 19:00:00,54680708.98
2026-04-30 20:00:00,54546886.35
2026-04-30 21:00:00,54608803.89
2026-04-30 22:00:00,54427745.02
2026-04-30 23:00:00,54346923.02
2026-05-01 00:00:00,54539311.68
2026-05-01 01:00:00,54451788.57
2026-05-01 02:00:00,54679790.34
2026-05-01 03:00:00,54992487.00
2026-05-01 04:00:00,54706733.17
2026-05-01 05:00:00,54572774.84
2026-05-01 06:00:00,54550304.02
2026-05-01 07:00:00,54878194.79
2026-05-01 08:00:00,54888989.01
2026-05-01 09:00:00,54973787.58
2026-05-01 10:00:00,54976715.92
2026-05-01 11:00:00,55150226.59
2026-05-01 12:00:00,55471372.77
2026-05-01 13:00:00,54877632.70
2026-05-01 14:00:00,55484533.34
2026-05-01 15:00:00,54981496.30
2026-05-01 16:00:00,54826009.69
2026-05-01 17:00:00,54406751.61
2026-05-01 18:00:00,54975310.60
2026-05-01 19:00:00,54827398.58
2026-05-01 20:00:00,55145649.02
2026-05-01 21:00:00,54787624.87
2026-05-01 22:00:00,55085092.23
2026-05-01 23:00:00,55078273.86
2026-05-02 00:00:00,55036683.70
2026-05-02 01:00:00,55365263.75
2026-05-02 02:00:00,55514567.92
2026-05-02 03:00:00,55648344.28
2026-05-02 04:00:00,55637831.20
2026-05-02 05:00:00,55353048.91
2026-05-02 06:00:00,55349640.14
2026-05-02 07:00:00,55754225.69
2026-05-02 08:00:00,55544106.00
2026-05-02 09:00:00,55754999.20
2026-05-02 10:00:00,55882762.65
2026-05-02 11:00:00,55838141.58
2026-05-02 12:00:00,55684341.54
2026-05-02 13:00:00,55620817.88
2026-05-02 14:00:00,55673031.27
2026-05-02 15:00:00,55713127.20
2026-05-02 16:00:00,55913561.44
2026-05-02 17:00:00,56762930.35
2026-05-02 18:00:00,56371375.43
2026-05-02 19:00:00,56362740.59
2026-05-02 20:00:00,56437893.79
2026-05-02 21:00:00,56340631.73
2026-05-02 22:00:00,56262570.84
2026-05-02 23:00:00,56548098.54
2026-05-03 00:00:00,55878957.91
2026-05-03 01:00:00,55303867.35
2026-05-03 02:00:00,55368876.90
2026-05-03 03:00:00,55602194.97
2026-05-03 04:00:00,55538843.60
2026-05-03 05:00:00,55602983.48
2026-05-03 06:00:00,55673400.39
2026-05-03 07:00:00,56002253.69
2026-05-03 08:00:00,56120426.66
2026-05-03 09:00:00,55928250.34
2026-05-03 10:00:00,56119315.46
2026-05-03 11:00:00,56056853.69
2026-05-03 12:00:00,56538189.79
2026-05-03 13:00:00,56147093.62
2026-05-03 14:00:00,55811227.30
2026-05-03 15:00:00,55953275.86
2026-05-03 16:00:00,55940238.88
2026-05-03 17:00:00,55780721.36
2026-05-03 18:00:00,55872003.45
2026-05-03 19:00:00,56344129.68
2026-05-03 20:00:00,56457000.03
2026-05-03 21:00:00,56196908.87
2026-05-03 22:00:00,57099857.84
2026-05-03 23:00:00,56944957.02
2026-05-04 00:00:00,56626764.14
2026-05-04 01:00:00,56956253.16
2026-05-04 02:00:00,57589917.00
2026-05-04 03:00:00,57656211.06
2026-05-04 04:00:00,57557175.55
2026-05-04 05:00:00,57272460.72
2026-05-04 06:00:00,57185841.34
2026-05-04 07:00:00,56351831.44
2026-05-04 08:00:00,55918033.27
2026-05-04 09:00:00,55462085.62
2026-05-04 10:00:00,56093097.35
2026-05-04 11:00:00,55224459.09
2026-05-04 12:00:00,55732013.08
2026-05-04 13:00:00,55792325.97
2026-05-04 14:00:00,55657054.72
2026-05-04 15:00:00,56080944.92
2026-05-04 16:00:00,55496886.58
2026-05-04 17:00:00,55672702.84
2026-05-04 18:00:00,55919856.38
2026-05-04 19:00:00,55486361.18
2026-05-04 20:00:00,55256713.79
2026-05-04 21:00:00,55019601.32
2026-05-04 22:00:00,55505348.78
2026-05-04 23:00:00,55081308.79
2026-05-05 00:00:00,55357823.29
2026-05-05 01:00:00,55488517.74
2026-05-05 02:00:00,55539146.71
2026-05-05 03:00:00,55492095.55
2026-05-05 04:00:00,54838993.48
2026-05-05 05:00:00,54575281.27
2026-05-05 06:00:00,54719065.28
2026-05-05 07:00:00,54718335.81
2026-05-05 08:00:00,54644589.30
2026-05-05 09:00:00,55003921.53
2026-05-05 10:00:00,54540967.03
2026-05-05 11:00:00,54699328.76
2026-05-05 12:00:00,55185006.08
2026-05-05 13:00:00,55104484.12
2026-05-05 14:00:00,55014483.92
2026-05-05 15:00:00,54501627.87
2026-05-05 16:00:00,54186511.50
2026-05-05 17:00:00,54436147.07
2026-05-05 18:00:00,54610524.72
2026-05-05 19:00:00,54822831.05
2026-05-05 20:00:00,54562120.63
2026-05-05 21:00:00,54743651.84
2026-05-05 22:00:00,54659516.44
2026-05-05 23:00:00,54363809.32
2026-05-06 00:00:00,54533075.06
2026-05-06 01:00:00,54731232.68
2026-05-06 02:00:00,55029269.69
2026-05-06 03:00:00,54971820.18
2026-05-06 04:00:00,55399832.02
2026-05-06 05:00:00,54853064.89
2026-05-06 06:00:00,55194934.91
2026-05-06 07:00:00,54891694.73
2026-05-06 08:00:00,55335561.92
2026-05-06 09:00:00,56060771.81
2026-05-06 10:00:00,56049014.32
2026-05-06 11:00:00,55981937.87
2026-05-06 12:00:00,55756073.30
2026-05-06 13:00:00,55510963.20
2026-05-06 14:00:00,53788806.87
2026-05-06 15:00:00,54740387.46
2026-05-06 16:00:00,55294637.02
2026-05-06 17:00:00,55128450.90
2026-05-06 18:00:00,55034047.44
2026-05-06 19:00:00,55231525.79
2026-05-06 20:00:00,55830134.88
2026-05-06 21:00:00,55907748.79
2026-05-06 22:00:00,55945134.11
2026-05-06 23:00:00,55377477.16
2026-05-07 00:00:00,55856695.11
2026-05-07 01:00:00,55303811.33
2026-05-07 02:00:00,55120019.20
2026-05-07 03:00:00,54969023.52
2026-05-07 04:00:00,54896714.80
2026-05-07 05:00:00,55687219.84
2026-05-07 06:00:00,55707237.26
2026-05-07 07:00:00,55948425.01
2026-05-07 08:00:00,56052499.15
2026-05-07 09:00:00,55500820.14
2026-05-07 10:00:00,54541689.05
2026-05-07 11:00:00,54735287.33
2026-05-07 12:00:00,54691427.52
2026-05-07 13:00:00,54931617.42
2026-05-07 14:00:00,54470103.45
2026-05-07 15:00:00,54091372.01
2026-05-07 16:00:00,54198893.25
2026-05-07 17:00:00,54358759.87
2026-05-07 18:00:00,54862498.18
2026-05-07 19:00:00,54663927.31
2026-05-07 20:00:00,54721452.43
2026-05-07 21:00:00,54562637.38
2026-05-07 22:00:00,54729534.82
2026-05-07 23:00:00,55225832.51
2026-05-08 00:00:00,55439330.36
2026-05-08 01:00:00,55499218.10
2026-05-08 02:00:00,55691357.79
2026-05-08 03:00:00,55683519.87
2026-05-08 04:00:00,55582463.75
2026-05-08 05:00:00,55532621.85
2026-05-08 06:00:00,55427290.59
2026-05-08 07:00:00,55504403.71
2026-05-08 08:00:00,55638518.75
2026-05-08 09:00:00,55570947.56
2026-05-08 10:00:00,55640645.46
2026-05-08 11:00:00,56111446.26
2026-05-08 12:00:00,55805789.25
2026-05-08 13:00:00,55767390.94
2026-05-08 14:00:00,55953471.82
2026-05-08 15:00:00,56238910.13
2026-05-08 16:00:00,56360460.88
2026-05-08 17:00:00,56026600.12
2026-05-08 18:00:00,55487759.56
2026-05-08 19:00:00,56074315.53
2026-05-08 20:00:00,55664458.64
2026-05-08 21:00:00,55237243.03
2026-05-08 22:00:00,55837371.72
2026-05-08 23:00:00,55230782.85
2026-05-09 00:00:00,55293468.35
2026-05-09 01:00:00,56244054.83
2026-05-09 02:00:00,57876755.37
2026-05-09 03:00:00,57052638.70
2026-05-09 04:00:00,56483947.04
2026-05-09 05:00:00,55786004.08
2026-05-09 06:00:00,55958796.53
2026-05-09 07:00:00,55206613.98
2026-05-09 08:00:00,54816365.61
2026-05-09 09:00:00,55031712.77
2026-05-09 10:00:00,54172078.12
2026-05-09 11:00:00,54637302.33
2026-05-09 12:00:00,54697017.55
2026-05-09 13:00:00,54762028.20
2026-05-09 14:00:00,55138916.10
2026-05-09 15:00:00,54870560.05
2026-05-09 16:00:00,55167056.83
2026-05-09 17:00:00,55198667.23
2026-05-09 18:00:00,55646574.66
2026-05-09 19:00:00,56067680.48
2026-05-09 20:00:00,56308736.20
2026-05-09 21:00:00,55779074.68
2026-05-09 22:00:00,55705564.80
2026-05-09 23:00:00,55596960.51
2026-05-10 00:00:00,55294754.27
2026-05-10 01:00:00,54957275.39
2026-05-10 02:00:00,54870849.87
2026-05-10 03:00:00,55207457.20
2026-05-10 04:00:00,55060021.62
2026-05-10 05:00:00,55020089.52
2026-05-10 06:00:00,55338904.83
2026-05-10 07:00:00,55832937.37
2026-05-10 08:00:00,55926786.80
2026-05-10 09:00:00,55609002.80
2026-05-10 10:00:00,55148956.66
2026-05-10 11:00:00,55136428.99
2026-05-10 12:00:00,55149104.72
2026-05-10 13:00:00,55291173.59
2026-05-10 14:00:00,59807315.55
2026-05-10 15:00:00,59974383.77
2026-05-10 16:00:00,59233724.35
2026-05-10 17:00:00,58021770.66
2026-05-10 18:00:00,57246019.74
2026-05-10 19:00:00,58078754.59
2026-05-10 20:00:00,57616500.24
2026-05-10 21:00:00,53725194.93
2026-05-10 22:00:00,54935181.84
2026-05-10 23:00:00,56792097.72
2026-05-11 00:00:00,57244902.18
2026-05-11 01:00:00,55351935.06
2026-05-11 02:00:00,55848759.56
2026-05-11 03:00:00,55634714.14
2026-05-11 04:00:00,55017292.05
2026-05-11 05:00:00,55283729.76
2026-05-11 06:00:00,55591951.24
2026-05-11 07:00:00,56003481.73
2026-05-11 08:00:00,55834025.34
2026-05-11 09:00:00,55703223.42
2026-05-11 10:00:00,56415180.66
2026-05-11 11:00:00,56034370.00
2026-05-11 12:00:00,56047261.97
2026-05-11 13:00:00,55311029.27
2026-05-11 14:00:00,55120242.18
2026-05-11 15:00:00,54439725.60
2026-05-11 16:00:00,55961324.54
2026-05-11 17:00:00,56230560.49
2026-05-11 18:00:00,56600890.41
2026-05-11 19:00:00,56594214.45
2026-05-11 20:00:00,56193645.96
2026-05-11 21:00:00,56047022.64
2026-05-11 22:00:00,55489659.79
2026-05-11 23:00:00,55276021.88
2026-05-12 00:00:00,54966703.48
2026-05-12 01:00:00,54709347.75
2026-05-12 02:00:00,52963362.45
2026-05-12 03:00:00,53547574.84
2026-05-12 04:00:00,53111442.08
2026-05-12 05:00:00,53387006.26
2026-05-12 06:00:00,54002395.23
2026-05-12 07:00:00,53866596.00
2026-05-12 08:00:00,53533814.76
2026-05-12 09:00:00,53087099.64
2026-05-12 10:00:00,52728148.59
2026-05-12 11:00:00,52341791.59
2026-05-12 12:00:00,51859922.38
2026-05-12 13:00:00,51949393.52
2026-05-12 14:00:00,51576973.41
2026-05-12 15:00:00,50500464.65
2026-05-12 16:00:00,50490194.09
2026-05-12 17:00:00,50632450.50
2026-05-12 18:00:00,50931430.11
2026-05-12 19:00:00,50860581.50
2026-05-12 20:00:00,51092194.56
2026-05-12 21:00:00,51452690.65
2026-05-12 22:00:00,51618998.19
2026-05-12 23:00:00,51897254.05
2026-05-13 00:00:00,51544827.94
2026-05-13 01:00:00,51517832.53
2026-05-13 02:00:00,51883137.73
2026-05-13 03:00:00,51998169.13
2026-05-13 04:00:00,52121834.09
2026-05-13 05:00:00,52155455.94
2026-05-13 06:00:00,51826982.34
2026-05-13 07:00:00,51822285.87
2026-05-13 08:00:00,51863529.84
2026-05-13 09:00:00,52013716.08
2026-05-13 10:00:00,52857881.86
2026-05-13 11:00:00,51504116.66
2026-05-13 12:00:00,50811287.02
2026-05-13 13:00:00,49581344.21
2026-05-13 14:00:00,49703832.31
2026-05-13 15:00:00,50186342.67
2026-05-13 16:00:00,48829558.05
2026-05-13 17:00:00,49487789.74
2026-05-13 18:00:00,49723075.30
2026-05-13 19:00:00,49709639.81
2026-05-13 20:00:00,49722305.88
2026-05-13 21:00:00,50016195.45
2026-05-13 22:00:00,49546442.41
2026-05-13 23:00:00,50192106.32
2026-05-14 00:00:00,50323595.37
2026-05-14 01:00:00,51109622.36
2026-05-14 02:00:00,50858380.94
2026-05-14 03:00:00,50577349.71
2026-05-14 04:00:00,49472618.27
2026-05-14 05:00:00,50025489.89
2026-05-14 06:00:00,50683162.47
2026-05-14 07:00:00,50626075.10
2026-05-14 08:00:00,50262735.33
2026-05-14 09:00:00,50199142.65
2026-05-14 10:00:00,50076860.17
2026-05-14 11:00:00,50260038.84
2026-05-14 12:00:00,49928368.17
2026-05-14 13:00:00,50677829.30
2026-05-14 14:00:00,50339176.67
2026-05-14 15:00:00,51079170.83
2026-05-14 16:00:00,50778690.32
2026-05-14 17:00:00,50227797.34
2026-05-14 18:00:00,49961850.77
2026-05-14 19:00:00,50606427.60
2026-05-14 20:00:00,49992627.33
2026-05-14 21:00:00,49857804.56
2026-05-14 22:00:00,49662555.21
2026-05-14 23:00:00,49449217.88
2026-05-15 00:00:00,48780018.46
2026-05-15 01:00:00,49023215.37
2026-05-15 02:00:00,48415760.50
2026-05-15 03:00:00,48654635.28
2026-05-15 04:00:00,48630784.88
2026-05-15 05:00:00,48215372.22
2026-05-15 06:00:00,46586156.44
2026-05-15 07:00:00,46724067.67
2026-05-15 08:00:00,46977302.06
2026-05-15 09:00:00,46686405.48
2026-05-15 10:00:00,46506449.98
2026-05-15 11:00:00,46931534.68
2026-05-15 12:00:00,46868262.64
2026-05-15 13:00:00,46696070.32
2026-05-15 14:00:00,45034382.23
2026-05-15 15:00:00,46192692.85
2026-05-15 16:00:00,46578411.15
2026-05-15 17:00:00,46761720.58
2026-05-15 18:00:00,47067826.90
2026-05-15 19:00:00,47323268.18
2026-05-15 20:00:00,46829619.17
2026-05-15 21:00:00,47035187.91
2026-05-15 22:00:00,47212282.80
2026-05-15 23:00:00,47682738.14
2026-05-16 00:00:00,47683592.50
2026-05-16 01:00:00,47908314.97
2026-05-16 02:00:00,47805934.55
2026-05-16 03:00:00,47940992.72
2026-05-16 04:00:00,47949489.20
2026-05-16 05:00:00,47670283.05
2026-05-16 06:00:00,47855245.58
2026-05-16 07:00:00,47439106.22
2026-05-16 08:00:00,47234969.60
2026-05-16 09:00:00,47507563.32
2026-05-16 10:00:00,46960686.49
2026-05-16 11:00:00,47514886.98
2026-05-16 12:00:00,47897694.85
2026-05-16 13:00:00,48019650.06
2026-05-16 14:00:00,47992455.36
2026-05-16 15:00:00,49542396.70
2026-05-16 16:00:00,49986875.34
2026-05-16 17:00:00,50099086.71
2026-05-16 18:00:00,50483546.96
2026-05-16 19:00:00,50279017.18
2026-05-16 20:00:00,50014769.41
2026-05-16 21:00:00,50011559.73
2026-05-16 22:00:00,49863152.08
2026-05-16 23:00:00,49727280.21
2026-05-17 00:00:00,49601144.77
2026-05-17 01:00:00,49271503.22
2026-05-17 02:00:00,49192136.77
2026-05-17 03:00:00,49189278.66
2026-05-17 04:00:00,49562014.74
2026-05-17 05:00:00,50460897.37
2026-05-17 06:00:00,50482929.48
2026-05-17 07:00:00,50235321.24
2026-05-17 08:00:00,50822798.44
2026-05-17 09:00:00,50890995.37
2026-05-17 10:00:00,50995433.91
2026-05-17 11:00:00,50907107.43
2026-05-17 12:00:00,50802997.39
2026-05-17 13:00:00,50713220.71
2026-05-17 14:00:00,50698147.50
2026-05-17 15:00:00,50406397.37
2026-05-17 16:00:00,50358870.42
2026-05-17 17:00:00,50347782.10
2026-05-17 18:00:00,50289177.01
2026-05-17 19:00:00,50347359.78
2026-05-17 20:00:00,50466819.34
2026-05-17 21:00:00,50369997.25
2026-05-17 22:00:00,50461011.47
2026-05-17 23:00:00,50040403.86
2026-05-18 00:00:00,48498275.00
2026-05-18 01:00:00,48326306.44
2026-05-18 02:00:00,48129991.95
2026-05-18 03:00:00,48597594.13
2026-05-18 04:00:00,48132393.53
2026-05-18 05:00:00,48724984.83
2026-05-18 06:00:00,48453241.38
2026-05-18 07:00:00,48835262.84
2026-05-18 08:00:00,48847113.40
2026-05-18 09:00:00,48847869.29
2026-05-18 10:00:00,48789298.36
2026-05-18 11:00:00,49201980.06
2026-05-18 12:00:00,49532365.45
2026-05-18 13:00:00,49743082.87
2026-05-18 14:00:00,49669188.03
2026-05-18 15:00:00,48842215.18
2026-05-18 16:00:00,48820344.62
2026-05-18 17:00:00,48830164.23
2026-05-18 18:00:00,49063663.10
2026-05-18 19:00:00,48536527.26
2026-05-18 20:00:00,49527231.54
2026-05-18 21:00:00,49688238.87
2026-05-18 22:00:00,50140698.07
2026-05-18 23:00:00,50003212.09
2026-05-19 00:00:00,49981559.53
2026-05-19 01:00:00,50207972.60
2026-05-19 02:00:00,49946099.50
2026-05-19 03:00:00,49714598.26
2026-05-19 04:00:00,49872168.46
2026-05-19 05:00:00,50062831.94
2026-05-19 06:00:00,49963707.37
2026-05-19 07:00:00,50063178.88
2026-05-19 08:00:00,50574847.95
2026-05-19 09:00:00,50404295.95
2026-05-19 10:00:00,50157529.02
2026-05-19 11:00:00,50065371.78
2026-05-19 12:00:00,49934888.69
2026-05-19 13:00:00,50155083.05
2026-05-19 14:00:00,50140200.13
2026-05-19 15:00:00,49595178.83
2026-05-19 16:00:00,49882427.78
2026-05-19 17:00:00,50237597.80
2026-05-19 18:00:00,50322987.56
2026-05-19 19:00:00,49921470.71
2026-05-19 20:00:00,49959977.31
2026-05-19 21:00:00,50087088.14
2026-05-19 22:00:00,49850568.17
2026-05-19 23:00:00,49304809.72
2026-05-20 00:00:00,49318556.49
2026-05-20 01:00:00,48734060.91
2026-05-20 02:00:00,48674178.05
2026-05-20 03:00:00,48550742.69
2026-05-20 04:00:00,48632284.37
2026-05-20 05:00:00,48840193.27
2026-05-20 06:00:00,48804980.70
2026-05-20 07:00:00,48992956.74
2026-05-20 08:00:00,48771268.12
2026-05-20 09:00:00,48632578.31
2026-05-20 10:00:00,49242633.77
2026-05-20 11:00:00,49514715.88
2026-05-20 12:00:00,49124731.41
2026-05-20 13:00:00,49442181.56
2026-05-20 14:00:00,49333449.88
2026-05-20 15:00:00,49998279.76
2026-05-20 16:00:00,49832670.52
2026-05-20 17:00:00,50043438.69
2026-05-20 18:00:00,50100439.66
2026-05-20 19:00:00,49919867.33
2026-05-20 20:00:00,50274606.55
2026-05-20 21:00:00,50205492.54
2026-05-20 22:00:00,50030445.93
2026-05-20 23:00:00,50013577.35
2026-05-21 00:00:00,50096921.60
2026-05-21 01:00:00,50603236.98
2026-05-21 02:00:00,50440971.32
2026-05-21 03:00:00,50593635.15
2026-05-21 04:00:00,50903368.78
2026-05-21 05:00:00,50784549.05
2026-05-21 06:00:00,50600739.96
2026-05-21 07:00:00,50477785.37
2026-05-21 08:00:00,50634330.62
2026-05-21 09:00:00,50840621.38
2026-05-21 10:00:00,50075589.05
2026-05-21 11:00:00,49824584.90
2026-05-21 12:00:00,49695065.87
2026-05-21 13:00:00,50108894.63
2026-05-21 14:00:00,50922774.71
2026-05-21 15:00:00,50416521.40
2026-05-21 16:00:00,50449097.10
2026-05-21 17:00:00,50364689.77
2026-05-21 18:00:00,51164187.54
2026-05-21 19:00:00,50842398.95
2026-05-21 20:00:00,50912513.09
2026-05-21 21:00:00,50635762.06
2026-05-21 22:00:00,50474310.66
2026-05-21 23:00:00,50561064.54
2026-05-22 00:00:00,50663276.43
2026-05-22 01:00:00,50792499.97
2026-05-22 02:00:00,51051261.11
2026-05-22 03:00:00,51186615.58
2026-05-22 04:00:00,51282043.30
2026-05-22 05:00:00,51200704.94
2026-05-22 06:00:00,51677155.74
2026-05-22 07:00:00,51780905.31
2026-05-22 08:00:00,52486940.30
2026-05-22 09:00:00,52591187.02
2026-05-22 10:00:00,52613581.86
2026-05-22 11:00:00,53293356.75
2026-05-22 12:00:00,53253032.81
2026-05-22 13:00:00,53851981.04
2026-05-22 14:00:00,53668244.00
2026-05-22 15:00:00,54080889.32
2026-05-22 16:00:00,54392474.23
2026-05-22 17:00:00,54485470.84
2026-05-22 18:00:00,54318790.68
2026-05-22 19:00:00,52784396.82
2026-05-22 20:00:00,53179483.02
2026-05-22 21:00:00,53844705.22
2026-05-22 22:00:00,53779205.03
2026-05-22 23:00:00,53766415.07
2026-05-23 00:00:00,53269612.12
2026-05-23 01:00:00,53431220.96
2026-05-23 02:00:00,53502151.87
2026-05-23 03:00:00,53793818.41
2026-05-23 04:00:00,54263867.57
2026-05-23 05:00:00,54251896.51
2026-05-23 06:00:00,54408732.86
2026-05-23 07:00:00,54304847.90
2026-05-23 08:00:00,52405044.55
2026-05-23 09:00:00,52322946.09
2026-05-23 10:00:00,52117677.11
2026-05-23 11:00:00,52135070.52
2026-05-23 12:00:00,52186382.30
2026-05-23 13:00:00,52168635.77
2026-05-23 14:00:00,52660549.94
2026-05-23 15:00:00,53316074.23
2026-05-23 16:00:00,53451145.91
2026-05-23 17:00:00,53301440.97
2026-05-23 18:00:00,53342640.14
2026-05-23 19:00:00,53681168.09
2026-05-23 20:00:00,53691236.25
2026-05-23 21:00:00,54348949.13
2026-05-23 22:00:00,53047652.45
2026-05-23 23:00:00,52525927.74
2026-05-24 00:00:00,52388910.72
2026-05-24 01:00:00,52325147.75
2026-05-24 02:00:00,52250716.51
2026-05-24 03:00:00,52081883.55
2026-05-24 04:00:00,51649488.09
2026-05-24 05:00:00,51827708.96
2026-05-24 06:00:00,51679994.58
2026-05-24 07:00:00,51945672.63
2026-05-24 08:00:00,52148400.93
2026-05-24 09:00:00,52474101.90
2026-05-24 10:00:00,52734166.03
2026-05-24 11:00:00,52628683.78
2026-05-24 12:00:00,53195499.94
2026-05-24 13:00:00,51988497.13
2026-05-24 14:00:00,51124078.77
2026-05-24 15:00:00,50237525.22
2026-05-24 16:00:00,50062812.09
2026-05-24 17:00:00,50205092.18
2026-05-24 18:00:00,49967160.72
2026-05-24 19:00:00,49852215.10
2026-05-24 20:00:00,49881060.76
2026-05-24 21:00:00,49468238.54
2026-05-24 22:00:00,48642648.03
2026-05-24 23:00:00,49275498.38
2026-05-25 00:00:00,49623026.33
2026-05-25 01:00:00,49984479.85
2026-05-25 02:00:00,49680821.30
2026-05-25 03:00:00,49717055.77
2026-05-25 04:00:00,49475354.18
2026-05-25 05:00:00,49881362.94
2026-05-25 06:00:00,50351083.37
2026-05-25 07:00:00,50344447.94
2026-05-25 08:00:00,50233040.68
2026-05-25 09:00:00,50296485.71
2026-05-25 10:00:00,50217193.22
2026-05-25 11:00:00,50147346.16
2026-05-25 12:00:00,49680127.98
2026-05-25 13:00:00,49306879.15
2026-05-25 14:00:00,49397011.81
2026-05-25 15:00:00,49532596.41
2026-05-25 16:00:00,49388850.62
2026-05-25 17:00:00,49688380.40
2026-05-25 18:00:00,49947566.41
2026-05-25 19:00:00,49725578.12
2026-05-25 20:00:00,49800475.30
2026-05-25 21:00:00,49488305.78
2026-05-25 22:00:00,49455394.38
2026-05-25 23:00:00,49083697.21
2026-05-26 00:00:00,49380745.75
2026-05-26 01:00:00,48997287.24
2026-05-26 02:00:00,48511570.80
2026-05-26 03:00:00,48474944.42
2026-05-26 04:00:00,48634656.90
2026-05-26 05:00:00,48682297.45
2026-05-26 06:00:00,48956864.69
2026-05-26 07:00:00,48787596.92
2026-05-26 08:00:00,48478825.52
2026-05-26 09:00:00,48756031.67
2026-05-26 10:00:00,48828698.79
2026-05-26 11:00:00,49936408.57
2026-05-26 12:00:00,49699289.43
2026-05-26 13:00:00,49597197.54
2026-05-26 14:00:00,49685901.52
2026-05-26 15:00:00,49287132.79
2026-05-26 16:00:00,48898065.72
2026-05-26 17:00:00,48668290.66
2026-05-26 18:00:00,48273469.12
2026-05-26 19:00:00,48546527.32
2026-05-26 20:00:00,49088290.15
2026-05-26 21:00:00,49055466.78
2026-05-26 22:00:00,48643445.34
2026-05-26 23:00:00,48424816.02
2026-05-27 00:00:00,48802693.56
2026-05-27 01:00:00,49448926.91
2026-05-27 02:00:00,49354927.00
2026-05-27 03:00:00,49473184.33
2026-05-27 04:00:00,49236523.15
2026-05-27 05:00:00,49044147.93
2026-05-27 06:00:00,49452002.96
2026-05-27 07:00:00,49669285.82
2026-05-27 08:00:00,49572087.05
2026-05-27 09:00:00,49324126.63
2026-05-27 10:00:00,49349374.87
2026-05-27 11:00:00,49580779.43
2026-05-27 12:00:00,49538881.16
2026-05-27 13:00:00,49765974.78
2026-05-27 14:00:00,49365253.29
2026-05-27 15:00:00,49589602.74
2026-05-27 16:00:00,49805756.60
2026-05-27 17:00:00,49362952.39
2026-05-27 18:00:00,48852506.51
2026-05-27 19:00:00,49277168.19
2026-05-27 20:00:00,49105213.10
2026-05-27 21:00:00,49169380.19
2026-05-27 22:00:00,48044070.03
2026-05-27 23:00:00,48139522.65
2026-05-28 00:00:00,48732635.46
2026-05-28 01:00:00,49015349.58
2026-05-28 02:00:00,48667589.34
2026-05-28 03:00:00,48848969.45
2026-05-28 04:00:00,47913663.51
2026-05-28 05:00:00,47775357.22
2026-05-28 06:00:00,47551023.36
2026-05-28 07:00:00,47651236.58
2026-05-28 08:00:00,48232577.57
2026-05-28 09:00:00,47893952.77
2026-05-28 10:00:00,48382546.67
2026-05-28 11:00:00,47950901.47
2026-05-28 12:00:00,47788669.07
2026-05-28 13:00:00,48068113.81
2026-05-28 14:00:00,47761160.58
2026-05-28 15:00:00,47119761.15
2026-05-28 16:00:00,46936376.83
2026-05-28 17:00:00,47393239.49
2026-05-28 18:00:00,47426917.51
2026-05-28 19:00:00,47261869.27
2026-05-28 20:00:00,46972702.70
2026-05-28 21:00:00,47174421.33
2026-05-28 22:00:00,46851328.92
2026-05-28 23:00:00,46257390.31
2026-05-29 00:00:00,46354226.08
2026-05-29 01:00:00,46485745.70
2026-05-29 02:00:00,46904482.90
2026-05-29 03:00:00,46601684.32
2026-05-29 04:00:00,46816719.48
2026-05-29 05:00:00,47284074.39
2026-05-29 06:00:00,47577325.52
2026-05-29 07:00:00,47630834.20
2026-05-29 08:00:00,47527046.39
2026-05-29 09:00:00,46892937.10
2026-05-29 10:00:00,47494861.90
2026-05-29 11:00:00,47231212.15
2026-05-29 12:00:00,46872143.25
2026-05-29 13:00:00,46417994.04
2026-05-29 14:00:00,46484716.53
2026-05-29 15:00:00,46344577.50
2026-05-29 16:00:00,46742223.14
2026-05-29 17:00:00,46747390.70
2026-05-29 18:00:00,46581930.07
2026-05-29 19:00:00,45760503.07
2026-05-29 20:00:00,45594946.96
2026-05-29 21:00:00,45735516.75
2026-05-29 22:00:00,45298013.80
2026-05-29 23:00:00,45459147.30
2026-05-30 00:00:00,45803581.35
2026-05-30 01:00:00,46007792.26
2026-05-30 02:00:00,46615626.77
2026-05-30 03:00:00,46533680.58
2026-05-30 04:00:00,46103696.30
2026-05-30 05:00:00,45583800.62
2026-05-30 06:00:00,45804362.28
2026-05-30 07:00:00,45701019.47
2026-05-30 08:00:00,45550217.86
2026-05-30 09:00:00,45567905.90
2026-05-30 10:00:00,45775329.57
2026-05-30 11:00:00,45658530.04
2026-05-30 12:00:00,45740087.90
2026-05-30 13:00:00,45789325.85
2026-05-30 14:00:00,45771719.53
2026-05-30 15:00:00,45720034.20
2026-05-30 16:00:00,45471533.24
2026-05-30 17:00:00,45637939.54
2026-05-30 18:00:00,45561093.65
2026-05-30 19:00:00,45528998.18
2026-05-30 20:00:00,45415201.65
2026-05-30 21:00:00,45401423.49
2026-05-30 22:00:00,45342210.73
2026-05-30 23:00:00,44919505.67
2026-05-31 00:00:00,44986226.17
2026-05-31 01:00:00,45242396.12
2026-05-31 02:00:00,45359355.18
2026-05-31 03:00:00,45811991.61
2026-05-31 04:00:00,45878412.96
2026-05-31 05:00:00,45839143.48
2026-05-31 06:00:00,45706935.04
2026-05-31 07:00:00,45659427.84
2026-05-31 08:00:00,46016281.88
2026-05-31 09:00:00,46119757.90
2026-05-31 10:00:00,45701135.76
2026-05-31 11:00:00,45273249.99
2026-05-31 12:00:00,45310433.47
2026-05-31 13:00:00,45317946.00
2026-05-31 14:00:00,45293543.21
2026-05-31 15:00:00,44238505.95
2026-05-31 16:00:00,44291110.69
2026-05-31 17:00:00,43803505.78
2026-05-31 18:00:00,44163994.44
2026-05-31 19:00:00,44171828.60
2026-05-31 20:00:00,44175756.35
2026-05-31 21:00:00,44588879.76
2026-05-31 22:00:00,44874687.51
2026-05-31 23:00:00,44889684.55
2026-06-01 00:00:00,44655507.08
2026-06-01 01:00:00,44814730.84
2026-06-01 02:00:00,44061919.77
2026-06-01 03:00:00,44484579.38
2026-06-01 04:00:00,44387808.04
2026-06-01 05:00:00,44217737.93
2026-06-01 06:00:00,44072173.99
2026-06-01 07:00:00,43894146.42
2026-06-01 08:00:00,43633908.86
2026-06-01 09:00:00,43834265.25
2026-06-01 10:00:00,43773005.37
2026-06-01 11:00:00,43810607.40
2026-06-01 12:00:00,43567983.08
2026-06-01 13:00:00,43458409.68
2026-06-01 14:00:00,42998662.34
2026-06-01 15:00:00,43340982.88
2026-06-01 16:00:00,44126319.13
2026-06-01 17:00:00,44853048.42
2026-06-01 18:00:00,45335038.65
2026-06-01 19:00:00,44926849.34
2026-06-01 20:00:00,45155265.60
2026-06-01 21:00:00,45084368.93
2026-06-01 22:00:00,44678603.03
2026-06-01 23:00:00,44904238.16
2026-06-02 00:00:00,44832888.38
2026-06-02 01:00:00,44522682.03
2026-06-02 02:00:00,44275798.85
2026-06-02 03:00:00,44813834.91
2026-06-02 04:00:00,45036020.45
2026-06-02 05:00:00,44637877.33
2026-06-02 06:00:00,44410854.17
2026-06-02 07:00:00,44877829.92
2026-06-02 08:00:00,44826590.76
2026-06-02 09:00:00,44881197.96
2026-06-02 10:00:00,44766763.01
2026-06-02 11:00:00,45155969.01
2026-06-02 12:00:00,44764670.47
2026-06-02 13:00:00,44883893.95
2026-06-02 14:00:00,44828216.66
2026-06-02 15:00:00,43129651.90
2026-06-02 16:00:00,42571333.00
2026-06-02 17:00:00,42754874.29
2026-06-02 18:00:00,42947077.57
2026-06-02 19:00:00,45236724.38
2026-06-02 20:00:00,42814936.34
2026-06-02 21:00:00,42772570.57
2026-06-02 22:00:00,42658884.36
2026-06-02 23:00:00,41715509.55
2026-06-03 00:00:00,41670878.29
2026-06-03 01:00:00,41922316.47
2026-06-03 02:00:00,42457201.37
2026-06-03 03:00:00,42394443.91
2026-06-03 04:00:00,41023935.98
2026-06-03 05:00:00,41540117.53
2026-06-03 06:00:00,41923395.28
2026-06-03 07:00:00,41881663.80
2026-06-03 08:00:00,42243145.94
2026-06-03 09:00:00,42383560.31
2026-06-03 10:00:00,42257345.68
2026-06-03 11:00:00,42592616.67
2026-06-03 12:00:00,42354909.12
2026-06-03 13:00:00,42526221.33
2026-06-03 14:00:00,42186001.42
2026-06-03 15:00:00,42014059.61
2026-06-03 16:00:00,41164547.06
2026-06-03 17:00:00,41285279.03
2026-06-03 18:00:00,41211046.66
2026-06-03 19:00:00,41267668.95
2026-06-03 20:00:00,40623345.10
2026-06-03 21:00:00,40094845.70
2026-06-03 22:00:00,41228858.91
2026-06-03 23:00:00,40919200.19
2026-06-04 00:00:00,40618066.71
2026-06-04 01:00:00,39783541.20
2026-06-04 02:00:00,38444112.10
2026-06-04 03:00:00,37531534.59
2026-06-04 04:00:00,38973417.32
2026-06-04 05:00:00,38503552.50
2026-06-04 06:00:00,38425636.44
2026-06-04 07:00:00,38249529.86
2026-06-04 08:00:00,37675225.73
2026-06-04 09:00:00,37736123.70
2026-06-04 10:00:00,37491882.45
2026-06-04 11:00:00,37188128.19
2026-06-04 12:00:00,37682994.43
2026-06-04 13:00:00,38478976.42
2026-06-04 14:00:00,38605672.84
2026-06-04 15:00:00,38495359.24
2026-06-04 16:00:00,38633563.16
2026-06-04 17:00:00,38437315.25
2026-06-04 18:00:00,38187942.94
2026-06-04 19:00:00,38499254.95
2026-06-04 20:00:00,38300180.49
2026-06-04 21:00:00,38043687.53
2026-06-04 22:00:00,37140427.85
2026-06-04 23:00:00,37446045.76
2026-06-05 00:00:00,37690126.60
2026-06-05 01:00:00,37368491.69
2026-06-05 02:00:00,37390571.20
2026-06-05 03:00:00,36467083.01
2026-06-05 04:00:00,36408282.33
2026-06-05 05:00:00,37222584.44
2026-06-05 06:00:00,36131935.84
2026-06-05 07:00:00,37578559.37
2026-06-05 08:00:00,38400453.76
2026-06-05 09:00:00,36719170.80
2026-06-05 10:00:00,37915962.46
2026-06-05 11:00:00,37530353.59
2026-06-05 12:00:00,37183080.97
2026-06-05 13:00:00,37558506.99
2026-06-05 14:00:00,37635026.56
2026-06-05 15:00:00,39578463.14
2026-06-05 16:00:00,41089717.44
2026-06-05 17:00:00,42075713.89
2026-06-05 18:00:00,42056191.47
2026-06-05 19:00:00,40123924.82
2026-06-05 20:00:00,40452666.00
2026-06-05 21:00:00,41863672.26
2026-06-05 22:00:00,42269456.35
2026-06-05 23:00:00,41963440.96
2026-06-06 00:00:00,41300478.70
2026-06-06 01:00:00,41934552.82
2026-06-06 02:00:00,40688252.93
2026-06-06 03:00:00,40460195.01
2026-06-06 04:00:00,40104137.42
2026-06-06 05:00:00,39137915.43
2026-06-06 06:00:00,40889052.08
2026-06-06 07:00:00,40559411.45
2026-06-06 08:00:00,40840918.21
2026-06-06 09:00:00,41193390.23
2026-06-06 10:00:00,40824455.24
2026-06-06 11:00:00,40339621.60
2026-06-06 12:00:00,40841345.68
2026-06-06 13:00:00,41371223.81
2026-06-06 14:00:00,40433878.72
2026-06-06 15:00:00,40564124.19
2026-06-06 16:00:00,39893930.43
2026-06-06 17:00:00,40191951.66
2026-06-06 18:00:00,39929269.29
2026-06-06 19:00:00,40199616.58
2026-06-06 20:00:00,39718300.32
2026-06-06 21:00:00,39845266.28
2026-06-06 22:00:00,39934344.90
2026-06-06 23:00:00,39897556.60
2026-06-07 00:00:00,40367966.94
2026-06-07 01:00:00,40264095.90
2026-06-07 02:00:00,41183565.52
2026-06-07 03:00:00,41373240.36
2026-06-07 04:00:00,41036846.08
2026-06-07 05:00:00,40904771.39
2026-06-07 06:00:00,41056388.83
2026-06-07 07:00:00,41169919.68
2026-06-07 08:00:00,41438579.54
2026-06-07 09:00:00,41759126.18
2026-06-07 10:00:00,41671241.19
2026-06-07 11:00:00,41027569.20
2026-06-07 12:00:00,41296775.63
2026-06-07 13:00:00,40651424.12
2026-06-07 14:00:00,40605755.15
2026-06-07 15:00:00,41097144.60
2026-06-07 16:00:00,40962479.65
2026-06-07 17:00:00,40936065.29
2026-06-07 18:00:00,40816635.74
2026-06-07 19:00:00,40457168.96
2026-06-07 20:00:00,39746863.41
2026-06-07 21:00:00,40179981.87
2026-06-07 22:00:00,40215339.66
2026-06-07 23:00:00,41090228.90
2026-06-08 00:00:00,41360357.41
2026-06-08 01:00:00,41528124.36
2026-06-08 02:00:00,40892241.24
2026-06-08 03:00:00,40737551.40
2026-06-08 04:00:00,40864493.44
2026-06-08 05:00:00,40354351.70
2026-06-08 06:00:00,40299780.84
2026-06-08 07:00:00,40631450.00
2026-06-08 08:00:00,40593652.72
2026-06-08 09:00:00,40350728.60
2026-06-08 10:00:00,40843028.16
2026-06-08 11:00:00,40719633.13
2026-06-08 12:00:00,41463265.43
2026-06-08 13:00:00,41462361.21
2026-06-08 14:00:00,41103949.39
2026-06-08 15:00:00,41550154.97
2026-06-08 16:00:00,41338377.52
2026-06-08 17:00:00,41268929.83
2026-06-08 18:00:00,41544418.86
2026-06-08 19:00:00,41317230.69
2026-06-08 20:00:00,41243138.06
2026-06-08 21:00:00,41303133.87
2026-06-08 22:00:00,41394016.56
2026-06-08 23:00:00,41208072.05
2026-06-09 00:00:00,40827849.01
2026-06-09 01:00:00,39648528.06
2026-06-09 02:00:00,39829629.33
2026-06-09 03:00:00,39660546.31
2026-06-09 04:00:00,39661151.19
2026-06-09 05:00:00,40347113.21
2026-06-09 06:00:00,40434506.42
2026-06-09 07:00:00,40329357.20
2026-06-09 08:00:00,40398592.87
2026-06-09 09:00:00,40315611.00
2026-06-09 10:00:00,40178221.92
2026-06-09 11:00:00,40269338.25
2026-06-09 12:00:00,40343780.57
2026-06-09 13:00:00,40386715.86
2026-06-09 14:00:00,40114820.84
2026-06-09 15:00:00,39531109.15
2026-06-09 16:00:00,38888923.86
2026-06-09 17:00:00,39008188.37
2026-06-09 18:00:00,39647816.83
2026-06-09 19:00:00,39839781.20
2026-06-09 20:00:00,39981843.89
2026-06-09 21:00:00,40279003.72
2026-06-09 22:00:00,39954103.25
2026-06-09 23:00:00,39955711.23
2026-06-10 00:00:00,39930012.19
2026-06-10 01:00:00,40143407.86
2026-06-10 02:00:00,39956574.88
2026-06-10 03:00:00,39456401.43
2026-06-10 04:00:00,39481813.73
2026-06-10 05:00:00,39226499.97
2026-06-10 06:00:00,39033236.40
2026-06-10 07:00:00,39279029.04
2026-06-10 08:00:00,39655047.74
2026-06-10 09:00:00,38841570.99
2026-06-10 10:00:00,38920199.33
2026-06-10 11:00:00,38915653.91
2026-06-10 12:00:00,38411621.35
2026-06-10 13:00:00,39165778.29
2026-06-10 14:00:00,39642035.49
2026-06-10 15:00:00,40349936.94
2026-06-10 16:00:00,40623763.45
2026-06-10 17:00:00,40130598.38
2026-06-10 18:00:00,39957215.74
2026-06-10 19:00:00,39903241.69
2026-06-10 20:00:00,39550701.21
2026-06-10 21:00:00,39206291.04
2026-06-10 22:00:00,38500539.36
2026-06-10 23:00:00,38590175.79
2026-06-11 00:00:00,38966726.38
2026-06-11 01:00:00,39234671.78
2026-06-11 02:00:00,39540869.28
2026-06-11 03:00:00,39569399.40
2026-06-11 04:00:00,40372464.28
2026-06-11 05:00:00,40058819.33
2026-06-11 06:00:00,39998451.60
2026-06-11 07:00:00,40289912.09
2026-06-11 08:00:00,40321074.94
2026-06-11 09:00:00,40685522.56
2026-06-11 10:00:00,39998775.43
2026-06-11 11:00:00,39849190.06
2026-06-11 12:00:00,39867555.73
2026-06-11 13:00:00,39533969.04
2026-06-11 14:00:00,39781326.00
2026-06-11 15:00:00,39660093.90
2026-06-11 16:00:00,40145932.15
2026-06-11 17:00:00,39558799.05
2026-06-11 18:00:00,40763756.22
2026-06-11 19:00:00,40495604.97
2026-06-11 20:00:00,40377147.27
2026-06-11 21:00:00,40007348.66
2026-06-11 22:00:00,40046511.35
2026-06-11 23:00:00,39857690.64
2026-06-12 00:00:00,39799963.90
2026-06-12 01:00:00,39740832.32
2026-06-12 02:00:00,39758086.12
2026-06-12 03:00:00,39739869.90
2026-06-12 04:00:00,39769276.34
2026-06-12 05:00:00,39776159.05
2026-06-12 06:00:00,39352099.58
2026-06-12 07:00:00,38831426.53
2026-06-12 08:00:00,39186017.67
2026-06-12 09:00:00,39560643.77
2026-06-12 10:00:00,40039823.19
2026-06-12 11:00:00,39703196.32
2026-06-12 12:00:00,39765861.08
2026-06-12 13:00:00,39675852.86
2026-06-12 14:00:00,39239773.70
2026-06-12 15:00:00,39785809.36
2026-06-12 16:00:00,39023973.44
2026-06-12 17:00:00,39512742.38
2026-06-12 18:00:00,39484795.93
2026-06-12 19:00:00,39340274.54
2026-06-12 20:00:00,39449300.40
2026-06-12 21:00:00,39366850.81
2026-06-12 22:00:00,39135470.27
2026-06-12 23:00:00,39115101.19
2026-06-13 00:00:00,38955899.38
2026-06-13 01:00:00,39019727.70
2026-06-13 02:00:00,39469161.62
2026-06-13 03:00:00,39461974.96
2026-06-13 04:00:00,39640398.11
2026-06-13 05:00:00,39516586.73
2026-06-13 06:00:00,40087188.88
2026-06-13 07:00:00,40417908.42
2026-06-13 08:00:00,40494059.57
2026-06-13 09:00:00,40652993.52
2026-06-13 10:00:00,40876112.80
2026-06-13 11:00:00,41314813.75
2026-06-13 12:00:00,41376621.18
2026-06-13 13:00:00,41505915.26
2026-06-13 14:00:00,41489021.91
2026-06-13 15:00:00,41625492.63
2026-06-13 16:00:00,41636730.13
2026-06-13 17:00:00,40758297.81
2026-06-13 18:00:00,40461419.96
2026-06-13 19:00:00,40647696.52
2026-06-13 20:00:00,40652316.50
2026-06-13 21:00:00,40611508.00
2026-06-13 22:00:00,41145641.77
2026-06-13 23:00:00,41053336.00
2026-06-14 00:00:00,41103129.13
2026-06-14 01:00:00,41428595.85
2026-06-14 02:00:00,41556659.95
2026-06-14 03:00:00,41618558.57
2026-06-14 04:00:00,41396368.27
2026-06-14 05:00:00,41121787.41
2026-06-14 06:00:00,40847185.24
2026-06-14 07:00:00,40770497.84
2026-06-14 08:00:00,40757730.70
2026-06-14 09:00:00,40817453.99
2026-06-14 10:00:00,40983775.97
2026-06-14 11:00:00,40834034.89
2026-06-14 12:00:00,40970762.65
2026-06-14 13:00:00,40619678.99
2026-06-14 14:00:00,40933002.00
2026-06-14 15:00:00,40477209.07
2026-06-14 16:00:00,40423785.98
2026-06-14 17:00:00,40412258.86
2026-06-14 18:00:00,40331250.43
2026-06-14 19:00:00,40365129.13
2026-06-14 20:00:00,40351234.00
2026-06-14 21:00:00,40582762.46
2026-06-14 22:00:00,41278175.95
2026-06-14 23:00:00,41673849.30
2026-06-15 00:00:00,41883027.11
2026-06-15 01:00:00,41753260.78
2026-06-15 02:00:00,41775350.29
2026-06-15 03:00:00,41883180.29
2026-06-15 04:00:00,42115818.28
2026-06-15 05:00:00,42077111.34
2026-06-15 06:00:00,42225590.30
2026-06-15 07:00:00,42629225.18
2026-06-15 08:00:00,43106821.89
2026-06-15 09:00:00,44642900.99
2026-06-15 10:00:00,45564503.25
2026-06-15 11:00:00,46429613.10
2026-06-15 12:00:00,46502350.29
2026-06-15 13:00:00,46176412.13
2026-06-15 14:00:00,47054498.51
2026-06-15 15:00:00,47735656.01
2026-06-15 16:00:00,48980303.68
2026-06-15 17:00:00,47881180.26
2026-06-15 18:00:00,47328454.71
2026-06-15 19:00:00,46916067.27
2026-06-15 20:00:00,46289295.04
2026-06-15 21:00:00,45951458.98
2026-06-15 22:00:00,45834324.51
2026-06-15 23:00:00,45505280.68
2026-06-16 00:00:00,46034739.89
2026-06-16 01:00:00,45883921.83
2026-06-16 02:00:00,45348847.56
2026-06-16 03:00:00,44824403.43
2026-06-16 04:00:00,45345757.07
2026-06-16 05:00:00,45232523.12
2026-06-16 06:00:00,45483679.92
2026-06-16 07:00:00,46346208.35
2026-06-16 08:00:00,46993461.98
2026-06-16 09:00:00,46453410.43
2026-06-16 10:00:00,45980420.20
2026-06-16 11:00:00,46508066.48
2026-06-16 12:00:00,46539903.54
2026-06-16 13:00:00,47117721.69
2026-06-16 14:00:00,46296955.31
2026-06-16 15:00:00,45237132.76
2026-06-16 16:00:00,45422110.72
2026-06-16 17:00:00,45233466.24
2026-06-16 18:00:00,46070242.37
2026-06-16 19:00:00,46340985.72
2026-06-16 20:00:00,46276156.80
2026-06-16 21:00:00,46655250.67
2026-06-16 22:00:00,46892630.40
2026-06-16 23:00:00,46475050.11
2026-06-17 00:00:00,46050366.27
2026-06-17 01:00:00,46219832.97
2026-06-17 02:00:00,46853345.49
2026-06-17 03:00:00,46744912.39
2026-06-17 04:00:00,46045912.32
2026-06-17 05:00:00,45825987.52
2026-06-17 06:00:00,46012927.45
2026-06-17 07:00:00,46001793.13
2026-06-17 08:00:00,46333953.12
2026-06-17 09:00:00,45668598.43
2026-06-17 10:00:00,46270843.63
2026-06-17 11:00:00,45206774.55
2026-06-17 12:00:00,44915834.32
2026-06-17 13:00:00,45322677.28
2026-06-17 14:00:00,45050411.17
2026-06-17 15:00:00,44959925.70
2026-06-17 16:00:00,45620258.32
2026-06-17 17:00:00,45790336.94
2026-06-17 18:00:00,46200827.04
2026-06-17 19:00:00,45039856.95
2026-06-17 20:00:00,43568379.97
2026-06-17 21:00:00,43794750.08
2026-06-17 22:00:00,43343179.06
2026-06-17 23:00:00,43012381.53
2026-06-18 00:00:00,43010803.16
2026-06-18 01:00:00,42945050.48
2026-06-18 02:00:00,43344523.94
2026-06-18 03:00:00,44303499.43
2026-06-18 04:00:00,43084795.69
2026-06-18 05:00:00,42876459.54
2026-06-18 06:00:00,42925147.85
2026-06-18 07:00:00,43066198.15
2026-06-18 08:00:00,43643025.28
2026-06-18 09:00:00,43708269.91
2026-06-18 10:00:00,43876623.38
2026-06-18 11:00:00,43232553.24
2026-06-18 12:00:00,42932751.34
2026-06-18 13:00:00,43342401.60
2026-06-18 14:00:00,42918136.96
2026-06-18 15:00:00,43284880.89
2026-06-18 16:00:00,41452598.51
2026-06-18 17:00:00,41624528.01
2026-06-18 18:00:00,41291506.21
2026-06-18 19:00:00,41359259.89
2026-06-18 20:00:00,42350288.40
2026-06-18 21:00:00,42811621.42
2026-06-18 22:00:00,42623193.61
2026-06-18 23:00:00,42769674.40
2026-06-19 00:00:00,43064708.55
2026-06-19 01:00:00,44182005.60
2026-06-19 02:00:00,43677083.74
2026-06-19 03:00:00,43079399.09
2026-06-19 04:00:00,41999433.36
2026-06-19 05:00:00,41566141.88
2026-06-19 06:00:00,42782267.70
2026-06-19 07:00:00,42938747.12
2026-06-19 08:00:00,42041301.56
2026-06-19 09:00:00,42337641.55
2026-06-19 10:00:00,42122093.60
2026-06-19 11:00:00,41818329.66
2026-06-19 12:00:00,41757354.64
2026-06-19 13:00:00,41997519.74
2026-06-19 14:00:00,42674798.43
2026-06-19 15:00:00,42331789.17
2026-06-19 16:00:00,42396645.85
2026-06-19 17:00:00,42511557.61
2026-06-19 18:00:00,42973313.05
2026-06-19 19:00:00,42999112.00
2026-06-19 20:00:00,42730987.20
2026-06-19 21:00:00,42926236.30
2026-06-19 22:00:00,42706381.98
2026-06-19 23:00:00,42984009.67
2026-06-20 00:00:00,43620534.08
2026-06-20 01:00:00,43841941.94
2026-06-20 02:00:00,43728990.52
2026-06-20 03:00:00,43350196.89
2026-06-20 04:00:00,43226269.92
2026-06-20 05:00:00,43539938.31
2026-06-20 06:00:00,43875895.16
2026-06-20 07:00:00,43902689.41
2026-06-20 08:00:00,43580911.28
2026-06-20 09:00:00,43469592.19
2026-06-20 10:00:00,43759285.72
2026-06-20 11:00:00,44044156.80
2026-06-20 12:00:00,43592928.43
2026-06-20 13:00:00,43507567.90
2026-06-20 14:00:00,43201831.62
2026-06-20 15:00:00,43976216.04
2026-06-20 16:00:00,44279492.66
2026-06-20 17:00:00,44252655.62
2026-06-20 18:00:00,43773125.41
2026-06-20 19:00:00,43993320.12
2026-06-20 20:00:00,44124157.60
2026-06-20 21:00:00,44600979.15
2026-06-20 22:00:00,44728051.80
2026-06-20 23:00:00,45137746.35
2026-06-21 00:00:00,44935134.82
2026-06-21 01:00:00,44921005.53
2026-06-21 02:00:00,44816753.52
2026-06-21 03:00:00,44742917.32
2026-06-21 04:00:00,45017158.34
2026-06-21 05:00:00,44692286.40
2026-06-21 06:00:00,44633235.18
2026-06-21 07:00:00,44620469.87
2026-06-21 08:00:00,44752936.97
2026-06-21 09:00:00,43971778.31
2026-06-21 10:00:00,44082742.59
2026-06-21 11:00:00,44111003.44
2026-06-21 12:00:00,43799275.40
2026-06-21 13:00:00,44019094.21
2026-06-21 14:00:00,44045843.23
2026-06-21 15:00:00,44139337.88
2026-06-21 16:00:00,44260835.07
2026-06-21 17:00:00,43956388.82
2026-06-21 18:00:00,43853984.09
2026-06-21 19:00:00,43898986.74
2026-06-21 20:00:00,43960868.17
2026-06-21 21:00:00,43677567.68
2026-06-21 22:00:00,43353344.15
2026-06-21 23:00:00,43147223.15
2026-06-22 00:00:00,43086556.13
2026-06-22 01:00:00,43848045.36
2026-06-22 02:00:00,43794767.49
2026-06-22 03:00:00,43431472.08
2026-06-22 04:00:00,42880442.25
2026-06-22 05:00:00,43411116.84
2026-06-22 06:00:00,43408420.64
2026-06-22 07:00:00,43178557.39
2026-06-22 08:00:00,43480317.57
2026-06-22 09:00:00,43576814.46
2026-06-22 10:00:00,43422677.86
2026-06-22 11:00:00,43658114.86
2026-06-22 12:00:00,44089438.32
2026-06-22 13:00:00,44235858.24
2026-06-22 14:00:00,44269687.35
2026-06-22 15:00:00,42968368.81
2026-06-22 16:00:00,42957039.94
2026-06-22 17:00:00,42788795.31
2026-06-22 18:00:00,43008462.05
2026-06-22 19:00:00,42955994.37
2026-06-22 20:00:00,42809152.32
2026-06-22 21:00:00,42810478.66
2026-06-22 22:00:00,42678257.29
2026-06-22 23:00:00,42317433.27
2026-06-23 00:00:00,42189802.06
2026-06-23 01:00:00,42474506.98
2026-06-23 02:00:00,42499946.83
2026-06-23 03:00:00,42755722.99
2026-06-23 04:00:00,42818758.56
2026-06-23 05:00:00,42098371.68
2026-06-23 06:00:00,41558060.21
2026-06-23 07:00:00,40671121.89
2026-06-23 08:00:00,40743092.13
2026-06-23 09:00:00,39878546.35
2026-06-23 10:00:00,40236390.26
2026-06-23 11:00:00,40558415.57
2026-06-23 12:00:00,40512845.40
2026-06-23 13:00:00,40074844.06
2026-06-23 14:00:00,40420013.39
2026-06-23 15:00:00,40762231.93
2026-06-23 16:00:00,40269625.19
2026-06-23 17:00:00,40156878.94
2026-06-23 18:00:00,40118829.26
2026-06-23 19:00:00,39988572.67
2026-06-23 20:00:00,40209947.97
2026-06-23 21:00:00,40155828.23
2026-06-23 22:00:00,40206976.86
2026-06-23 23:00:00,40222984.56
2026-06-24 00:00:00,40201500.72
2026-06-24 01:00:00,40538181.94
2026-06-24 02:00:00,40485647.59
2026-06-24 03:00:00,40194797.73
2026-06-24 04:00:00,40423075.64
2026-06-24 05:00:00,40284024.07
2026-06-24 06:00:00,40416543.45
2026-06-24 07:00:00,40477752.60
2026-06-24 08:00:00,40383493.15
2026-06-24 09:00:00,40563634.28
2026-06-24 10:00:00,41092511.91
2026-06-24 11:00:00,42750758.29
2026-06-24 12:00:00,45689704.23
2026-06-24 13:00:00,46236791.41
2026-06-24 14:00:00,44708779.64
2026-06-24 15:00:00,46639087.01
2026-06-24 16:00:00,47129839.32
2026-06-24 17:00:00,46984738.34
2026-06-24 18:00:00,44977898.61
2026-06-24 19:00:00,47496597.00
2026-06-24 20:00:00,47624064.51
2026-06-24 21:00:00,48588667.21
2026-06-24 22:00:00,49575016.58
2026-06-24 23:00:00,49460030.87
2026-06-25 00:00:00,50249477.11
2026-06-25 01:00:00,49495381.15
2026-06-25 02:00:00,50923207.06
2026-06-25 03:00:00,53330616.62
2026-06-25 04:00:00,53752356.62
2026-06-25 05:00:00,54660230.56
2026-06-25 06:00:00,54674622.62
2026-06-25 07:00:00,54791211.34
2026-06-25 08:00:00,56545794.33
2026-06-25 09:00:00,56487366.28
2026-06-25 10:00:00,57249855.10
2026-06-25 11:00:00,57185890.53
2026-06-25 12:00:00,56962883.94
2026-06-25 13:00:00,57582214.13
2026-06-25 14:00:00,51589957.67
2026-06-25 15:00:00,52850685.65
2026-06-25 16:00:00,53591840.48
2026-06-25 17:00:00,52716530.22
2026-06-25 18:00:00,57404209.42
2026-06-25 19:00:00,51885505.82
2026-06-25 20:00:00,51244628.79
2026-06-25 21:00:00,51215178.64
2026-06-25 22:00:00,51667131.98
2026-06-25 23:00:00,50988784.28
2026-06-26 00:00:00,51561301.56
2026-06-26 01:00:00,51241381.49
2026-06-26 02:00:00,51777549.16
2026-06-26 03:00:00,50781279.67
2026-06-26 04:00:00,51896875.01
2026-06-26 05:00:00,51656259.33
2026-06-26 06:00:00,51844273.38
2026-06-26 07:00:00,53362989.22
2026-06-26 08:00:00,54266538.88
2026-06-26 09:00:00,53918732.14
2026-06-26 10:00:00,53767642.94
2026-06-26 11:00:00,53482912.21
2026-06-26 12:00:00,54649406.96
2026-06-26 13:00:00,55202472.57
2026-06-26 14:00:00,56978000.81
2026-06-26 15:00:00,57662821.92
2026-06-26 16:00:00,62139661.08
2026-06-26 17:00:00,65405032.67
2026-06-26 18:00:00,66046585.67
2026-06-26 19:00:00,65892342.16
2026-06-26 20:00:00,65084519.78
2026-06-26 21:00:00,63883153.29
2026-06-26 22:00:00,64670651.10
2026-06-26 23:00:00,67390456.75
2026-06-27 00:00:00,66899474.99
2026-06-27 01:00:00,66746351.70
2026-06-27 02:00:00,67551385.77
2026-06-27 03:00:00,69587506.10
2026-06-27 04:00:00,64181582.39
2026-06-27 05:00:00,65167999.26
2026-06-27 06:00:00,66216948.62
2026-06-27 07:00:00,67007612.41
2026-06-27 08:00:00,67376352.83
2026-06-27 09:00:00,67408345.20
2026-06-27 10:00:00,66656841.17
2026-06-27 11:00:00,68119763.25
2026-06-27 12:00:00,69225155.80
2026-06-27 13:00:00,69387976.68
2026-06-27 14:00:00,70286231.00
2026-06-27 15:00:00,69475552.79
2026-06-27 16:00:00,67569191.71
2026-06-27 17:00:00,67454214.70
2026-06-27 18:00:00,67943849.82
2026-06-27 19:00:00,68278697.71
2026-06-27 20:00:00,67560174.40
2026-06-27 21:00:00,67140708.20
2026-06-27 22:00:00,66719932.68
2026-06-27 23:00:00,67455788.16
2026-06-28 00:00:00,65413794.99
2026-06-28 01:00:00,65493531.80
2026-06-28 02:00:00,65477446.84
2026-06-28 03:00:00,65288037.18
2026-06-28 04:00:00,65984746.24
2026-06-28 05:00:00,65963743.02
2026-06-28 06:00:00,65844478.32
