time,oi_usd,oi_base,tt_pos_ls,tt_acct_ls,global_ls,taker_ls
2022-05-27 16:00:00,5067637.97,188220.1000,0.918074,0.895652,0.868297,0.669053
2022-05-27 17:00:00,4999175.39,186501.6000,0.931623,0.860606,0.845656,1.127031
2022-05-27 18:00:00,5030966.71,189740.4000,0.948138,0.824419,0.798780,0.797113
2022-05-27 19:00:00,5036311.37,190986.4000,0.960454,0.854567,0.835466,1.001524
2022-05-27 20:00:00,5028419.90,188890.5000,0.948564,0.885535,0.862559,0.473812
2022-05-27 21:00:00,4963661.48,187178.1000,0.946153,0.865690,0.851577,0.935596
2022-05-27 22:00:00,4972426.49,188285.3000,0.934635,0.901112,0.879213,1.016967
2022-05-27 23:00:00,5034399.06,189355.1000,0.938253,0.872727,0.857143,6.022339
2022-05-28 00:00:00,4957890.74,187848.7000,0.936674,0.894608,0.881801,6.205570
2022-05-28 01:00:00,5034712.17,188725.1000,0.955443,0.899038,0.898148,0.979082
2022-05-28 02:00:00,4942484.36,186717.3000,0.957740,0.949507,0.939736,0.843803
2022-05-28 03:00:00,4938268.42,186843.3000,0.908634,0.893617,0.913204,0.203745
2022-05-28 04:00:00,4962680.58,185903.0000,0.901104,0.921241,0.931099,1.796859
2022-05-28 05:00:00,4981005.06,186505.6000,0.900744,0.922342,0.935933,0.606011
2022-05-28 06:00:00,5047620.36,187839.4000,0.900639,0.903643,0.925756,2.249010
2022-05-28 07:00:00,5036032.64,187635.6000,0.896923,0.908660,0.937211,2.092559
2022-05-28 08:00:00,5031145.83,187659.3000,0.893073,0.939675,0.963768,1.159223
2022-05-28 09:00:00,5018640.73,187718.0000,0.901383,0.933103,0.951482,0.196978
2022-05-28 10:00:00,4999554.99,188271.7000,0.899226,0.939704,0.950834,14.622222
2022-05-28 11:00:00,5000066.02,187869.0000,0.905721,0.939841,0.931955,0.366727
2022-05-28 12:00:00,5016171.14,187717.5000,0.915522,0.920045,0.902954,0.736251
2022-05-28 13:00:00,5103020.23,189668.1000,0.924095,0.925803,0.910160,0.385429
2022-05-28 14:00:00,5180769.17,191766.7000,0.935133,0.962457,0.938898,0.256433
2022-05-28 15:00:00,5175415.16,192135.3000,0.940053,0.844421,0.850206,0.373040
2022-05-28 16:00:00,5177523.45,191336.4000,0.932523,0.954700,0.927412,0.549794
2022-05-28 17:00:00,5161210.50,190788.5000,0.929402,0.972382,0.944589,0.826150
2022-05-28 18:00:00,5083400.45,189114.6000,0.930210,0.922559,0.886192,0.959523
2022-05-28 19:00:00,5119978.01,189278.3000,0.924307,0.967742,0.916454,4.413505
2022-05-28 20:00:00,5180342.18,191348.6000,0.911712,1.008255,0.946087,0.634498
2022-05-28 21:00:00,5182741.21,191364.3000,0.913747,0.983607,0.927210,0.845659
2022-05-28 22:00:00,5176000.13,191313.7000,0.914812,0.938144,0.892766,0.295890
2022-05-28 23:00:00,5223651.23,193157.1000,0.925893,0.850877,0.833196,0.867455
2022-05-29 00:00:00,5212914.63,192440.0000,0.923164,0.985899,0.936245,0.783172
2022-05-29 01:00:00,5197441.85,192369.6000,0.953880,1.027545,0.942681,1.200531
2022-05-29 02:00:00,5178576.20,192669.7000,0.960812,0.877913,0.830974,2.400103
2022-05-29 03:00:00,5275792.27,196821.2000,0.969987,0.853392,0.812346,9.041537
2022-05-29 04:00:00,5463303.42,202871.8000,0.999968,0.853261,0.810811,5.190871
2022-05-29 05:00:00,5393756.86,200939.0000,0.998203,0.850763,0.804419,0.727453
2022-05-29 06:00:00,5344481.54,198598.4000,0.994738,0.874862,0.824751,2.051385
2022-05-29 07:00:00,5341829.56,198551.5000,1.001857,0.861993,0.820132,7.674286
2022-05-29 08:00:00,5334323.32,198324.1000,1.003459,0.878184,0.835275,5.647619
2022-05-29 09:00:00,5294908.89,196766.6000,0.995918,0.981221,0.915505,0.113830
2022-05-29 10:00:00,5277955.71,196659.8000,0.984180,0.977568,0.910683,3.834197
2022-05-29 11:00:00,5362110.10,198559.9000,0.996220,0.964912,0.905923,1.608764
2022-05-29 12:00:00,5508803.50,203407.6000,1.024945,1.017836,0.952212,1.213950
2022-05-29 13:00:00,5431822.80,199589.3000,1.048825,1.110973,1.042593,0.439474
2022-05-29 14:00:00,5459439.30,200464.1000,1.049202,1.116481,1.040441,0.780676
2022-05-29 15:00:00,5460659.33,200996.0000,1.057039,1.083434,1.001797,0.518362
2022-05-29 16:00:00,5392144.25,199271.7000,1.054336,1.091021,1.004566,1.509028
2022-05-29 17:00:00,5381215.14,198339.3000,1.069009,1.075031,1.000914,0.335337
2022-05-29 18:00:00,5400378.84,199526.3000,1.066170,1.108176,1.018553,0.099394
2022-05-29 19:00:00,5357261.29,198490.6000,1.055869,1.102532,1.020522,0.204801
2022-05-29 20:00:00,5343459.20,198251.0000,1.057974,1.095178,1.014071,0.141233
2022-05-29 21:00:00,5392488.93,199293.7000,1.062757,1.072500,0.999072,2.170573
2022-05-29 22:00:00,5380425.34,198185.9000,1.064034,1.114610,1.068117,4.796498
2022-05-29 23:00:00,5346271.53,196204.7000,1.057810,1.141026,1.082375,0.356047
2022-05-30 00:00:00,5325846.08,195306.5000,1.057075,1.132296,1.074612,0.867664
2022-05-30 01:00:00,5271243.25,194231.3000,1.079388,1.153846,1.076699,1.494406
2022-05-30 02:00:00,5477859.51,197787.1000,1.065322,1.175000,1.100990,3.256758
2022-05-30 03:00:00,5538804.04,197475.9000,1.035209,1.250000,1.204521,1.396728
2022-05-30 04:00:00,5579674.25,198340.0000,1.024776,1.287115,1.265458,0.681839
2022-05-30 05:00:00,5549571.79,197549.9000,1.018117,1.304225,1.288317,5.886640
2022-05-30 06:00:00,5514390.43,194806.6000,1.001214,1.305322,1.312367,2.949790
2022-05-30 07:00:00,5505515.84,193529.1000,0.988121,1.317927,1.342275,0.194727
2022-05-30 08:00:00,6208168.01,217700.6000,1.100968,1.295567,1.339254,0.662540
2022-05-30 09:00:00,6234599.01,219018.8000,1.114368,1.331258,1.362754,0.284648
2022-05-30 10:00:00,6161977.71,217116.3000,1.097669,1.311083,1.355917,0.554115
2022-05-30 11:00:00,6376999.00,225165.3000,1.107068,1.142058,1.036119,0.260283
2022-05-30 12:00:00,6358604.12,224044.4000,1.080431,1.161435,1.039944,0.355465
2022-05-30 13:00:00,6335669.67,224296.1000,1.053175,1.224852,1.115620,0.317794
2022-05-30 14:00:00,6306643.31,223461.4000,1.043731,1.244873,1.152502,0.563574
2022-05-30 15:00:00,6210186.16,220567.0000,1.034844,1.316981,1.222038,2.107089
2022-05-30 16:00:00,6222630.91,219950.9000,1.029429,1.329098,1.252108,0.806558
2022-05-30 17:00:00,6230054.91,219445.4000,1.038927,1.314861,1.252108,0.802542
2022-05-30 18:00:00,6257878.61,219205.5000,1.021316,1.304403,1.245139,0.251806
2022-05-30 19:00:00,6237515.77,218677.3000,1.023921,1.267081,1.221106,1.754634
2022-05-30 20:00:00,6183884.75,217026.8000,1.024236,1.264080,1.216582,0.985034
2022-05-30 21:00:00,6053477.41,209479.5000,0.998420,1.305292,1.360947,1.587679
2022-05-30 22:00:00,6058161.64,207063.4000,1.004515,1.311268,1.369135,1.368922
2022-05-30 23:00:00,6065543.75,207170.7000,1.007920,1.307153,1.359001,0.315733
2022-05-31 00:00:00,5806993.66,199238.1000,0.981489,1.340517,1.389776,0.613987
2022-05-31 01:00:00,5738384.09,197772.7000,0.968005,1.342029,1.385439,0.174260
2022-05-31 02:00:00,5687589.41,196567.2000,0.957722,1.319527,1.364217,2.270760
2022-05-31 03:00:00,5712753.80,196388.8000,0.973144,1.348214,1.382166,1.815418
2022-05-31 04:00:00,5652807.83,194222.6000,0.989119,1.349112,1.387605,2.179942
2022-05-31 05:00:00,5584507.66,192905.2000,0.982338,1.343750,1.402763,0.945551
2022-05-31 06:00:00,5581404.01,193408.4000,0.971291,1.333830,1.385928,0.976424
2022-05-31 07:00:00,5516463.75,192177.8000,0.970167,1.278274,1.337634,0.868400
2022-05-31 08:00:00,5503248.21,191171.3000,0.976559,1.278443,1.339093,2.723356
2022-05-31 09:00:00,5580055.28,193630.9000,1.005093,1.352049,1.421053,0.749373
2022-05-31 10:00:00,5574027.20,193901.7000,1.009595,1.295082,1.378641,0.920569
2022-05-31 11:00:00,5626658.27,195261.6000,1.011630,1.401538,1.477876,1.573165
2022-05-31 12:00:00,5765399.62,198852.0000,1.021420,1.427259,1.547855,0.682393
2022-05-31 13:00:00,5734369.19,198030.5000,1.007806,1.334815,1.475780,1.853774
2022-05-31 14:00:00,5551784.77,193314.0000,0.983727,1.240545,1.316886,1.055546
2022-05-31 15:00:00,5512796.16,190708.0000,0.993969,1.243451,1.306667,2.171933
2022-05-31 16:00:00,5488326.63,188175.5000,0.995537,1.238462,1.275824,0.326551
2022-05-31 17:00:00,5583081.58,190644.2000,1.003420,1.251897,1.292973,0.461972
2022-05-31 18:00:00,5694097.07,194733.8000,0.967150,1.243531,1.304348,0.489007
2022-05-31 19:00:00,5571681.06,193646.1000,0.933769,1.252322,1.311331,0.290360
2022-05-31 20:00:00,5492283.44,190763.9000,0.929361,1.258915,1.335177,1.968264
2022-05-31 21:00:00,5502181.41,190386.9000,0.932055,1.300633,1.374157,3.652980
2022-05-31 22:00:00,5520715.79,191008.4000,0.916101,1.242424,1.339520,0.220516
2022-05-31 23:00:00,5589568.68,192052.9000,0.915577,1.271472,1.368943,4.798921
2022-06-01 00:00:00,5535615.95,191305.5000,0.919140,1.294852,1.379041,1.148682
2022-06-01 01:00:00,5536632.69,190557.5000,0.908709,1.251920,1.341060,0.616585
2022-06-01 02:00:00,5548619.13,191219.6000,0.943633,1.375929,1.385135,0.895588
2022-06-01 03:00:00,5529380.24,191090.0000,0.934793,1.310595,1.339978,3.277625
2022-06-01 04:00:00,5508893.74,191749.1000,0.941383,1.306358,1.325248,2.420127
2022-06-01 05:00:00,5481203.27,190703.7000,0.951976,1.384501,1.374718,0.615713
2022-06-01 06:00:00,5477693.80,190727.5000,0.950000,1.289474,1.307095,2.598291
2022-06-01 07:00:00,5504087.11,191736.2000,0.957256,1.370482,1.369910,0.101363
2022-06-01 08:00:00,5367346.93,188248.7000,0.960161,1.324006,1.322259,1.054020
2022-06-01 09:00:00,5308734.18,186018.4000,0.952407,1.351796,1.349776,3.465292
2022-06-01 10:00:00,5304941.07,185073.3000,0.959418,1.390977,1.422599,0.631471
2022-06-01 11:00:00,5230816.00,183640.5000,0.948460,1.350000,1.387417,0.801956
2022-06-01 12:00:00,5251516.56,183979.7000,0.945619,1.354934,1.396018,2.451953
2022-06-01 13:00:00,5311897.40,185462.8000,0.949110,1.391629,1.414716,0.982416
2022-06-01 14:00:00,5390489.51,187887.4000,0.972872,1.356185,1.412556,1.108748
2022-06-01 15:00:00,5116646.53,182222.6000,0.941450,1.380192,1.353846,0.887126
2022-06-01 16:00:00,5016029.66,181405.0000,0.955101,1.301538,1.282434,1.819299
2022-06-01 17:00:00,5074178.53,184994.7000,0.973415,1.202683,1.195726,3.567214
2022-06-01 18:00:00,5070542.56,186077.8000,0.978720,1.182090,1.192264,1.344855
2022-06-01 19:00:00,5077036.75,187006.4000,0.982343,1.203620,1.217491,0.642710
2022-06-01 20:00:00,5074823.33,187152.8000,0.994016,1.206897,1.230505,0.162497
2022-06-01 21:00:00,4992621.66,186792.5000,0.987254,1.126300,1.141379,0.572905
2022-06-01 22:00:00,4967470.63,186145.2000,0.988801,1.125926,1.149597,0.107843
2022-06-01 23:00:00,4999302.10,185947.0000,0.994459,1.134615,1.165517,1.088018
2022-06-02 00:00:00,4939959.87,183819.3000,1.001100,1.207951,1.223404,0.961425
2022-06-02 01:00:00,5167733.76,192977.1000,0.992873,1.186082,1.211516,0.619428
2022-06-02 02:00:00,5164798.46,192142.8000,0.996712,1.223926,1.253571,0.275940
2022-06-02 03:00:00,5128366.64,190645.6000,0.970781,1.193062,1.256837,6.404255
2022-06-02 04:00:00,5069353.74,189487.3000,0.974003,1.171687,1.244365,1.365442
2022-06-02 05:00:00,5114378.04,190848.6000,0.970955,1.162162,1.244076,0.909248
2022-06-02 06:00:00,5138209.28,191025.7000,0.977988,1.123348,1.200929,0.537207
2022-06-02 07:00:00,5104177.68,189253.9000,0.978041,1.196402,1.316411,1.862735
2022-06-02 08:00:00,5001524.83,186578.2000,0.986102,1.257764,1.393423,0.225813
2022-06-02 09:00:00,5098998.02,190288.4000,1.020781,1.245023,1.366786,0.068421
2022-06-02 10:00:00,5179665.63,193321.6000,1.045528,1.248097,1.389750,0.987126
2022-06-02 11:00:00,5237697.19,194832.7000,1.054339,1.206845,1.361404,0.592304
2022-06-02 12:00:00,5278156.25,195348.9000,1.075660,1.265244,1.425684,1.422222
2022-06-02 13:00:00,5179990.87,192428.8000,1.070546,1.226048,1.371062,0.352007
2022-06-02 14:00:00,5115166.16,191685.3000,1.038921,1.160819,1.286530,2.680669
2022-06-02 15:00:00,5183835.87,193494.8000,1.084174,1.220896,1.331409,0.955149
2022-06-02 16:00:00,5207356.18,193827.0000,1.088417,1.245427,1.351765,0.652674
2022-06-02 17:00:00,5247667.62,194545.4000,1.092883,1.234848,1.348183,0.460285
2022-06-02 18:00:00,5390508.02,200338.5000,1.051812,1.398529,1.723820,0.389796
2022-06-02 19:00:00,5401397.92,201379.0000,1.040726,1.506998,1.829532,0.386732
2022-06-02 20:00:00,5473174.64,202855.3000,1.044070,1.404444,1.738979,1.046800
2022-06-02 21:00:00,5468420.03,203135.3000,1.044133,1.573016,1.887393,0.414736
2022-06-02 22:00:00,5548510.48,205416.7000,1.027352,1.598387,1.927861,1.609607
2022-06-02 23:00:00,5555099.47,205083.6000,1.020302,1.622735,1.954488,1.886121
2022-06-03 00:00:00,5547260.26,204459.0000,1.013131,1.624172,1.961929,3.339041
2022-06-03 01:00:00,5523397.09,204373.6000,1.007188,1.627090,1.945013,0.874492
2022-06-03 02:00:00,5577817.27,204660.5000,1.014359,1.719269,1.918575,3.765497
2022-06-03 03:00:00,5541578.25,204826.4000,1.022472,1.824957,1.988220,0.442847
2022-06-03 04:00:00,5527539.15,204610.0000,1.034008,1.811644,1.962435,4.172708
2022-06-03 05:00:00,5445067.68,202992.2000,1.014987,1.830156,1.972549,0.264540
2022-06-03 06:00:00,5464857.60,202961.5000,1.036488,1.852174,2.001311,1.097325
2022-06-03 07:00:00,5431074.76,202701.4000,1.038446,1.827055,1.988372,1.434603
2022-06-03 08:00:00,5432008.49,202797.8000,1.028152,1.702970,1.884422,2.537421
2022-06-03 09:00:00,5446999.12,204332.5000,1.041761,1.702791,1.875000,3.505413
2022-06-03 10:00:00,5432549.07,205032.8000,1.067631,1.515789,1.672074,0.526902
2022-06-03 11:00:00,5231519.47,200645.6000,1.050509,1.343662,1.478595,1.249093
2022-06-03 12:00:00,5205069.02,199916.9000,1.072633,1.303324,1.406015,1.190601
2022-06-03 13:00:00,5109962.34,197355.7000,1.051423,1.312763,1.398700,0.650718
2022-06-03 14:00:00,5168026.20,198229.0000,1.058739,1.321178,1.419459,0.186299
2022-06-03 15:00:00,5153428.78,198575.4000,1.056882,1.279555,1.368703,1.753027
2022-06-03 16:00:00,5158344.56,198979.5000,1.055323,1.302778,1.396588,0.471225
2022-06-03 17:00:00,5184981.61,199499.1000,1.062443,1.370213,1.457516,1.647434
2022-06-03 18:00:00,5164960.14,199164.8000,1.061529,1.402560,1.508215,3.804330
2022-06-03 19:00:00,5174625.22,199623.7000,1.065822,1.420373,1.529736,0.980447
2022-06-03 20:00:00,5190495.90,199923.4000,1.066006,1.444122,1.548173,0.239039
2022-06-03 21:00:00,5214113.93,200396.4000,1.067792,1.469298,1.596648,0.591066
2022-06-03 22:00:00,5226926.00,200418.5000,1.082901,1.513554,1.632302,0.203189
2022-06-03 23:00:00,5308554.64,204450.4000,1.083539,1.509009,1.635429,3.023576
2022-06-04 00:00:00,5288912.62,203741.0000,1.083414,1.448680,1.576536,2.235480
2022-06-04 01:00:00,5287564.41,203628.8000,1.082697,1.446402,1.581839,33.363636
2022-06-04 02:00:00,5257684.73,203834.9000,1.079964,1.369472,1.541436,0.162670
2022-06-04 03:00:00,5226525.18,202846.4000,1.066174,1.302228,1.461039,4.914474
2022-06-04 04:00:00,5214160.54,202507.4000,1.069343,1.325386,1.481562,0.648899
2022-06-04 05:00:00,5238917.11,201985.4000,1.075182,1.428571,1.600000,0.378467
2022-06-04 06:00:00,5262775.89,203149.6000,1.078416,1.402299,1.580752,0.095745
2022-06-04 07:00:00,5310595.27,205288.0000,1.088129,1.446559,1.611173,0.170013
2022-06-04 08:00:00,5325063.19,206253.9000,1.091990,1.467057,1.624027,0.763595
2022-06-04 09:00:00,5439108.62,210526.1000,1.108170,1.632148,1.779463,0.468356
2022-06-04 10:00:00,5479643.44,212458.5000,1.107743,1.642527,1.784223,1.708601
2022-06-04 11:00:00,5517270.39,213947.2000,1.109415,1.579732,1.745209,41.909091
2022-06-04 12:00:00,5529088.99,215362.7000,1.110607,1.689922,1.834884,1.263702
2022-06-04 13:00:00,5459290.12,213683.8000,1.115769,1.470000,1.632209,0.269990
2022-06-04 14:00:00,5474863.38,213561.0000,1.123532,1.492816,1.678375,1.048921
2022-06-04 15:00:00,5503271.45,213561.7000,1.120682,1.523188,1.712238,0.413658
2022-06-04 16:00:00,5670009.29,219726.2000,1.104731,1.574815,1.755879,1.079862
2022-06-04 17:00:00,5625548.56,218535.8000,1.083860,1.550365,1.738938,1.035813
2022-06-04 18:00:00,5611046.91,218014.8000,1.074202,1.510057,1.707424,0.207498
2022-06-04 19:00:00,5586242.83,216655.4000,1.063574,1.554252,1.744444,1.576371
2022-06-04 20:00:00,5581533.65,217197.2000,1.037647,1.577093,1.814939,10.450292
2022-06-04 21:00:00,5661880.80,219771.5000,1.033882,1.604993,1.863535,1.029523
2022-06-04 22:00:00,5714718.20,221578.0000,1.018336,1.777259,2.019930,1.180547
2022-06-04 23:00:00,5730134.49,221428.8000,1.011887,1.734059,1.979976,0.772394
2022-06-05 00:00:00,5762093.34,221813.8000,1.015370,1.734472,1.973036,4.733545
2022-06-05 01:00:00,5975642.37,230915.1000,1.053020,1.820679,2.045949,0.276220
2022-06-05 02:00:00,5933931.08,230603.1000,1.073624,1.633782,1.856979,1.611679
2022-06-05 03:00:00,5934755.26,229868.9000,1.042908,1.612094,1.828054,0.934228
2022-06-05 04:00:00,5935736.06,230088.6000,1.037870,1.612999,1.826923,1.146797
2022-06-05 05:00:00,5892764.60,228800.8000,1.030700,1.633383,1.832192,0.988577
2022-06-05 06:00:00,5891504.50,227999.4000,1.028680,1.700306,1.893939,1.425788
2022-06-05 07:00:00,5865849.51,227684.8000,1.030000,1.732919,1.906103,3.667442
2022-06-05 08:00:00,5922910.81,230293.2000,1.026414,1.795853,1.967548,0.208957
2022-06-05 09:00:00,6021176.60,232974.4000,1.028699,1.739663,1.959538,0.700617
2022-06-05 10:00:00,5993609.27,232680.2000,1.017658,1.721884,1.943743,0.155567
2022-06-05 11:00:00,5997015.58,232803.4000,1.018585,1.722307,1.928817,0.279988
2022-06-05 12:00:00,6016844.81,233096.7000,1.017111,1.715361,1.908987,0.901210
2022-06-05 13:00:00,6030228.19,233431.2000,1.014356,1.706147,1.887006,1.567872
2022-06-05 14:00:00,6048954.07,234685.5000,1.015164,1.766566,1.964612,0.499126
2022-06-05 15:00:00,6083171.79,235116.6000,1.018573,1.735426,1.907449,1.834127
2022-06-05 16:00:00,6141446.23,235638.5000,1.022823,1.778947,1.930760,0.679667
2022-06-05 17:00:00,6185230.37,238489.7000,1.001322,1.854003,2.021352,1.669219
2022-06-05 18:00:00,6297515.17,241413.6000,0.999901,2.046281,2.220715,2.847894
2022-06-05 19:00:00,6407158.00,245787.7000,0.997046,2.102941,2.298289,0.610427
2022-06-05 20:00:00,6490452.58,248276.1000,1.012524,2.060222,2.281623,4.240721
2022-06-05 21:00:00,6585212.68,251526.4000,1.007792,2.039557,2.234875,9.219219
2022-06-05 22:00:00,6753641.64,257531.8000,1.019815,1.964724,2.161476,2.795752
2022-06-05 23:00:00,6739184.04,256864.4000,1.014943,1.950920,2.141379,0.588449
2022-06-06 00:00:00,6705110.21,256613.1000,1.016105,1.823442,2.025814,1.295276
2022-06-06 01:00:00,6670237.28,252180.3000,1.025155,1.947123,2.125000,0.394897
2022-06-06 02:00:00,6764030.80,253438.9000,1.043367,1.995130,2.149510,0.251149
2022-06-06 03:00:00,6609251.57,246895.8000,1.033148,2.021631,2.164160,0.510600
2022-06-06 04:00:00,6672077.13,247370.5000,1.028238,1.917329,2.108404,0.134718
2022-06-06 05:00:00,6623615.09,245490.3000,1.017457,1.892575,2.060241,0.367754
2022-06-06 06:00:00,6582510.29,244579.5000,1.017827,1.815789,1.969231,0.789419
2022-06-06 07:00:00,6615072.11,244328.6000,1.013603,1.821036,1.978417,0.421366
2022-06-06 08:00:00,6583432.94,243119.5000,1.018315,1.774845,1.912839,5.240069
2022-06-06 09:00:00,6627530.58,243081.6000,1.021551,1.768750,1.888889,2.952887
2022-06-06 10:00:00,6534293.74,239764.2000,1.010426,1.825806,1.895858,4.569148
2022-06-06 11:00:00,6535097.00,239890.5000,1.002924,1.748418,1.836257,0.231416
2022-06-06 12:00:00,6422941.37,236644.0000,0.992454,1.620795,1.696591,1.821782
2022-06-06 13:00:00,6353668.93,233788.6000,0.993183,1.541543,1.635452,3.189499
2022-06-06 14:00:00,6298182.94,231943.1000,0.995967,1.469208,1.536184,0.513916
2022-06-06 15:00:00,6368561.32,234595.4000,0.967462,1.411681,1.485499,1.800818
2022-06-06 16:00:00,6233276.13,230211.9000,0.984910,1.361946,1.396774,1.959649
2022-06-06 17:00:00,6141997.01,228786.3000,0.994079,1.374819,1.374866,1.167950
2022-06-06 18:00:00,6119242.07,226806.6000,1.000143,1.352011,1.351121,0.861712
2022-06-06 19:00:00,6224802.42,229909.6000,0.994580,1.353957,1.366953,0.435836
2022-06-06 20:00:00,6245646.83,229421.5000,0.985264,1.337607,1.346316,5.268092
2022-06-06 21:00:00,6180171.20,228101.1000,0.998017,1.291105,1.298387,0.665888
2022-06-06 22:00:00,6258420.84,227282.4000,1.012166,1.231458,1.262136,1.335062
2022-06-06 23:00:00,6252279.25,228635.1000,1.003348,1.277202,1.276968,2.717472
2022-06-07 00:00:00,6246385.32,228292.5000,1.003861,1.253197,1.265957,0.870443
2022-06-07 01:00:00,5706048.05,218899.3000,1.031428,1.170732,1.172414,0.747047
2022-06-07 02:00:00,5549011.56,215835.7000,1.032248,1.241234,1.207709,0.822609
2022-06-07 03:00:00,5432816.34,212551.5000,1.012234,1.347953,1.312430,0.868309
2022-06-07 04:00:00,5368250.78,209076.6000,1.011910,1.397015,1.388181,1.301141
2022-06-07 05:00:00,5361189.66,209138.3000,0.990487,1.400298,1.386651,1.440094
2022-06-07 06:00:00,5396793.51,210528.8000,0.985394,1.387574,1.422811,0.288982
2022-06-07 07:00:00,5431464.58,211665.1000,0.982693,1.408492,1.463554,2.069261
2022-06-07 08:00:00,5465228.87,212372.5000,0.989840,1.426254,1.504028,0.422785
2022-06-07 09:00:00,5509940.27,213635.8000,0.985956,1.482861,1.590856,0.408833
2022-06-07 10:00:00,5484558.81,213465.1000,0.979067,1.426036,1.535880,0.612648
2022-06-07 11:00:00,5519909.14,214774.1000,0.986843,1.440828,1.581206,1.490732
2022-06-07 12:00:00,5466509.66,214821.3000,0.974229,1.447407,1.559441,5.008492
2022-06-07 13:00:00,5484274.94,215331.9000,0.971886,1.437408,1.568946,1.159574
2022-06-07 14:00:00,5528350.47,216057.4000,0.970524,1.458894,1.574443,0.373039
2022-06-07 15:00:00,5570643.18,215563.2000,0.969742,1.575949,1.665851,0.983139
2022-06-07 16:00:00,5499078.77,212930.2000,0.953614,1.546751,1.628816,0.813262
2022-06-07 17:00:00,5577706.63,214321.1000,0.958893,1.411061,1.517483,1.678238
2022-06-07 18:00:00,5630158.18,215641.6000,0.959767,1.367089,1.338742,0.237029
2022-06-07 19:00:00,5720147.59,217124.6000,0.939079,1.395382,1.358491,0.169874
2022-06-07 20:00:00,5768695.03,213885.1000,0.950058,1.399701,1.355088,0.200821
2022-06-07 21:00:00,5757419.11,211744.4000,0.956437,1.444089,1.360140,1.262548
2022-06-07 22:00:00,5807538.48,212583.4000,0.994993,1.458199,1.351916,1.901216
2022-06-07 23:00:00,5598292.34,206594.3000,0.963454,1.486348,1.353448,1.083510
2022-06-08 00:00:00,5619661.71,207823.9000,0.979812,1.442953,1.290516,2.026798
2022-06-08 01:00:00,5655595.73,208601.2000,0.968573,1.466443,1.312876,0.319955
2022-06-08 02:00:00,5657143.97,207700.7000,0.977741,1.375201,1.253837,0.957041
2022-06-08 03:00:00,5754383.74,211146.8000,0.966292,1.402889,1.281176,0.434884
2022-06-08 04:00:00,5506449.33,207049.8000,0.946714,1.346395,1.227220,2.259621
2022-06-08 05:00:00,5598473.66,208892.5000,0.963945,1.321429,1.218894,0.510669
2022-06-08 06:00:00,5708743.04,210112.0000,0.965453,1.372308,1.284897,3.454720
2022-06-08 07:00:00,5780148.52,212740.1000,0.954399,1.349544,1.251678,1.859779
2022-06-08 08:00:00,5803940.63,212683.7000,0.955010,1.279762,1.186885,3.590971
2022-06-08 09:00:00,5886842.61,215437.2000,0.939497,1.312312,1.198062,2.096525
2022-06-08 10:00:00,6077569.02,219142.0000,0.919667,1.345291,1.252973,1.803157
2022-06-08 11:00:00,6488515.80,233584.7000,0.847616,1.395775,1.359155,0.694383
2022-06-08 12:00:00,6971504.63,249167.2000,0.785795,1.412234,1.444655,0.504126
2022-06-08 13:00:00,7005482.83,252575.7000,0.771946,1.357934,1.345794,0.367102
2022-06-08 14:00:00,7119822.61,251830.0000,0.781784,1.474279,1.570919,0.908609
2022-06-08 15:00:00,7023924.84,250890.3000,0.790603,1.382979,1.366425,0.586105
2022-06-08 16:00:00,7058720.41,250140.7000,0.784028,1.326112,1.351072,0.272787
2022-06-08 17:00:00,6993298.29,249325.0000,0.784009,1.333720,1.339728,0.253509
2022-06-08 18:00:00,7083047.23,251859.6000,0.785493,1.287929,1.275229,0.453422
2022-06-08 19:00:00,6990247.84,249095.8000,0.796249,1.295506,1.240399,1.162864
2022-06-08 20:00:00,7003020.87,249865.1000,0.797281,1.284922,1.234624,0.731133
2022-06-08 21:00:00,7009493.50,249125.1000,0.797007,1.299550,1.257494,0.552095
2022-06-08 22:00:00,7102693.85,250252.5000,0.796742,1.279822,1.232804,2.704460
2022-06-08 23:00:00,7126673.09,251770.9000,0.798125,1.261351,1.206101,0.530764
2022-06-09 00:00:00,7075988.71,252008.3000,0.790282,1.234136,1.155022,0.585001
2022-06-09 01:00:00,7010107.71,248347.6000,0.814651,1.093467,0.994829,1.204376
2022-06-09 02:00:00,7037810.90,250608.4000,0.817800,1.069590,0.981576,0.421569
2022-06-09 03:00:00,7181381.93,253913.6000,0.811480,1.044199,0.969021,0.729164
2022-06-09 04:00:00,7296790.11,256899.3000,0.824544,1.058076,0.994545,0.827347
2022-06-09 05:00:00,7268013.00,255496.6000,0.834264,1.048344,0.975682,0.554038
2022-06-09 06:00:00,7367161.81,257844.3000,0.840219,1.030981,0.954113,0.245767
2022-06-09 07:00:00,7772172.19,270452.4000,0.869523,1.088889,1.032597,0.861916
2022-06-09 08:00:00,7544932.24,261780.9000,0.836142,1.089431,1.026680,1.250200
2022-06-09 09:00:00,7670251.20,265415.8000,0.824580,1.051969,0.975826,2.603801
2022-06-09 10:00:00,7713919.89,266720.7000,0.843776,1.056589,0.987493,1.097329
2022-06-09 11:00:00,7718792.73,268258.0000,0.838679,0.989062,0.891584,0.300879
2022-06-09 12:00:00,7706483.00,268411.3000,0.847079,0.880829,0.758352,0.721121
2022-06-09 13:00:00,7556304.38,264924.6000,0.862414,0.895672,0.798554,1.661490
2022-06-09 14:00:00,7392101.28,258368.4000,0.871069,0.947627,0.850232,0.884351
2022-06-09 15:00:00,7264351.37,254622.2000,0.878381,0.989130,0.882817,1.662809
2022-06-09 16:00:00,7362312.51,257630.7000,0.906019,1.035559,0.919022,1.604584
2022-06-09 17:00:00,7334180.88,255113.9000,0.913251,1.041778,0.934078,1.572149
2022-06-09 18:00:00,7288122.00,253815.7000,0.911431,1.012545,0.902071,1.495625
2022-06-09 19:00:00,7242102.68,253582.5000,0.917234,1.053619,0.942810,0.693980
2022-06-09 20:00:00,7053399.90,248070.9000,0.917566,1.056159,0.944695,3.766463
2022-06-09 21:00:00,7064597.97,246816.0000,0.930417,1.066789,0.950913,0.222105
2022-06-09 22:00:00,7024108.43,245538.1000,0.935109,1.096925,0.964882,0.303710
2022-06-09 23:00:00,6926878.59,242860.9000,0.935619,1.067890,0.947881,0.140166
2022-06-10 00:00:00,6862059.93,240535.3000,0.953766,1.047135,0.914335,0.392358
2022-06-10 01:00:00,6649206.38,235453.0000,0.961510,1.109127,0.960147,0.654027
2022-06-10 02:00:00,6638969.01,234714.5000,0.969695,1.167508,0.981250,3.553814
2022-06-10 03:00:00,6638204.31,233337.0000,0.968376,1.185714,1.005722,0.688364
2022-06-10 04:00:00,6644765.48,232749.5000,0.965240,1.193648,1.020605,0.183521
2022-06-10 05:00:00,6669822.36,233814.5000,0.961996,1.189938,1.021277,0.177546
2022-06-10 06:00:00,6685070.21,234034.5000,0.963867,1.195876,1.031230,3.312233
2022-06-10 07:00:00,6692628.59,234638.6000,0.956458,1.177801,1.018905,0.550096
2022-06-10 08:00:00,6672025.00,233975.1000,0.945840,1.151210,1.009050,0.975033
2022-06-10 09:00:00,6612172.33,232618.2000,0.937035,1.147475,0.998706,0.344576
2022-06-10 10:00:00,6571666.86,232980.0000,0.938634,1.111222,0.968367,0.418992
2022-06-10 11:00:00,6580957.38,232290.7000,0.947451,1.122843,0.981663,2.992647
2022-06-10 12:00:00,6573418.31,231650.4000,0.953753,1.167183,1.019398,0.677986
2022-06-10 13:00:00,6383937.74,228716.6000,0.952116,1.194196,1.033113,0.549401
2022-06-10 14:00:00,6108041.88,219693.1000,0.970402,1.174622,1.009931,0.872434
2022-06-10 15:00:00,6182006.89,219944.4000,1.002492,1.247525,1.083062,1.105119
2022-06-10 16:00:00,6130586.19,219766.7000,1.015761,1.258706,1.088816,0.315439
2022-06-10 17:00:00,5853326.85,212772.9000,0.996215,1.221656,1.051651,1.380471
2022-06-10 18:00:00,5818786.31,211669.2000,0.985219,1.236434,1.065068,1.279751
2022-06-10 19:00:00,5822501.37,211736.3000,0.987656,1.235371,1.059380,1.626283
2022-06-10 20:00:00,5810924.37,211672.4000,0.987336,1.251309,1.070009,4.609551
2022-06-10 21:00:00,5799870.38,209971.4000,0.980877,1.308625,1.119111,0.896871
2022-06-10 22:00:00,5793109.11,209375.8000,0.978505,1.319293,1.139640,0.296407
2022-06-10 23:00:00,5776926.68,208830.7000,0.978167,1.323329,1.138087,1.234504
2022-06-11 00:00:00,5758768.29,208865.2000,0.969223,1.287449,1.119497,5.513480
2022-06-11 01:00:00,5823564.12,209434.1000,0.978675,1.289189,1.142468,1.080652
2022-06-11 02:00:00,5806446.41,208812.4000,0.965641,1.255319,1.177880,3.650194
2022-06-11 03:00:00,5846344.52,209806.9000,0.980594,1.268817,1.191844,0.768149
2022-06-11 04:00:00,5860941.63,210371.2000,0.983827,1.306849,1.215558,2.083075
2022-06-11 05:00:00,5836206.67,208389.5000,0.993040,1.373938,1.294233,7.002869
2022-06-11 06:00:00,5794772.21,207921.5000,0.988697,1.354108,1.259942,2.759280
2022-06-11 07:00:00,5820762.40,208210.4000,0.987223,1.323570,1.229679,1.163399
2022-06-11 08:00:00,5836987.88,208332.9000,0.991816,1.325035,1.234243,0.313725
2022-06-11 09:00:00,5900799.45,214323.6000,1.027556,1.305556,1.189671,0.371853
2022-06-11 10:00:00,6465929.11,233955.4000,1.087032,1.223118,1.110911,0.448351
2022-06-11 11:00:00,6371946.59,231564.0000,1.080577,1.203704,1.092774,1.387473
2022-06-11 12:00:00,6424916.59,235472.0000,1.070093,0.990805,0.891808,0.880414
2022-06-11 13:00:00,6428567.39,238052.1000,1.056432,0.890205,0.814056,0.950896
2022-06-11 14:00:00,6531019.71,239604.7000,1.052582,0.880773,0.834467,0.512655
2022-06-11 15:00:00,6347017.14,237511.4000,1.038705,0.849257,0.802099,1.260305
2022-06-11 16:00:00,7014752.09,261476.2000,1.135699,0.813715,0.774425,2.047256
2022-06-11 17:00:00,7165998.26,264496.3000,1.141483,0.872093,0.831469,1.387267
2022-06-11 18:00:00,6874759.00,253465.0000,1.112605,0.883144,0.825779,1.088807
2022-06-11 19:00:00,6763161.29,247390.5000,1.103764,0.915878,0.895971,0.435259
2022-06-11 20:00:00,6727970.26,245869.4000,1.095220,0.897516,0.895458,0.514140
2022-06-11 21:00:00,6620959.82,243830.0000,1.104727,0.851365,0.837895,0.228548
2022-06-11 22:00:00,6736689.67,245639.2000,1.106507,0.865521,0.854635,0.519627
2022-06-11 23:00:00,6798114.25,246241.8000,1.107097,0.903943,0.898246,1.673617
2022-06-12 00:00:00,6721063.68,244892.1000,1.092854,0.883792,0.855634,1.494614
2022-06-12 01:00:00,6829558.10,247099.8000,1.081355,0.841085,0.824037,2.555386
2022-06-12 02:00:00,7468610.12,271453.8000,1.141698,0.755844,0.738425,0.609426
2022-06-12 03:00:00,7826300.52,293203.7000,1.162122,0.673251,0.654974,1.198834
2022-06-12 04:00:00,8209117.47,304554.7000,1.155537,0.687399,0.727168,0.353566
2022-06-12 05:00:00,8588164.19,319441.6000,1.156622,0.647510,0.688578,2.971187
2022-06-12 06:00:00,8848007.18,330568.9000,1.117246,0.537864,0.571233,0.525509
2022-06-12 07:00:00,8989017.67,331888.4000,1.118157,0.568705,0.630394,0.706121
2022-06-12 08:00:00,9090954.51,331507.3000,1.124627,0.596066,0.651586,1.135470
2022-06-12 09:00:00,9210447.95,335596.9000,1.112362,0.601175,0.647385,0.817544
2022-06-12 10:00:00,9391353.02,343254.0000,1.102221,0.581749,0.626786,0.285965
2022-06-12 11:00:00,9520506.77,345650.3000,1.104084,0.716033,0.804769,0.699235
2022-06-12 12:00:00,9683452.06,349006.8000,1.090519,0.773818,0.927632,1.436866
2022-06-12 13:00:00,9770578.11,352015.7000,1.077504,0.789111,0.956410,0.506726
2022-06-12 14:00:00,9839384.65,354617.9000,1.061531,0.721212,0.854446,1.436043
2022-06-12 15:00:00,10264385.96,358996.8000,1.108219,0.770182,0.906404,0.850306
2022-06-12 16:00:00,10763449.08,370695.2000,1.071942,0.773612,0.893126,0.656297
2022-06-12 17:00:00,10788548.15,373073.8000,1.084062,0.713891,0.785425,0.942022
2022-06-12 18:00:00,11033166.76,378452.5000,1.106396,0.781140,0.881382,0.591434
2022-06-12 19:00:00,10979162.51,377953.2000,1.115728,0.741096,0.826174,0.650802
2022-06-12 20:00:00,10866109.41,379138.5000,1.144873,0.749648,0.824669,3.018726
2022-06-12 21:00:00,11030089.64,384873.5000,1.186864,0.762651,0.841097,1.575082
2022-06-12 22:00:00,10971445.36,382086.4000,1.197667,0.762143,0.838693,0.407987
2022-06-12 23:00:00,10972915.90,386787.9000,1.252789,0.709294,0.751512,1.252041
2022-06-13 00:00:00,10832797.87,388387.8000,1.248508,0.705421,0.714946,0.791470
2022-06-13 01:00:00,10253781.49,379284.8000,1.261515,0.711839,0.708584,0.724751
2022-06-13 02:00:00,9707906.86,366474.4000,1.269320,0.638662,0.656395,0.923226
2022-06-13 03:00:00,9476858.40,363169.1000,1.285154,0.630106,0.645600,1.274793
2022-06-13 04:00:00,9422527.73,358491.2000,1.290665,0.680032,0.707829,0.895203
2022-06-13 05:00:00,9246845.03,351377.3000,1.289984,0.658400,0.703226,1.090418
2022-06-13 06:00:00,9118171.05,350156.4000,1.288482,0.666128,0.705270,1.584165
2022-06-13 07:00:00,9073241.98,347166.1000,1.311073,0.673203,0.721053,1.093128
2022-06-13 08:00:00,8877391.50,346637.7000,1.313028,0.644662,0.671885,0.833009
2022-06-13 09:00:00,8536442.06,346211.3000,1.319167,0.616899,0.631270,0.800746
2022-06-13 10:00:00,8497344.77,338512.3000,1.348564,0.611346,0.627255,1.395172
2022-06-13 11:00:00,8402083.12,335412.5000,1.358893,0.634948,0.662551,0.792550
2022-06-13 12:00:00,7920867.74,318630.9000,1.298282,0.632133,0.644566,1.007672
2022-06-13 13:00:00,7829933.08,314273.6000,1.283196,0.614236,0.624234,0.575476
2022-06-13 14:00:00,7966045.31,316293.8000,1.308387,0.625551,0.644429,0.804879
2022-06-13 15:00:00,7565957.33,311163.1000,1.297307,0.612007,0.627286,0.654362
2022-06-13 16:00:00,7844074.22,314165.1000,1.317247,0.641073,0.666910,1.243611
2022-06-13 17:00:00,7782157.67,309813.2000,1.323107,0.655894,0.696740,1.363262
2022-06-13 18:00:00,7675025.70,307908.6000,1.318538,0.640832,0.686692,1.419381
2022-06-13 19:00:00,7673899.92,308411.7000,1.307940,0.640492,0.685693,0.847632
2022-06-13 20:00:00,7739167.98,311615.9000,1.255826,0.625000,0.680723,0.967932
2022-06-13 21:00:00,7841990.86,312993.1000,1.277334,0.658491,0.730887,0.875451
2022-06-13 22:00:00,7996484.45,322783.3000,1.274113,0.644737,0.721212,1.009870
2022-06-13 23:00:00,7995627.61,329726.0000,1.235235,0.592322,0.663212,0.815474
2022-06-14 00:00:00,8179603.10,333929.5000,1.234882,0.646445,0.702827,1.523512
2022-06-14 01:00:00,7931798.68,333884.6000,1.215462,0.620755,0.668196,0.332727
2022-06-14 02:00:00,7649260.53,339861.4000,1.229644,0.594439,0.615266,0.944218
2022-06-14 03:00:00,7861774.76,343790.9000,1.140992,0.593078,0.610681,0.685589
2022-06-14 04:00:00,8136737.21,341110.3000,1.150033,0.604108,0.644081,1.273217
2022-06-14 05:00:00,7872394.50,335457.3000,1.132989,0.605385,0.635802,1.247644
2022-06-14 06:00:00,8152628.07,335523.8000,1.119414,0.709486,0.750204,0.742494
2022-06-14 07:00:00,8179659.93,336750.1000,1.107549,0.697446,0.738848,1.718655
2022-06-14 08:00:00,8324041.29,341177.6000,1.109673,0.696585,0.743590,0.794279
2022-06-14 09:00:00,8199766.75,340677.5000,1.114397,0.683092,0.756563,0.749497
2022-06-14 10:00:00,8070609.22,341948.9000,1.117238,0.712329,0.766026,0.597103
2022-06-14 11:00:00,8099475.25,343785.0000,1.122189,0.709961,0.762969,0.569630
2022-06-14 12:00:00,7990082.23,344396.7000,1.127897,0.685221,0.713287,1.630364
2022-06-14 13:00:00,8165354.81,347859.3000,1.133487,0.694391,0.726415,1.086163
2022-06-14 14:00:00,8157309.66,344067.3000,1.148831,0.695821,0.737261,0.924723
2022-06-14 15:00:00,8236829.72,345388.7000,1.156860,0.705029,0.748811,1.072634
2022-06-14 16:00:00,8269002.19,342538.2000,1.157336,0.708538,0.762520,1.053228
2022-06-14 17:00:00,8135424.77,341029.1000,1.164343,0.673745,0.718799,1.791092
2022-06-14 18:00:00,8141640.70,342495.4000,1.171904,0.698925,0.741653,2.150545
2022-06-14 19:00:00,8106891.41,340647.6000,1.165382,0.669216,0.708496,0.568892
2022-06-14 20:00:00,8103230.49,340882.5000,1.160560,0.687439,0.733014,2.113723
2022-06-14 21:00:00,8047820.67,341240.7000,1.146060,0.681996,0.725819,1.889029
2022-06-14 22:00:00,7874367.83,339043.3000,1.139312,0.651515,0.686923,3.305896
2022-06-14 23:00:00,7945097.41,339926.3000,1.140739,0.700880,0.735131,0.607280
2022-06-15 00:00:00,8120889.60,338836.3000,1.146062,0.694799,0.737390,1.361912
2022-06-15 01:00:00,8026790.51,338112.9000,1.135915,0.702439,0.739889,0.417090
2022-06-15 02:00:00,8166368.28,337188.5000,1.131276,0.706913,0.732283,0.619018
2022-06-15 03:00:00,8082514.20,336309.0000,1.123569,0.686103,0.727703,1.948903
2022-06-15 04:00:00,7926801.90,336823.4000,1.144415,0.707101,0.733492,0.922724
2022-06-15 05:00:00,7998854.17,348412.5000,1.187404,0.702863,0.734988,0.706666
2022-06-15 06:00:00,8200561.01,357919.8000,1.212699,0.714144,0.749396,0.776200
2022-06-15 07:00:00,8295018.94,358471.0000,1.211201,0.709109,0.735641,1.317694
2022-06-15 08:00:00,8095898.71,360779.8000,1.206590,0.756811,0.776167,1.454210
2022-06-15 09:00:00,7547272.01,356289.1000,1.227522,0.775551,0.753155,4.000527
2022-06-15 10:00:00,7860047.97,369345.8000,1.255709,0.743615,0.723372,0.916647
2022-06-15 11:00:00,8288541.91,377634.7000,1.252999,0.748975,0.733923,0.326674
2022-06-15 12:00:00,8443608.16,368444.6000,1.236118,0.723296,0.698113,1.395537
2022-06-15 13:00:00,8558114.93,372432.0000,1.213947,0.728814,0.703016,0.952895
2022-06-15 14:00:00,8706451.88,369206.7000,1.188960,0.697721,0.701562,1.222884
2022-06-15 15:00:00,8415554.51,362974.1000,1.178693,0.677196,0.659004,1.006499
2022-06-15 16:00:00,8633335.11,368496.9000,1.170289,0.660137,0.641395,1.977129
2022-06-15 17:00:00,8456355.65,370654.6000,1.132850,0.646776,0.615724,0.906368
2022-06-15 18:00:00,8587249.65,365835.2000,1.118107,0.630097,0.620272,1.066474
2022-06-15 19:00:00,8413098.85,350575.0000,1.107776,0.702128,0.704082,0.973583
2022-06-15 20:00:00,8303661.28,342430.2000,1.092062,0.812287,0.806922,1.162767
2022-06-15 21:00:00,8314590.38,340940.5000,1.088222,0.807692,0.793879,0.746189
2022-06-15 22:00:00,8495906.00,339378.8000,1.082731,0.815193,0.817604,0.866977
2022-06-15 23:00:00,8805873.50,348619.7000,1.065679,0.804767,0.803264,0.353823
2022-06-16 00:00:00,8955447.79,350678.1000,1.071289,0.817975,0.808491,3.521825
2022-06-16 01:00:00,9075794.23,354800.4000,1.053477,0.857981,0.844240,0.656361
2022-06-16 02:00:00,9057510.50,358798.4000,1.030851,0.909416,0.867224,0.346576
2022-06-16 03:00:00,8689540.27,344085.7000,0.996502,0.928658,0.882463,1.191073
2022-06-16 04:00:00,8240038.68,328615.7000,0.992428,0.909308,0.862132,1.854777
2022-06-16 05:00:00,7846923.51,315311.7000,0.983435,0.927536,0.881086,0.362253
2022-06-16 06:00:00,7539455.98,306137.5000,0.983714,0.859749,0.800518,1.378016
2022-06-16 07:00:00,7469236.92,305078.5000,1.013040,0.851136,0.790698,0.702582
2022-06-16 08:00:00,7574494.00,310379.2000,0.980095,0.902238,0.852622,0.747845
2022-06-16 09:00:00,7547760.10,307824.4000,0.978085,0.879108,0.854299,0.501463
2022-06-16 10:00:00,7309658.27,305898.9000,1.001804,0.751929,0.751945,1.661147
2022-06-16 11:00:00,7287092.61,306786.2000,1.015824,0.784091,0.769096,1.146394
2022-06-16 12:00:00,7217588.82,305814.7000,1.014647,0.815068,0.801594,0.978383
2022-06-16 13:00:00,7229227.55,304542.9000,1.010629,0.826495,0.814545,0.883018
2022-06-16 14:00:00,7167820.61,304849.0000,1.007723,0.767123,0.764444,0.930957
2022-06-16 15:00:00,7150436.12,304833.8000,1.003087,0.756757,0.759047,1.220857
2022-06-16 16:00:00,7167025.86,302125.7000,1.008631,0.769318,0.766462,0.746366
2022-06-16 17:00:00,7263031.56,303422.8000,1.017277,0.835488,0.826958,0.847881
2022-06-16 18:00:00,7181655.10,301054.5000,1.009339,0.829412,0.826958,1.548587
2022-06-16 19:00:00,7202649.96,302175.1000,1.011542,0.840666,0.840700,0.572383
2022-06-16 20:00:00,7165363.43,303064.9000,1.010675,0.844418,0.842396,1.557178
2022-06-16 21:00:00,7126280.05,302729.2000,1.021123,0.856802,0.847505,0.972616
2022-06-16 22:00:00,7113641.90,301934.3000,1.031108,0.816374,0.811989,1.017946
2022-06-16 23:00:00,7041411.88,303668.6000,1.028477,0.777397,0.773451,1.086173
2022-06-17 00:00:00,7068412.66,303743.4000,1.034887,0.761194,0.755338,1.262831
2022-06-17 01:00:00,7056881.09,302567.8000,1.031547,0.777907,0.777179,0.811092
2022-06-17 02:00:00,7198901.61,298870.0000,0.993033,0.727064,0.793165,1.111547
2022-06-17 03:00:00,7018726.20,293335.0000,0.975740,0.729638,0.787611,1.412875
2022-06-17 04:00:00,6912969.12,290907.8000,0.962055,0.732041,0.787933,1.348146
2022-06-17 05:00:00,6990033.47,290735.7000,0.959524,0.737020,0.798253,0.095203
2022-06-17 06:00:00,7145818.09,291421.0000,0.954070,0.724972,0.794218,0.758609
2022-06-17 07:00:00,7308828.49,295442.2000,0.944064,0.717976,0.799180,1.133123
2022-06-17 08:00:00,7255610.64,292470.6000,0.954396,0.870455,1.039932,0.835039
2022-06-17 09:00:00,7145386.04,288925.3000,0.956461,0.827434,0.979339,0.792703
2022-06-17 10:00:00,7132284.71,289811.0000,0.975790,0.750263,0.911880,1.359373
2022-06-17 11:00:00,7176970.74,289966.9000,1.001282,0.834260,0.965097,0.839312
2022-06-17 12:00:00,7124725.65,289926.3000,1.008638,0.873160,0.972154,2.565308
2022-06-17 13:00:00,6915264.73,285495.2000,1.006300,0.824053,0.925349,1.768151
2022-06-17 14:00:00,6907042.79,282369.6000,1.051602,0.864407,0.961667,1.328461
2022-06-17 15:00:00,6663462.50,275748.5000,1.096930,0.859931,0.968484,1.996166
2022-06-17 16:00:00,6645274.91,273153.3000,1.130209,0.871332,0.968307,0.970353
2022-06-17 17:00:00,6546576.33,270218.2000,1.160785,0.847826,0.952902,0.419271
2022-06-17 18:00:00,6597835.29,271779.4000,1.146035,0.866744,0.977080,1.923697
2022-06-17 19:00:00,6545895.33,270290.5000,1.144224,0.930456,1.034211,0.511560
2022-06-17 20:00:00,6519729.16,269165.6000,1.143372,0.878646,0.989682,0.616229
2022-06-17 21:00:00,6554413.41,268129.0000,1.135247,0.942753,1.044643,1.749399
2022-06-17 22:00:00,6484335.93,266308.1000,1.130543,0.924096,1.030088,0.196633
2022-06-17 23:00:00,6452823.81,265282.0000,1.129139,0.843387,0.970588,1.247482
2022-06-18 00:00:00,6458682.89,265472.6000,1.126401,0.840278,0.966234,0.268670
2022-06-18 01:00:00,6509083.80,266089.6000,1.146945,0.942472,1.063985,3.069632
2022-06-18 02:00:00,6363080.02,262950.6000,1.158375,0.889680,0.971002,0.764356
2022-06-18 03:00:00,6467290.25,266102.7000,1.155052,0.826879,0.920784,1.003794
2022-06-18 04:00:00,6487717.98,267204.2000,1.157636,0.832383,0.924320,2.959930
2022-06-18 05:00:00,6514661.91,267410.8000,1.158676,0.853179,0.939914,0.814193
2022-06-18 06:00:00,6470007.79,266299.3000,1.161202,0.848797,0.941026,3.754412
2022-06-18 07:00:00,6098030.61,263359.0000,1.178985,0.833718,0.860915,1.149354
2022-06-18 08:00:00,6091597.98,267140.2000,1.153824,0.808581,0.840543,0.811203
2022-06-18 09:00:00,6076721.79,269173.6000,1.130197,0.902665,0.908692,0.935930
2022-06-18 10:00:00,6178958.25,271423.6000,1.127086,0.888120,0.909649,0.781493
2022-06-18 11:00:00,6192633.23,268612.9000,1.125212,0.888628,0.909091,0.876427
2022-06-18 12:00:00,6132764.74,266364.0000,1.122924,0.889810,0.914286,1.532081
2022-06-18 13:00:00,6144629.13,267971.0000,1.107715,0.887839,0.912734,1.427560
2022-06-18 14:00:00,6188528.58,268779.6000,1.106690,0.840188,0.866197,0.526762
2022-06-18 15:00:00,6179466.61,269303.1000,1.100371,0.841014,0.891587,1.292070
2022-06-18 16:00:00,6155880.07,271084.6000,1.102338,0.868815,0.896880,0.319551
2022-06-18 17:00:00,6049589.82,267740.2000,1.102687,0.905041,0.920844,2.088771
2022-06-18 18:00:00,5951361.83,266771.0000,1.110781,0.899189,0.909170,1.045303
2022-06-18 19:00:00,5814326.23,265851.5000,1.117270,0.938169,0.932921,1.269993
2022-06-18 20:00:00,5739727.17,265878.2000,1.125212,0.812709,0.823283,1.480798
2022-06-18 21:00:00,5693432.98,266808.8000,1.121235,0.788419,0.793045,0.972936
2022-06-18 22:00:00,5845846.40,263055.4000,1.144435,0.797511,0.798456,1.314224
2022-06-18 23:00:00,5954018.28,259910.0000,1.140266,0.867299,0.861386,3.264352
2022-06-19 00:00:00,5915257.90,259532.2000,1.144028,0.854265,0.842857,0.703561
2022-06-19 01:00:00,5922846.86,259751.2000,1.137073,0.838028,0.840284,1.260468
2022-06-19 02:00:00,5815914.07,260499.6000,1.131224,0.829070,0.819469,1.231608
2022-06-19 03:00:00,5819152.68,262686.9000,1.142401,0.871194,0.857143,1.698468
2022-06-19 04:00:00,5797227.50,262353.6000,1.156687,0.891667,0.879638,0.423730
2022-06-19 05:00:00,5840742.50,261216.4000,1.160692,0.885850,0.872283,0.631229
2022-06-19 06:00:00,5740829.66,262981.1000,1.153606,0.857469,0.840517,0.923870
2022-06-19 07:00:00,5826900.04,265522.9000,1.155108,0.857143,0.826792,0.450062
2022-06-19 08:00:00,5813965.50,264452.7000,1.148115,0.843715,0.839209,0.762255
2022-06-19 09:00:00,6037751.46,268870.3000,1.149020,0.803097,0.797828,2.608593
2022-06-19 10:00:00,6026983.84,264504.3000,1.150787,0.822323,0.833771,0.639162
2022-06-19 11:00:00,6362655.65,265483.7000,1.130202,0.818078,0.847197,2.098925
2022-06-19 12:00:00,6294139.26,264215.4000,1.130210,0.804571,0.834229,0.420356
2022-06-19 13:00:00,6247000.99,265792.6000,1.128239,0.767918,0.798394,1.334250
2022-06-19 14:00:00,6209469.60,266283.7000,1.139073,0.795824,0.817117,0.616809
2022-06-19 15:00:00,6246529.33,264845.8000,1.135313,0.809080,0.831380,1.988255
2022-06-19 16:00:00,6333072.70,263581.5000,1.128002,0.799071,0.838035,0.870053
2022-06-19 17:00:00,6186678.96,260922.6000,1.130315,0.774713,0.809311,1.835540
2022-06-19 18:00:00,6208771.95,262716.2000,1.129431,0.786866,0.814782,1.237068
2022-06-19 19:00:00,6480640.12,264032.6000,1.123740,0.818182,0.889397,1.646433
2022-06-19 20:00:00,6410447.42,261107.6000,1.122886,0.826138,0.885036,1.460270
2022-06-19 21:00:00,6520695.23,257439.9000,1.110860,0.859338,0.904147,0.855565
2022-06-19 22:00:00,6388847.50,255268.0000,1.104834,0.878460,0.916667,0.281014
2022-06-19 23:00:00,6400457.31,254597.0000,1.108324,0.895961,0.933333,0.547794
2022-06-20 00:00:00,6333192.14,253010.3000,1.107548,0.895262,0.930569,1.194576
2022-06-20 01:00:00,6175059.50,253221.5000,1.111936,0.911950,0.927396,0.786453
2022-06-20 02:00:00,6033451.45,249819.5000,1.126191,1.003861,0.964250,1.152461
2022-06-20 03:00:00,6075166.90,250202.5000,1.128129,0.951960,0.927022,0.418778
2022-06-20 04:00:00,6129227.61,251002.4000,1.127071,0.939163,0.921260,0.672371
2022-06-20 05:00:00,6093026.77,251538.9000,1.127749,0.967949,0.944444,1.058791
2022-06-20 06:00:00,6090938.29,248559.0000,1.123606,0.992157,0.956653,1.274553
2022-06-20 07:00:00,6063265.37,246439.4000,1.111585,1.017150,0.978723,2.461913
2022-06-20 08:00:00,6082760.98,247437.7000,1.105749,0.965693,0.945866,2.558991
2022-06-20 09:00:00,6230413.23,246846.8000,1.104022,0.951899,0.942970,1.980595
2022-06-20 10:00:00,6233626.97,246593.1000,1.101670,0.956577,0.930392,0.798595
2022-06-20 11:00:00,6297449.41,244846.4000,1.093981,0.971831,0.968191,0.850646
2022-06-20 12:00:00,6207141.45,242041.0000,1.073072,0.975827,0.975272,0.911315
2022-06-20 13:00:00,6168223.58,243746.0000,1.072660,0.968831,0.954865,5.322737
2022-06-20 14:00:00,6197099.69,245796.3000,1.077089,0.933333,0.877177,1.325657
2022-06-20 15:00:00,6280581.02,242985.3000,1.086132,0.997392,0.953510,0.730126
2022-06-20 16:00:00,6355807.93,243791.7000,1.065292,0.967363,0.927133,1.571755
2022-06-20 17:00:00,6345589.08,245141.3000,1.071328,0.928753,0.900188,1.168992
2022-06-20 18:00:00,6227364.03,241926.8000,1.035205,0.961089,0.937137,1.181645
2022-06-20 19:00:00,6289170.59,242407.2000,1.021767,0.961140,0.935266,0.653509
2022-06-20 20:00:00,6250357.21,239850.6000,1.037001,0.965296,0.930077,0.473377
2022-06-20 21:00:00,6395888.94,240728.2000,1.059190,0.926582,0.905571,1.120490
2022-06-20 22:00:00,6378531.05,241394.7000,1.052817,0.958228,0.914419,1.293838
2022-06-20 23:00:00,6436916.73,242889.0000,1.044940,0.975703,0.924599,0.740311
2022-06-21 00:00:00,6376902.11,239202.6000,1.036330,0.997436,0.944919,0.196548
2022-06-21 01:00:00,6419740.32,240098.0000,1.011144,0.952073,0.928571,1.504856
2022-06-21 02:00:00,6358273.48,237754.8000,1.011987,0.979221,0.949952,0.299224
2022-06-21 03:00:00,6435936.13,242863.8000,1.023216,0.956298,0.914474,0.659548
2022-06-21 04:00:00,6550993.56,244831.1000,1.022893,0.970399,0.923221,1.752571
2022-06-21 05:00:00,6531615.17,244093.9000,1.022775,0.989691,0.931903,2.146752
2022-06-21 06:00:00,6619521.03,244904.4000,1.010182,1.032808,1.018375,0.620535
2022-06-21 07:00:00,6810191.92,249915.3000,0.993415,1.032765,1.013553,1.474220
2022-06-21 08:00:00,6781537.44,250574.1000,0.989975,1.026281,1.004794,0.777019
2022-06-21 09:00:00,6813737.28,249269.9000,0.986587,1.129173,1.090343,1.496123
2022-06-21 10:00:00,6787234.24,250368.3000,0.984147,1.187311,1.125000,0.321386
2022-06-21 11:00:00,6818564.86,251181.2000,0.976766,1.269470,1.168103,0.452973
2022-06-21 12:00:00,6725918.76,251450.8000,0.968152,1.205479,1.090241,3.503824
2022-06-21 13:00:00,6788734.55,252028.5000,0.994714,1.199088,1.096335,0.460255
2022-06-21 14:00:00,7041967.59,254764.8000,0.978704,1.244057,1.164627,1.543433
2022-06-21 15:00:00,7010641.69,249894.8000,0.967049,1.242879,1.226496,1.873972
2022-06-21 16:00:00,7022606.08,253154.4000,0.989548,1.223903,1.153766,0.503294
2022-06-21 17:00:00,7034941.93,253119.2000,0.994421,1.121168,1.089888,0.196341
2022-06-21 18:00:00,6941576.82,252219.2000,1.004607,1.172012,1.112348,0.582265
2022-06-21 19:00:00,6943370.95,253038.3000,1.007429,1.174487,1.111675,0.530187
2022-06-21 20:00:00,6925968.57,253540.6000,0.995447,1.199702,1.135331,1.261628
2022-06-21 21:00:00,7044112.57,257808.9000,0.994920,1.205128,1.120743,0.758714
2022-06-21 22:00:00,7234304.32,262343.5000,0.987304,1.224242,1.144792,2.594098
2022-06-21 23:00:00,7236648.53,262045.5000,0.986960,1.158590,1.084934,0.885372
2022-06-22 00:00:00,7188752.40,262650.8000,0.992544,1.155882,1.093212,0.681327
2022-06-22 01:00:00,7140809.97,262863.3000,1.005534,1.168142,1.061938,0.435061
2022-06-22 02:00:00,7144275.62,266475.0000,1.011710,1.145299,1.032385,0.568978
2022-06-22 03:00:00,7187717.69,269259.4000,1.016024,1.128169,1.003820,0.828862
2022-06-22 04:00:00,7201500.15,274793.0000,1.075993,1.213864,1.010742,0.982629
2022-06-22 05:00:00,7509770.81,286862.9000,1.131448,1.188489,0.992359,0.420003
2022-06-22 06:00:00,7694004.95,296139.5000,1.152287,1.254412,1.042843,0.433189
2022-06-22 07:00:00,7752893.53,302170.8000,1.156128,1.221083,1.022483,1.025248
2022-06-22 08:00:00,7638360.81,298548.4000,1.146986,1.236337,1.042532,1.013354
2022-06-22 09:00:00,7631083.03,296340.8000,1.136150,1.184704,0.971190,3.039012
2022-06-22 10:00:00,7704280.68,296361.6000,1.112204,1.275495,1.093306,0.763060
2022-06-22 11:00:00,7789838.97,299229.4000,1.123454,1.189112,0.955317,1.638554
2022-06-22 12:00:00,7951585.92,303033.0000,1.125505,1.169054,0.894826,2.164987
2022-06-22 13:00:00,8061114.04,310377.1000,1.117321,1.196769,0.942652,0.555630
2022-06-22 14:00:00,8273659.46,312034.7000,1.110980,1.155882,0.928044,2.416024
2022-06-22 15:00:00,8136684.93,309085.6000,1.094288,1.267388,1.039254,1.720288
2022-06-22 16:00:00,7865418.43,309163.1000,1.105082,1.340223,1.113636,1.084445
2022-06-22 17:00:00,7914184.31,307841.0000,1.111368,1.299213,1.124072,1.373786
2022-06-22 18:00:00,7873914.79,306425.7000,1.110481,1.308176,1.123941,1.824194
2022-06-22 19:00:00,7831780.62,305465.5000,1.111916,1.352657,1.146996,1.600668
2022-06-22 20:00:00,7756856.83,304002.2000,1.115054,1.305864,1.131635,2.406365
2022-06-22 21:00:00,7580352.88,301055.5000,1.115388,1.373377,1.182609,1.583344
2022-06-22 22:00:00,7615926.66,300992.6000,1.119040,1.384117,1.190889,1.010241
2022-06-22 23:00:00,7652667.04,301532.9000,1.115073,1.389610,1.197611,1.756600
2022-06-23 00:00:00,7577691.93,301455.7000,1.110081,1.342229,1.157456,5.383832
2022-06-23 01:00:00,7708867.60,300742.3000,1.108011,1.402913,1.221018,0.939649
2022-06-23 02:00:00,7621722.77,297456.3000,1.048067,1.336478,1.197198,0.626010
2022-06-23 03:00:00,7579176.58,295668.9000,1.041667,1.332293,1.200213,2.766587
2022-06-23 04:00:00,7623327.73,301042.5000,1.010669,1.314900,1.173278,1.921336
2022-06-23 05:00:00,7723694.06,301033.1000,1.011261,1.335413,1.205726,1.367757
2022-06-23 06:00:00,7515681.64,293683.2000,1.020288,1.300310,1.216791,0.670899
2022-06-23 07:00:00,7534443.76,291410.6000,1.015497,1.300000,1.250811,2.107651
2022-06-23 08:00:00,7446070.10,289865.7000,1.009722,1.295133,1.237527,1.128766
2022-06-23 09:00:00,7455710.28,289586.0000,0.997529,1.268817,1.242457,3.286844
2022-06-23 10:00:00,7510654.82,289272.7000,1.000392,1.258462,1.235991,1.450457
2022-06-23 11:00:00,7610432.75,292708.4000,0.994625,1.269646,1.264130,0.573434
2022-06-23 12:00:00,7699601.99,297247.5000,0.986986,1.229955,1.215645,0.824739
2022-06-23 13:00:00,8185804.56,318687.4000,0.998467,1.276532,1.242424,0.940486
2022-06-23 14:00:00,7877388.60,308917.2000,0.952497,1.311728,1.248677,0.223135
2022-06-23 15:00:00,7639434.90,296523.4000,0.964234,1.185944,1.168898,1.767194
2022-06-23 16:00:00,7210304.22,283997.3000,0.940066,1.223565,1.196635,2.528210
2022-06-23 17:00:00,6924274.71,274066.6000,0.936603,1.235562,1.206969,1.688738
2022-06-23 18:00:00,6841884.75,270014.0000,0.931347,1.196992,1.192186,1.341999
2022-06-23 19:00:00,6818382.26,267209.4000,0.927192,1.144330,1.160417,1.413416
2022-06-23 20:00:00,7016249.73,270063.5000,0.937896,1.178838,1.139980,0.964458
2022-06-23 21:00:00,6946556.94,267579.9000,0.930207,1.227202,1.189619,0.302209
2022-06-23 22:00:00,6897921.44,267154.2000,0.934750,1.239062,1.190171,2.578874
2022-06-23 23:00:00,6986889.75,266889.1000,0.942278,1.260317,1.201735,0.605547
2022-06-24 00:00:00,7029577.72,267124.7000,0.952039,1.268371,1.209378,0.870165
2022-06-24 01:00:00,7011652.57,266990.1000,0.947642,1.353719,1.270391,0.366367
2022-06-24 02:00:00,7006514.09,266384.3000,0.947280,1.363487,1.256983,1.050125
2022-06-24 03:00:00,6979084.90,265162.8000,0.952065,1.405360,1.279096,1.336550
2022-06-24 04:00:00,6917423.03,265279.3000,0.954934,1.698816,1.446188,1.534239
2022-06-24 05:00:00,6889623.48,265895.7000,0.955374,1.636953,1.418122,0.790092
2022-06-24 06:00:00,6886075.71,268609.6000,0.956498,1.677049,1.467778,0.338388
2022-06-24 07:00:00,6672500.53,261861.8000,0.945647,1.681230,1.486188,1.961394
2022-06-24 08:00:00,6713338.62,262568.0000,0.937037,1.576923,1.441365,1.348167
2022-06-24 09:00:00,6779288.28,262657.3000,0.949729,1.605590,1.482162,0.581875
2022-06-24 10:00:00,6673382.73,260587.4000,0.951120,1.568807,1.449735,1.520867
2022-06-24 11:00:00,6753134.32,261089.4000,0.952724,1.610769,1.485169,2.376376
2022-06-24 12:00:00,7021242.68,266884.0000,0.963900,1.640747,1.530435,1.340923
2022-06-24 13:00:00,7015249.06,264655.8000,0.958072,1.676704,1.539911,2.050089
2022-06-24 14:00:00,7118510.14,268694.0000,0.969635,1.610092,1.489270,0.369901
2022-06-24 15:00:00,7013479.16,265298.4000,0.969736,1.577273,1.372233,3.399737
2022-06-24 16:00:00,6933087.54,264665.2000,0.965510,1.692308,1.459916,0.713291
2022-06-27 07:00:00,6014030.69,218208.0000,0.878626,1.457627,1.377049,2.002819
2022-06-27 08:00:00,6023459.98,218027.7000,0.868943,1.500000,1.381603,1.753913
2022-09-03 08:00:00,7071935.74,271444.2000,0.900988,1.553103,1.636364,0.895045
2022-09-03 09:00:00,7225186.89,276418.4000,0.917002,1.446920,1.542144,0.523998
