date,tvl,fees,revenue,dex_vol,stbl
2020-12-20,1484680.00,,,,
2020-12-21,2697598.00,,,,
2020-12-22,3410253.00,,,,
2020-12-23,4563625.00,,,,
2020-12-24,4661610.00,,,,
2020-12-25,5347131.00,,,,
2020-12-26,7325073.00,,,,
2020-12-27,7408641.00,,,,
2020-12-28,8347237.00,,,,
2020-12-29,11344171.00,,,,
2020-12-30,11765090.00,,,,
2020-12-31,12119912.00,,,,
2021-01-01,12582167.00,,,,
2021-01-02,12543454.00,,,,
2021-01-03,12514881.00,,,,
2021-01-04,14195762.00,,,,
2021-01-05,16274684.00,,,,
2021-01-06,18325628.00,,,,
2021-01-07,20965573.00,,,,
2021-01-08,22570112.00,,,,
2021-01-09,25529569.00,,,,
2021-01-10,26299896.00,,,,
2021-01-11,33624539.00,,,,
2021-01-12,28869701.00,,,,
2021-01-13,30663261.00,,,,
2021-01-14,50094240.00,,,,
2021-01-15,73598480.00,,,,
2021-01-16,81861176.00,,,,
2021-01-17,85283818.00,,,,
2021-01-18,86160071.00,,,,
2021-01-19,87391374.00,,,,
2021-01-20,99335242.00,,,,
2021-01-21,100287613.00,,,,
2021-01-22,96701078.00,,,,
2021-01-23,92488787.00,,,,
2021-01-24,110569488.00,,,,
2021-01-25,121085410.00,,,,
2021-01-26,127510734.00,,,,
2021-01-27,127250330.00,,,,
2021-01-28,126687251.00,,,,
2021-01-29,130256710.00,,,,
2021-01-30,137228376.00,,,,
2021-01-31,135996393.00,,,,
2021-02-01,142145275.00,,,,
2021-02-02,142743932.00,,,,
2021-02-03,167649885.00,,,,
2021-02-04,192995719.00,,,,
2021-02-05,207027159.00,,,,
2021-02-06,211317161.00,,,,
2021-02-07,222659990.00,,,,
2021-02-08,223083142.00,,,,
2021-02-09,226682734.00,,,,
2021-02-10,244636373.00,,,,
2021-02-11,258690801.00,,,,
2021-02-12,257373193.00,,,,
2021-02-13,255301490.00,,,,
2021-02-14,261404596.00,,,,
2021-02-15,300220386.00,,,,
2021-02-16,289892552.00,,,,
2021-02-17,294701079.00,,,,
2021-02-18,298817631.00,,,,
2021-02-19,340560743.00,,,,
2021-02-20,347618380.00,,,,
2021-02-21,363633943.00,,,,
2021-02-22,357021502.00,,,,
2021-02-23,333163674.00,,,,
2021-02-24,267003426.00,,,,
2021-02-25,303534847.00,,,,
2021-02-26,294421081.00,,,,
2021-02-27,270362309.00,,,,
2021-02-28,269803675.00,,,,
2021-03-01,250111049.00,,,,
2021-03-02,279680304.00,,,,
2021-03-03,284790615.00,,,,
2021-03-04,294543162.00,,,,
2021-03-05,287090601.00,,,,
2021-03-06,272111645.00,,,,
2021-03-07,288340247.00,,,,
2021-03-08,308683748.00,,,,
2021-03-09,316855760.00,,,,
2021-03-10,337615557.00,,,,
2021-03-11,338318383.00,,,,
2021-03-12,329516422.00,,,,
2021-03-13,332363356.00,,,,
2021-03-14,343424416.00,,,,
2021-03-15,350346676.00,,,,
2021-03-16,332987874.00,,,,
2021-03-17,336938520.00,,,,
2021-03-18,460583631.00,,,,
2021-03-19,509773361.00,,,,
2021-03-20,574607276.00,,,,
2021-03-21,587935872.00,,,,
2021-03-22,602769063.00,,,,
2021-03-23,618289929.00,,,,
2021-03-24,569500275.00,,,,
2021-03-25,606935658.00,,,,
2021-03-26,583873492.00,,,,
2021-03-27,625796928.00,,,,
2021-03-28,630767135.00,,,,
2021-03-29,649286652.00,,,,
2021-03-30,704078283.00,,,,
2021-03-31,741152297.00,,,,
2021-04-01,743763681.00,,,,
2021-04-02,779177993.00,,,,
2021-04-03,799026221.00,,,,
2021-04-04,821105326.00,,,,
2021-04-05,807264483.00,,,,
2021-04-06,804754966.00,,,,
2021-04-07,810757400.00,,,,
2021-04-08,805140938.00,,,,
2021-04-09,819712012.00,,,,
2021-04-10,934439179.00,,,,
2021-04-11,965035169.00,,,,
2021-04-12,951022763.00,,,,
2021-04-13,981448867.00,,,,
2021-04-14,1073726481.00,,,,
2021-04-15,1080081949.00,,,,
2021-04-16,1131586581.00,,,,
2021-04-17,1154120907.00,,,,
2021-04-18,1161711743.00,,,,
2021-04-19,991105854.00,,,,
2021-04-20,1189430787.00,,,,
2021-04-21,1089818460.00,,,,
2021-04-22,1160402395.00,,,,
2021-04-23,1228013431.00,,,,
2021-04-24,1101462978.00,,,,
2021-04-25,1187254629.00,,,,
2021-04-26,1271627756.00,,,,
2021-04-27,1385400252.00,,,,
2021-04-28,1455239310.00,,,,
2021-04-29,1430439245.00,,,,
2021-04-30,1475154399.00,,,,
2021-05-01,1511692566.00,155000.00,7750.00,,
2021-05-02,1511145432.00,161262.00,8063.00,,
2021-05-03,1567952725.00,165562.00,8278.00,,
2021-05-04,1716457044.00,178678.00,8934.00,,
2021-05-05,1700927523.00,193787.00,9689.00,,
2021-05-06,1764741635.00,190552.00,9528.00,,
2021-05-07,1782883841.00,189617.00,9481.00,,
2021-05-08,1867000732.00,192114.00,9606.00,,
2021-05-09,1981645031.00,203630.00,10182.00,,
2021-05-10,2145406106.00,222548.00,11127.00,,
2021-05-11,2216323676.00,240825.00,12041.00,,
2021-05-12,2125008558.00,226620.00,11331.00,,
2021-05-13,2261368556.00,256929.00,12846.00,,
2021-05-14,,248857.00,12443.00,,
2021-05-15,2194510145.00,213130.00,10656.00,,
2021-05-16,2009113421.00,242722.00,12136.00,,
2021-05-17,2044538182.00,268540.00,13427.00,,
2021-05-18,1889629618.00,248529.00,12426.00,,
2021-05-19,1973541990.00,245969.00,12298.00,,
2021-05-20,1366850255.00,190613.00,9531.00,,
2021-05-21,1503975800.00,195891.00,9795.00,,
2021-05-22,1197332029.00,191412.00,9571.00,,
2021-05-23,1268520009.00,171273.00,8564.00,,
2021-05-24,1089389749.00,149792.00,7490.00,,
2021-05-25,1436918532.00,170284.00,8514.00,,
2021-05-26,1457761756.00,176386.00,8819.00,,
2021-05-27,1572288635.00,204580.00,10229.00,,
2021-05-28,1541603698.00,199991.00,10000.00,,
2021-05-29,1369256784.00,189476.00,9474.00,,
2021-05-30,1284551120.00,189599.00,9480.00,,
2021-05-31,1371812777.00,201352.00,10068.00,,
2021-06-01,1568761944.00,211818.00,10591.00,,
2021-06-02,1536235064.00,216914.00,10846.00,,
2021-06-03,1614326124.00,226251.00,11313.00,,
2021-06-04,1740486738.00,232450.00,11622.00,,
2021-06-05,1621178893.00,213678.00,10684.00,,
2021-06-06,1545877559.00,220317.00,11016.00,,
2021-06-07,1607248302.00,223595.00,11180.00,,
2021-06-08,1528425925.00,233224.00,11661.00,,
2021-06-09,1509199946.00,212235.00,10612.00,,
2021-06-10,1597842348.00,220827.00,11041.00,,
2021-06-11,1552872592.00,217986.00,10899.00,,
2021-06-12,1491923061.00,211984.00,10599.00,,
2021-06-13,1532641243.00,212821.00,10641.00,,
2021-06-14,1645056229.00,207338.00,10367.00,,
2021-06-15,1699800875.00,218616.00,10931.00,,
2021-06-16,1727769757.00,227393.00,11370.00,,
2021-06-17,1643680666.00,215543.00,10777.00,,
2021-06-18,1655355907.00,186121.00,9306.00,,
2021-06-19,1575760556.00,202621.00,10131.00,,
2021-06-20,1553281987.00,199317.00,9966.00,,
2021-06-21,1607527078.00,181875.00,9094.00,,
2021-06-22,1354610799.00,173998.00,8700.00,,
2021-06-23,1350497871.00,165268.00,8263.00,,
2021-06-24,1441034258.00,188123.00,9406.00,,
2021-06-25,1470998790.00,186992.00,9350.00,,
2021-06-26,1372761056.00,177346.00,8867.00,,
2021-06-27,1362958264.00,171394.00,8570.00,,
2021-06-28,1470769605.00,179010.00,8950.00,,
2021-06-29,1549607364.00,196784.00,9839.00,,
2021-06-30,1662588943.00,213783.00,10689.00,,
2021-07-01,1761252203.00,212807.00,10640.00,,
2021-07-02,1685989222.00,209024.00,10451.00,,
2021-07-03,1701313201.00,199804.00,9990.00,,
2021-07-04,1749590141.00,217736.00,10887.00,,
2021-07-05,1854074210.00,227036.00,11352.00,,
2021-07-06,1793950756.00,214942.00,10747.00,,
2021-07-07,1888267834.00,226427.00,11321.00,,
2021-07-08,1958433589.00,235058.00,11753.00,,
2021-07-09,1826406341.00,213870.00,10693.00,,
2021-07-10,2002138706.00,208880.00,10444.00,,
2021-07-11,1966707980.00,219005.00,10950.00,,
2021-07-12,2022730895.00,221523.00,11076.00,,
2021-07-13,1918614791.00,219803.00,10990.00,,
2021-07-14,1792056068.00,214751.00,10738.00,,
2021-07-15,1825763965.00,207744.00,10387.00,,
2021-07-16,1747645008.00,203550.00,10178.00,,
2021-07-17,1728128921.00,200352.00,10018.00,,
2021-07-18,1740624541.00,199829.00,9991.00,,
2021-07-19,1753093990.00,209025.00,10451.00,,
2021-07-20,1663784849.00,197024.00,9851.00,,
2021-07-21,1645473780.00,192152.00,9608.00,,
2021-07-22,1850988652.00,214584.00,10729.00,,
2021-07-23,1939523761.00,219019.00,10951.00,,
2021-07-24,2035767625.00,229548.00,11477.00,,
2021-07-25,2139815992.00,240993.00,12050.00,,
2021-07-26,2126988567.00,246593.00,12330.00,,
2021-07-27,2173665699.00,269198.00,13460.00,,
2021-07-28,2300562301.00,262709.00,13135.00,,
2021-07-29,2441145596.00,269241.00,13462.00,,
2021-07-30,2508336162.00,265766.00,13288.00,,
2021-07-31,2568334467.00,272557.00,13628.00,,
2021-08-01,2626538659.00,286839.00,14342.00,,
2021-08-02,2735696255.00,306210.00,15310.00,,
2021-08-03,2832032722.00,305582.00,15279.00,,
2021-08-04,3002418510.00,299491.00,14975.00,,
2021-08-05,3176112819.00,301841.00,15092.00,,
2021-08-06,3263181987.00,318809.00,15940.00,,
2021-08-07,3271814230.00,346091.00,17305.00,,
2021-08-08,3492560356.00,393827.00,19691.00,,
2021-08-09,3317557378.00,391703.00,19585.00,,
2021-08-10,3469187210.00,395172.00,19759.00,,
2021-08-11,3660679480.00,399501.00,19975.00,,
2021-08-12,3653403831.00,411231.00,20562.00,,
2021-08-13,3575639972.00,396596.00,19830.00,,
2021-08-14,3904332966.00,412331.00,20617.00,,
2021-08-15,3882854658.00,413180.00,20659.00,,
2021-08-16,4051159508.00,408312.00,20416.00,,
2021-08-17,4190399677.00,425557.00,21278.00,,
2021-08-18,4340858071.00,426034.00,21302.00,,
2021-08-19,4853648538.00,397619.00,19881.00,,
2021-08-20,4753885993.00,404834.00,20242.00,,
2021-08-21,5013284058.00,426330.00,21317.00,,
2021-08-22,4879643526.00,420960.00,21048.00,,
2021-08-23,4904055359.00,451623.00,22581.00,,
2021-08-24,5231930366.00,459593.00,22980.00,,
2021-08-25,5162294313.00,458396.00,22920.00,,
2021-08-26,5124227487.00,428945.00,21447.00,,
2021-08-27,4924940983.00,434988.00,21749.00,,
2021-08-28,5523443743.00,448756.00,22438.00,,
2021-08-29,5201638979.00,473478.00,23674.00,,
2021-08-30,5656464375.00,478528.00,23926.00,,
2021-08-31,5899530757.00,483954.00,24198.00,,
2021-09-01,5770642097.00,532850.00,26642.00,,
2021-09-02,5967246630.00,551510.00,27576.00,,
2021-09-03,6141396398.00,596104.00,29805.00,,
2021-09-04,6454292476.00,638026.00,31901.00,,
2021-09-05,6742750814.00,649002.00,32450.00,,
2021-09-06,6630580933.00,662802.00,33140.00,,
2021-09-07,6718506677.00,652437.00,32622.00,,
2021-09-08,6752957163.00,624407.00,31220.00,,
2021-09-09,6568618388.00,555269.00,27763.00,,
2021-09-10,5919403665.00,574915.00,28746.00,,
2021-09-11,6208354931.00,596534.00,29827.00,,
2021-09-12,6645207111.00,591555.00,29578.00,,
2021-09-13,6718671011.00,624755.00,31238.00,,
2021-09-14,6941483271.00,598873.00,29944.00,,
2021-09-15,6374544618.00,613914.00,30696.00,,
2021-09-16,6923769844.00,630651.00,31533.00,,
2021-09-17,6946000905.00,688170.00,34408.00,,
2021-09-18,6611530448.00,671613.00,33581.00,,
2021-09-19,6734812965.00,694555.00,34728.00,,
2021-09-20,6479019178.00,662305.00,33115.00,,
2021-09-21,5777649005.00,596572.00,29829.00,,
2021-09-22,5278958197.00,621343.00,31067.00,,
2021-09-23,6240080016.00,585221.00,29261.00,,
2021-09-24,6570413025.00,623095.00,31155.00,,
2021-09-25,6337195299.00,563364.00,28168.00,,
2021-09-26,6429449332.00,585733.00,29287.00,,
2021-09-27,6327258528.00,609814.00,30491.00,,
2021-09-28,6337936368.00,622045.00,31102.00,,
2021-09-29,5908492625.00,587564.00,29378.00,,
2021-09-30,6063285055.00,595002.00,29750.00,,
2021-10-01,6571715805.00,607906.00,30395.00,,
2021-10-02,6979156441.00,661747.00,33087.00,,
2021-10-03,7407825479.00,673505.00,33675.00,,
2021-10-04,7416941679.00,695164.00,34758.00,,
2021-10-05,7622825583.00,677236.00,33862.00,,
2021-10-06,7713144064.00,704722.00,35236.00,,
2021-10-07,7804666312.00,699353.00,34968.00,,
2021-10-08,7705582541.00,741558.00,37078.00,,
2021-10-09,8217360159.00,758869.00,37943.00,,
2021-10-10,7957443411.00,761028.00,38051.00,,
2021-10-11,7960060420.00,748475.00,37424.00,,
2021-10-12,7577219951.00,731457.00,36573.00,,
2021-10-13,7478291867.00,727571.00,36379.00,,
2021-10-14,7495010603.00,703298.00,35165.00,,
2021-10-15,7675547003.00,734538.00,36727.00,,
2021-10-16,7910686086.00,788105.00,39405.00,,
2021-10-17,8100694775.00,829877.00,41494.00,,
2021-10-18,8007667987.00,748678.00,37434.00,,
2021-10-19,8129356712.00,665476.00,33274.00,,
2021-10-20,7842359208.00,789115.00,39456.00,,
2021-10-21,8162518114.00,812048.00,40602.00,,
2021-10-22,9055902381.00,882941.00,44147.00,,
2021-10-23,8888982254.00,869228.00,43461.00,,
2021-10-24,8844943590.00,850738.00,42537.00,,
2021-10-25,9089202133.00,852906.00,42645.00,,
2021-10-26,8972859742.00,871256.00,43563.00,,
2021-10-27,9342398994.00,889340.00,44467.00,,
2021-10-28,9188670051.00,846597.00,42330.00,,
2021-10-29,8657078760.00,833884.00,41694.00,,
2021-10-30,9444475951.00,901435.00,45072.00,,
2021-10-31,9585148451.00,912864.00,45643.00,,
2021-11-01,9469184595.00,890519.00,44526.00,,
2021-11-02,9375709687.00,930651.00,46533.00,,
2021-11-03,9486550621.00,953597.00,47680.00,,
2021-11-04,9915548997.00,987387.00,49369.00,,
2021-11-05,10179222730.00,976004.00,48800.00,,
2021-11-06,10382174345.00,978940.00,48947.00,,
2021-11-07,10203010928.00,945661.00,47283.00,,
2021-11-08,10369774632.00,1003642.00,50182.00,,
2021-11-09,10530148494.00,1030663.00,51533.00,,
2021-11-10,10951468099.00,1039647.00,51982.00,,
2021-11-11,10616397605.00,1027541.00,51377.00,,
2021-11-12,10304650578.00,1020659.00,51033.00,,
2021-11-13,10641286377.00,1005382.00,50269.00,,
2021-11-14,10525843802.00,996797.00,49840.00,,
2021-11-15,10627295728.00,999061.00,49953.00,,
2021-11-16,10651656762.00,1021408.00,51070.00,,
2021-11-17,10125304469.00,932391.00,46620.00,,
2021-11-18,9383475430.00,916471.00,45824.00,,
2021-11-19,9666775604.00,923861.00,46193.00,,
2021-11-20,9076356852.00,925856.00,46293.00,,
2021-11-21,9592116206.00,964130.00,48206.00,,
2021-11-22,9862294010.00,959704.00,47985.00,,
2021-11-23,9283906525.00,926505.00,46325.00,,
2021-11-24,9220307508.00,917629.00,45881.00,,
2021-11-25,9642353394.00,954837.00,47742.00,,
2021-11-26,9339757721.00,988260.00,49413.00,,
2021-11-27,9991469990.00,903205.00,45160.00,,
2021-11-28,9222087074.00,920953.00,46048.00,,
2021-11-29,9307649599.00,917912.00,45896.00,,
2021-11-30,10204315971.00,966179.00,48309.00,,
2021-12-01,10413358618.00,1050697.00,52535.00,,
2021-12-02,11273831763.00,1059934.00,52997.00,,
2021-12-03,11448965409.00,1019780.00,50989.00,,
2021-12-04,11626412047.00,1032229.00,51611.00,,
2021-12-05,11099651716.00,878896.00,43945.00,,
2021-12-06,11619913723.00,954830.00,47741.00,,
2021-12-07,10914463410.00,925932.00,46297.00,,
2021-12-08,11428110929.00,996038.00,49802.00,,
2021-12-09,11619886092.00,971163.00,48558.00,,
2021-12-10,11972919269.00,1000973.00,50049.00,,
2021-12-11,11089075361.00,959037.00,47952.00,,
2021-12-12,10345441623.00,931098.00,46555.00,,
2021-12-13,10392077192.00,932442.00,46622.00,,
2021-12-14,10728809966.00,923057.00,46153.00,,
2021-12-15,9752769276.00,891035.00,44552.00,,
2021-12-16,10150240944.00,897827.00,44891.00,,
2021-12-17,10634887344.00,950092.00,47505.00,,
2021-12-18,10651566200.00,892699.00,44635.00,,
2021-12-19,10606900417.00,921106.00,46055.00,,
2021-12-20,11185297212.00,921942.00,46097.00,,
2021-12-21,11507191790.00,882773.00,44139.00,,
2021-12-22,11838478074.00,953597.00,47680.00,,
2021-12-23,12496661072.00,942905.00,47145.00,,
2021-12-24,12240062543.00,926703.00,46335.00,,
2021-12-25,12997599933.00,953109.00,47655.00,,
2021-12-26,13103609651.00,964584.00,48229.00,,
2021-12-27,13257830671.00,959601.00,47980.00,,
2021-12-28,13234517381.00,965091.00,48255.00,,
2021-12-29,12663980502.00,931531.00,46577.00,,
2021-12-30,11987365372.00,887925.00,44396.00,,
2021-12-31,11623215488.00,892058.00,44603.00,,
2022-01-01,11742907288.00,904958.00,45248.00,,
2022-01-02,11929641642.00,884326.00,44216.00,,
2022-01-03,12467491871.00,897992.00,44900.00,,
2022-01-04,12491296642.00,918615.00,45931.00,,
2022-01-05,12316385857.00,918480.00,45924.00,,
2022-01-06,12235291133.00,904016.00,45201.00,,
2022-01-07,11363306915.00,803194.00,40160.00,,
2022-01-08,10986528319.00,783085.00,39154.00,,
2022-01-09,10240149691.00,774501.00,38725.00,,
2022-01-10,9873245948.00,755538.00,37777.00,,
2022-01-11,10356055899.00,750046.00,37502.00,,
2022-01-12,9938852312.00,743662.00,37183.00,,
2022-01-13,10570306750.00,798319.00,39916.00,,
2022-01-14,11347188541.00,814892.00,40745.00,,
2022-01-15,10964995451.00,789101.00,39455.00,,
2022-01-16,11200072240.00,812871.00,40644.00,,
2022-01-17,11625822458.00,810362.00,40518.00,,
2022-01-18,11641630131.00,788098.00,39405.00,,
2022-01-19,10946148992.00,770580.00,38529.00,,
2022-01-20,10951566496.00,761537.00,38077.00,,
2022-01-21,10890076482.00,771865.00,38593.00,,
2022-01-22,10612924408.00,684390.00,34220.00,,
2022-01-23,8918160780.00,602720.00,30136.00,,
2022-01-24,8792983908.00,614013.00,30701.00,,
2022-01-25,9193162773.00,547590.00,27380.00,,
2022-01-26,8768612208.00,609217.00,30461.00,,
2022-01-27,8721859539.00,644693.00,32235.00,,
2022-01-28,8955346515.00,622119.00,31106.00,,
2022-01-29,8057361161.00,604742.00,30237.00,,
2022-01-30,8114759697.00,644770.00,32238.00,,
2022-01-31,8154307092.00,667772.00,33389.00,,
2022-02-01,7741523020.00,650299.00,32515.00,,
2022-02-02,8352196700.00,707803.00,35390.00,,
2022-02-03,8626655568.00,707309.00,35365.00,,
2022-02-04,8137376340.00,663778.00,33189.00,,
2022-02-05,8343472391.00,725249.00,36262.00,,
2022-02-06,9062155475.00,772667.00,38633.00,,
2022-02-07,9355503469.00,773008.00,38650.00,,
2022-02-08,9425857704.00,779024.00,38951.00,,
2022-02-09,9849093652.00,794131.00,39707.00,,
2022-02-10,9684040171.00,815941.00,40797.00,,
2022-02-11,9867501784.00,842604.00,42130.00,,
2022-02-12,9323790420.00,806549.00,40327.00,,
2022-02-13,8869054240.00,764019.00,38201.00,,
2022-02-14,8908597057.00,768327.00,38416.00,,
2022-02-15,8868500071.00,754295.00,37715.00,,
2022-02-16,9109277367.00,815838.00,40792.00,,
2022-02-17,9764632045.00,827440.00,41372.00,,
2022-02-18,10776992706.00,822738.00,41137.00,,
2022-02-19,9849181387.00,770578.00,38529.00,,
2022-02-20,9635770088.00,723571.00,36179.00,,
2022-02-21,9568527335.00,711257.00,35563.00,,
2022-02-22,9284020360.00,701961.00,35098.00,,
2022-02-23,9176455049.00,698907.00,34945.00,,
2022-02-24,9579482020.00,730017.00,36501.00,,
2022-02-25,10183384770.00,638868.00,31943.00,,
2022-02-26,10570784656.00,727877.00,36394.00,,
2022-02-27,11549488244.00,755957.00,37798.00,,
2022-02-28,12085656238.00,775333.00,38767.00,,
2022-03-01,11178505823.00,731963.00,36598.00,,
2022-03-02,13825763846.00,812950.00,40648.00,,
2022-03-03,13946529494.00,829165.00,41458.00,,
2022-03-04,14035992618.00,818707.00,40935.00,,
2022-03-05,13556692075.00,762323.00,38116.00,,
2022-03-06,12480064598.00,760742.00,38037.00,,
2022-03-07,13033542657.00,744259.00,37213.00,,
2022-03-08,12120705188.00,737291.00,36865.00,,
2022-03-09,12179712553.00,747294.00,37365.00,,
2022-03-10,13490907049.00,799428.00,39971.00,,
2022-03-11,14963489373.00,767225.00,38361.00,,
2022-03-12,14337221102.00,779363.00,38968.00,,
2022-03-13,13641674320.00,767361.00,38368.00,,
2022-03-14,13512750907.00,773883.00,38694.00,,
2022-03-15,13457150512.00,781156.00,39058.00,,
2022-03-16,14236206290.00,775654.00,38783.00,,
2022-03-17,14296430953.00,813110.00,40656.00,,
2022-03-18,14926073787.00,872107.00,43605.00,,
2022-03-19,14746238057.00,867807.00,43390.00,,
2022-03-20,15747370146.00,921268.00,46063.00,,
2022-03-21,16062992039.00,915896.00,45795.00,,
2022-03-22,15733361492.00,943354.00,47168.00,,
2022-03-23,16314501506.00,988873.00,49444.00,,
2022-03-24,16354448950.00,968948.00,48447.00,,
2022-03-25,16597542811.00,1019976.00,50999.00,,
2022-03-26,16722121023.00,1061879.00,53094.00,,
2022-03-27,16350601272.00,1052730.00,52636.00,,
2022-03-28,16625411693.00,1076640.00,53832.00,,
2022-03-29,17267464636.00,1159757.00,57988.00,,
2022-03-30,17980982698.00,1199419.00,59971.00,,
2022-03-31,18829392484.00,1193967.00,59698.00,,
2022-04-01,18882952743.00,1209228.00,60461.00,,
2022-04-02,18766260162.00,1183511.00,59176.00,,
2022-04-03,19461202817.00,1270965.00,63548.00,,
2022-04-04,20366963551.00,1274099.00,63705.00,,
2022-04-05,20323921629.00,1282420.00,64121.00,,
2022-04-06,20834599651.00,1308557.00,65428.00,,
2022-04-07,20404782354.00,1238240.00,61912.00,,
2022-04-08,19247409681.00,1208128.00,60406.00,,
2022-04-09,19241404990.00,1220320.00,61016.00,,
2022-04-10,18508106396.00,1219812.00,60991.00,,
2022-04-11,18855775492.00,1236942.00,61847.00,,
2022-04-12,18489885366.00,1167660.00,58383.00,,
2022-04-13,17057217092.00,1180693.00,59035.00,,
2022-04-14,17244116893.00,1174700.00,58735.00,,
2022-04-15,18020403754.00,1200530.00,60027.00,,
2022-04-16,17220771341.00,1187588.00,59379.00,,
2022-04-17,17344732324.00,1207458.00,60373.00,,
2022-04-18,17489537674.00,1210223.00,60511.00,,
2022-04-19,17038773731.00,1171832.00,58592.00,,
2022-04-20,18541770155.00,1220376.00,61019.00,,
2022-04-21,18937764937.00,1280209.00,64010.00,,
2022-04-22,19006589703.00,1288883.00,64444.00,,
2022-04-23,18337634424.00,1230254.00,61513.00,,
2022-04-24,18644919567.00,1216886.00,60844.00,,
2022-04-25,18257074794.00,1228108.00,61405.00,,
2022-04-26,17960566117.00,1203356.00,60168.00,,
2022-04-27,19336725140.00,1271669.00,63583.00,,
2022-04-28,18037373061.00,1219650.00,60983.00,,
2022-04-29,18561743211.00,1241426.00,62071.00,,
2022-04-30,18736501192.00,1226461.00,61323.00,,
2022-05-01,18112355454.00,1230992.00,61550.00,,
2022-05-02,17603473301.00,1194816.00,59741.00,,
2022-05-03,18174952115.00,1215914.00,60796.00,,
2022-05-04,18660027954.00,1238512.00,61926.00,,
2022-05-05,18347590202.00,1249722.00,62486.00,,
2022-05-06,19390293831.00,1286943.00,64347.00,,
2022-05-07,18410137617.00,1204431.00,60222.00,,
2022-05-08,17882792425.00,1192399.00,59620.00,,
2022-05-09,16633736902.00,1148603.00,57430.00,,
2022-05-10,16061352956.00,1083815.00,54191.00,,
2022-05-11,12333464844.00,1107612.00,55381.00,,
2022-05-12,11595676249.00,1055201.00,52760.00,,
2022-05-13,9244719849.00,907598.00,45380.00,,
2022-05-14,8387947914.00,980927.00,49046.00,,
2022-05-15,8675786007.00,928003.00,46400.00,,
2022-05-16,8770075827.00,983816.00,49191.00,,
2022-05-17,9065756551.00,971873.00,48594.00,,
2022-05-18,8756006520.00,1012107.00,50605.00,,
2022-05-19,8954138495.00,983088.00,49154.00,,
2022-05-20,8269482693.00,955269.00,47763.00,,
2022-05-21,8586515306.00,988602.00,49430.00,,
2022-05-22,8336123918.00,965247.00,48262.00,,
2022-05-23,8450807298.00,1006942.00,50347.00,,
2022-05-24,8723384540.00,1023974.00,51199.00,,
2022-05-25,8489747534.00,995135.00,49757.00,,
2022-05-26,8435880883.00,986881.00,49344.00,,
2022-05-27,8372244522.00,924599.00,46230.00,,
2022-05-28,7626610155.00,924690.00,46234.00,,
2022-05-29,7396396879.00,918976.00,45949.00,,
2022-05-30,7655743615.00,923832.00,46192.00,,
2022-05-31,7722267485.00,962379.00,48119.00,,
2022-06-01,8503163677.00,1012388.00,50619.00,,
2022-06-02,8328413791.00,1014077.00,50704.00,,
2022-06-03,7816033676.00,942180.00,47109.00,,
2022-06-04,7825744721.00,909369.00,45468.00,,
2022-06-05,7573441179.00,909766.00,45488.00,,
2022-06-06,7708021983.00,916634.00,45832.00,,
2022-06-07,7717543079.00,987204.00,49360.00,,
2022-06-08,7525619669.00,898883.00,44944.00,,
2022-06-09,7762697038.00,922159.00,46108.00,,
2022-06-10,7659488944.00,929286.00,46464.00,,
2022-06-11,7611214821.00,904288.00,45214.00,,
2022-06-12,7183613869.00,806624.00,40331.00,,
2022-06-13,6556186722.00,757492.00,37875.00,,
2022-06-14,6059700637.00,636390.00,31819.00,,
2022-06-15,5146394959.00,606421.00,30321.00,,
2022-06-16,5150083485.00,573308.00,28665.00,,
2022-06-17,5273903360.00,580356.00,29018.00,,
2022-06-18,4569780460.00,560154.00,28008.00,,
2022-06-19,4688303994.00,514567.00,25728.00,,
2022-06-20,4273604850.00,526439.00,26322.00,,
2022-06-21,4695024018.00,580307.00,29015.00,,
2022-06-22,4815495582.00,585550.00,29278.00,,
2022-06-23,4796390172.00,558746.00,27937.00,,
2022-06-24,4624109086.00,570192.00,28510.00,,
2022-06-25,4914782963.00,621145.00,31057.00,,
2022-06-26,5247660857.00,614319.00,30716.00,,
2022-06-27,5336156445.00,651534.00,32577.00,,
2022-06-28,5172116610.00,622127.00,31106.00,,
2022-06-29,5083594153.00,627645.00,31382.00,,
2022-06-30,4935169566.00,569896.00,28495.00,,
2022-07-01,4712977381.00,527911.00,26396.00,,
2022-07-02,4763831875.00,534640.00,26732.00,,
2022-07-03,4582057974.00,537592.00,26880.00,,
2022-07-04,4581471448.00,538250.00,26912.00,,
2022-07-05,4624675259.00,561497.00,28075.00,,
2022-07-06,4984983055.00,564584.00,28229.00,,
2022-07-07,4974559493.00,576608.00,28830.00,,
2022-07-08,5133736448.00,607879.00,30394.00,,
2022-07-09,5344081527.00,625068.00,31253.00,,
2022-07-10,5250407031.00,618904.00,30945.00,,
2022-07-11,5250360556.00,604112.00,30206.00,,
2022-07-12,5061484195.00,586878.00,29344.00,,
2022-07-13,4746412145.00,547824.00,27391.00,,
2022-07-14,4517909382.00,541474.00,27074.00,,
2022-07-15,4813719763.00,550462.00,27523.00,,
2022-07-16,5145157261.00,616203.00,30810.00,,
2022-07-17,5287333312.00,613993.00,30700.00,,
2022-07-18,5897920265.00,692963.00,34648.00,,
2022-07-19,5848335028.00,748596.00,37430.00,,
2022-07-20,6818774574.00,789618.00,39481.00,,
2022-07-21,6678884086.00,820293.00,41015.00,,
2022-07-22,6612586502.00,764698.00,38235.00,,
2022-07-23,6765439728.00,838529.00,41926.00,,
2022-07-24,6951636984.00,781029.00,39051.00,,
2022-07-25,6809638843.00,828727.00,41436.00,,
2022-07-26,6815380955.00,784085.00,39204.00,,
2022-07-27,6333162243.00,723334.00,36167.00,,
2022-07-28,6270641475.00,742860.00,37143.00,,
2022-07-29,7036221468.00,837002.00,41850.00,,
2022-07-30,7514351432.00,849420.00,42471.00,,
2022-07-31,7519984075.00,872407.00,43620.00,,
2022-08-01,7421914302.00,879357.00,43968.00,,
2022-08-02,7332208984.00,855257.00,42763.00,,
2022-08-03,7166254107.00,813316.00,40666.00,,
2022-08-04,6967295709.00,858840.00,42942.00,,
2022-08-05,7164465654.00,829085.00,41454.00,,
2022-08-06,7042199984.00,882712.00,44136.00,,
2022-08-07,7597604210.00,872656.00,43633.00,,
2022-08-08,7353034058.00,867577.00,43379.00,,
2022-08-09,7462437135.00,923566.00,46178.00,,
2022-08-10,7778249085.00,871909.00,43595.00,,
2022-08-11,7320949328.00,878319.00,43916.00,,
2022-08-12,8216727289.00,987822.00,49391.00,,
2022-08-13,8281475110.00,958659.00,47933.00,,
2022-08-14,8575456826.00,1017229.00,50861.00,,
2022-08-15,8743865696.00,1018161.00,50908.00,,
2022-08-16,8574273209.00,964563.00,48228.00,,
2022-08-17,8332835790.00,970027.00,48501.00,,
2022-08-18,8346242557.00,948739.00,47437.00,,
2022-08-19,8124104533.00,943195.00,47160.00,,
2022-08-20,8026214614.00,864275.00,43214.00,,
2022-08-21,7177379844.00,833235.00,41662.00,,
2022-08-22,6953288173.00,828678.00,41434.00,,
2022-08-23,7107710810.00,797187.00,39859.00,,
2022-08-24,7136494471.00,816944.00,40847.00,,
2022-08-25,7221021240.00,835484.00,41774.00,,
2022-08-26,7355750573.00,867604.00,43380.00,,
2022-08-27,7412282386.00,816101.00,40805.00,,
2022-08-28,6656172160.00,771216.00,38561.00,,
2022-08-29,6602312335.00,758543.00,37927.00,,
2022-08-30,6321823604.00,735233.00,36762.00,,
2022-08-31,6800958642.00,805605.00,40280.00,,
2022-09-01,6826349841.00,807592.00,40380.00,,
2022-09-02,6788495389.00,797852.00,39893.00,,
2022-09-03,6956941901.00,809466.00,40473.00,,
2022-09-04,6964664592.00,788100.00,39405.00,,
2022-09-05,6890989681.00,793818.00,39691.00,,
2022-09-06,6960908357.00,794522.00,39726.00,,
2022-09-07,7307764880.00,844048.00,42202.00,,
2022-09-08,6779710272.00,705701.00,35285.00,,
2022-09-09,7174881004.00,808903.00,40445.00,,
2022-09-10,7246058695.00,858576.00,42929.00,,
2022-09-11,7577008327.00,870657.00,43533.00,,
2022-09-12,7836801192.00,891607.00,44580.00,,
2022-09-13,7723269787.00,881434.00,44072.00,,
2022-09-14,7600990361.00,879974.00,43999.00,,
2022-09-15,6962239660.00,802223.00,40111.00,,
2022-09-16,7241352891.00,861579.00,43079.00,,
2022-09-17,6543087896.00,1067521.00,53376.00,,
2022-09-18,6407712565.00,897935.00,44897.00,,
2022-09-19,6464727999.00,877214.00,43861.00,,
2022-09-20,5988159357.00,923112.00,46156.00,,
2022-09-21,6100922345.00,878590.00,43929.00,,
2022-09-22,5967551614.00,947433.00,47372.00,,
2022-09-23,5570634133.00,915999.00,45800.00,,
2022-09-24,5954843556.00,860470.00,43023.00,,
2022-09-25,5926674373.00,898955.00,44948.00,,
2022-09-26,5938835079.00,835055.00,41753.00,,
2022-09-27,5875016866.00,890926.00,44546.00,,
2022-09-28,6077935159.00,1022931.00,51147.00,,
2022-09-29,6068803098.00,968585.00,48429.00,,
2022-09-30,6050701284.00,967580.00,48379.00,,
2022-10-01,6054258476.00,997266.00,49863.00,,
2022-10-02,6028799812.00,961144.00,48057.00,,
2022-10-03,5963070844.00,890817.00,44541.00,,
2022-10-04,5827759009.00,910791.00,45540.00,,
2022-10-05,6028385658.00,926982.00,46349.00,,
2022-10-06,6168139745.00,950435.00,47522.00,,
2022-10-07,6208059044.00,1047536.00,52377.00,,
2022-10-08,6187567958.00,929416.00,46471.00,,
2022-10-09,6091152486.00,1036292.00,51815.00,,
2022-10-10,6000948217.00,847129.00,42356.00,,
2022-10-11,6073998879.00,878369.00,43918.00,,
2022-10-12,5865086505.00,914012.00,45701.00,,
2022-10-13,5889584121.00,857672.00,42884.00,,
2022-10-14,5991392050.00,874596.00,43730.00,,
2022-10-15,5897564725.00,1112985.00,55649.00,,
2022-10-16,5933377378.00,865770.00,43289.00,,
2022-10-17,5850489385.00,866603.00,43330.00,,
2022-10-18,5972254990.00,907908.00,45395.00,,
2022-10-19,6110460901.00,1069664.00,53483.00,,
2022-10-20,5979875670.00,977962.00,48898.00,,
2022-10-21,5877232360.00,1121835.00,56092.00,,
2022-10-22,5890087141.00,972548.00,48627.00,,
2022-10-23,6009014505.00,1003355.00,50168.00,,
2022-10-24,6038833639.00,894958.00,44748.00,,
2022-10-25,6280910756.00,940628.00,47031.00,,
2022-10-26,6196801225.00,937217.00,46861.00,,
2022-10-27,6810434687.00,1282277.00,64114.00,,
2022-10-28,7254349800.00,1244452.00,62223.00,,
2022-10-29,7113693210.00,1137289.00,56864.00,,
2022-10-30,7268928086.00,1223595.00,61180.00,,
2022-10-31,7609382455.00,1207098.00,60355.00,,
2022-11-01,7501819224.00,1147986.00,57399.00,,
2022-11-02,7474286123.00,1213463.00,60673.00,,
2022-11-03,7591802624.00,1175352.00,58768.00,,
2022-11-04,7384757339.00,1273991.00,63700.00,,
2022-11-05,7411328033.00,1404125.00,70206.00,,
2022-11-06,7958186988.00,1252155.00,62608.00,,
2022-11-07,7887740418.00,1073344.00,53667.00,,
2022-11-08,7624889840.00,1126825.00,56341.00,,
2022-11-09,7594177929.00,1259653.00,62983.00,,
2022-11-10,6399103082.00,0.00,0.00,,
2022-11-11,5468354993.00,2386872.00,119344.00,,
2022-11-12,6214169999.00,0.00,0.00,,
2022-11-13,6133909714.00,2504301.00,125215.00,,
2022-11-14,6035233262.00,1815687.00,90784.00,,
2022-11-15,5804399095.00,1838165.00,91908.00,,
2022-11-16,5978998668.00,1844204.00,92210.00,,
2022-11-17,6031112792.00,1703003.00,85150.00,,
2022-11-18,5882952218.00,952969.00,47648.00,,
2022-11-19,5826362532.00,921581.00,46079.00,,
2022-11-20,5830238013.00,835055.00,41753.00,,
2022-11-21,5888825007.00,901014.00,45051.00,,
2022-11-22,5500653742.00,865656.00,43283.00,,
2022-11-23,5371790230.00,862032.00,43102.00,,
2022-11-24,5496181373.00,1086055.00,54303.00,,
2022-11-25,5722361917.00,841901.00,42095.00,,
2022-11-26,5797427588.00,841240.00,42062.00,,
2022-11-27,5837284788.00,1361894.00,68095.00,,
2022-11-28,5834590243.00,791419.00,39571.00,,
2022-11-29,5805209272.00,861015.00,43051.00,,
2022-11-30,5649099738.00,852754.00,42638.00,,
2022-12-01,6189278062.00,873205.00,43660.00,,
2022-12-02,6275577816.00,894914.00,44746.00,,
2022-12-03,6226843844.00,960362.00,48018.00,,
2022-12-04,6261320348.00,848654.00,42433.00,,
2022-12-05,6076854257.00,837971.00,41899.00,,
2022-12-06,6278000898.00,842571.00,42129.00,,
2022-12-07,6143950848.00,830365.00,41518.00,,
2022-12-08,6160919509.00,846078.00,42304.00,,
2022-12-09,5991080970.00,918175.00,45909.00,,
2022-12-10,6203167461.00,897892.00,44895.00,,
2022-12-11,6146347601.00,834401.00,41720.00,,
2022-12-12,6166249166.00,782381.00,39119.00,,
2022-12-13,6109663500.00,866256.00,43313.00,,
2022-12-14,6190291737.00,906681.00,45334.00,,
2022-12-15,6449735465.00,955686.00,47784.00,,
2022-12-16,6372157606.00,896965.00,44848.00,,
2022-12-17,6208809734.00,896744.00,44837.00,,
2022-12-18,5725216905.00,938158.00,46908.00,,
2022-12-19,5791000792.00,797026.00,39851.00,,
2022-12-20,5813017465.00,761671.00,38084.00,,
2022-12-21,5726797913.00,865433.00,43272.00,,
2022-12-22,5909156016.00,810663.00,40533.00,,
2022-12-23,5954880389.00,864935.00,43247.00,,
2022-12-24,5957193084.00,970171.00,48509.00,,
2022-12-25,5979812531.00,780727.00,39036.00,,
2022-12-26,5985090951.00,733011.00,36651.00,,
2022-12-27,5968719080.00,800721.00,40036.00,,
2022-12-28,6002289008.00,797361.00,39868.00,,
2022-12-29,5929278814.00,807396.00,40370.00,,
2022-12-30,5848598663.00,776509.00,38825.00,,
2022-12-31,5888326526.00,769979.00,38499.00,,
2023-01-01,5877772406.00,793564.00,39678.00,,
2023-01-02,5865784383.00,758077.00,37904.00,,
2023-01-03,5877675394.00,795835.00,39792.00,,
2023-01-04,5978870818.00,828234.00,41412.00,,
2023-01-05,5971446273.00,900141.00,45007.00,,
2023-01-06,6177010336.00,1024031.00,51202.00,,
2023-01-07,6178432119.00,827999.00,41400.00,,
2023-01-08,6251891607.00,847520.00,42376.00,,
2023-01-09,6216768015.00,800582.00,40029.00,,
2023-01-10,6367278290.00,1033202.00,51660.00,,
2023-01-11,6540307659.00,931075.00,46554.00,,
2023-01-12,6607654982.00,884916.00,44246.00,,
2023-01-13,6957810563.00,1103419.00,55171.00,,
2023-01-14,6965692285.00,1157416.00,57871.00,,
2023-01-15,7632798212.00,1371170.00,68559.00,,
2023-01-16,7586496588.00,1097268.00,54863.00,,
2023-01-17,7673741330.00,1164209.00,58210.00,,
2023-01-18,7780131820.00,1180479.00,59024.00,,
2023-01-19,7809191232.00,1140250.00,57012.00,,
2023-01-20,7542156346.00,1255208.00,62760.00,,
2023-01-21,7736681153.00,1044147.00,52207.00,,
2023-01-22,8274947307.00,1312192.00,65610.00,,
2023-01-23,8178015434.00,1124188.00,56209.00,,
2023-01-24,8196166621.00,1139365.00,56968.00,,
2023-01-25,8257377782.00,1257474.00,62874.00,,
2023-01-26,7860942579.00,1286380.00,64319.00,,
2023-01-27,8214929842.00,1242482.00,62124.00,,
2023-01-28,8105353129.00,1373261.00,68663.00,,
2023-01-29,8170358688.00,1123123.00,56156.00,,
2023-01-30,8090291824.00,1100117.00,55006.00,,
2023-01-31,8397851251.00,1128348.00,56417.00,,
2023-02-01,8022423607.00,1162231.00,58112.00,,
2023-02-02,8115827973.00,1146709.00,57335.00,,
2023-02-03,8617130977.00,1318705.00,65935.00,,
2023-02-04,8452819125.00,1254475.00,62724.00,,
2023-02-05,8549030272.00,1280091.00,64005.00,,
2023-02-06,8562793255.00,1185678.00,59284.00,,
2023-02-07,8447541188.00,1155554.00,57778.00,,
2023-02-08,8366392538.00,1263440.00,63172.00,,
2023-02-09,8690052411.00,1328814.00,66441.00,,
2023-02-10,8542928906.00,1365892.00,68295.00,,
2023-02-11,8023060718.00,1227304.00,61365.00,,
2023-02-12,7859431410.00,1126339.00,56317.00,,
2023-02-13,7987098943.00,1057830.00,52891.00,,
2023-02-14,7878311523.00,1154754.00,57738.00,,
2023-02-15,7828716249.00,1117355.00,55868.00,,
2023-02-16,8094204866.00,1606578.00,80329.00,,
2023-02-17,8828021852.00,1397747.00,69887.00,,
2023-02-18,8670649255.00,1317504.00,65875.00,,
2023-02-19,8921567312.00,1452943.00,72647.00,,
2023-02-20,8938626175.00,1337243.00,66862.00,,
2023-02-21,8856689609.00,1322943.00,66147.00,,
2023-02-22,9034278122.00,1339045.00,66952.00,,
2023-02-23,8796116232.00,1390725.00,69536.00,,
2023-02-24,8716993448.00,1312146.00,65607.00,,
2023-02-25,8763753873.00,1238555.00,61928.00,,
2023-02-26,8534063544.00,1184922.00,59246.00,,
2023-02-27,8785443412.00,1122342.00,56117.00,,
2023-02-28,9147403554.00,1132188.00,56609.00,,
2023-03-01,9369689599.00,1291748.00,64587.00,,
2023-03-02,9296825148.00,1276121.00,63806.00,,
2023-03-03,9620593714.00,1378334.00,68917.00,,
2023-03-04,9557902329.00,1426417.00,71321.00,,
2023-03-05,9153048248.00,1215792.00,60790.00,,
2023-03-06,9137117452.00,1207508.00,60375.00,,
2023-03-07,9147314197.00,1167988.00,58399.00,,
2023-03-08,9127026748.00,1350706.00,67535.00,,
2023-03-09,9173596299.00,1270797.00,63540.00,,
2023-03-10,8969852117.00,1229776.00,61489.00,,
2023-03-11,8374692207.00,1329427.00,66471.00,,
2023-03-12,8448997878.00,2493724.00,124686.00,,
2023-03-13,8622372276.00,2557941.00,127897.00,,
2023-03-14,9520656812.00,2248166.00,112408.00,,
2023-03-15,9891676011.00,1629944.00,81497.00,,
2023-03-16,10064792571.00,1619023.00,80951.00,,
2023-03-17,9788876042.00,1570091.00,78505.00,,
2023-03-18,9900397520.00,1836891.00,91845.00,,
2023-03-19,10655292075.00,1477601.00,73880.00,,
2023-03-20,10571024285.00,1353099.00,67655.00,,
2023-03-21,10585485878.00,2719875.00,135994.00,,
2023-03-22,10481967474.00,1488475.00,74424.00,,
2023-03-23,10692277198.00,1367037.00,68352.00,,
2023-03-24,10415577735.00,1459961.00,72998.00,,
2023-03-25,10782514766.00,1453725.00,72686.00,,
2023-03-26,10512456268.00,1304163.00,65208.00,,
2023-03-27,10462997085.00,1308903.00,65445.00,,
2023-03-28,10626234935.00,1434333.00,71717.00,,
2023-03-29,10517427391.00,1650049.00,82502.00,,
2023-03-30,10613089441.00,1461581.00,73079.00,,
2023-03-31,10731866826.00,1552271.00,77614.00,,
2023-04-01,10815594771.00,1347342.00,67367.00,,
2023-04-02,10922627300.00,1447549.00,72377.00,,
2023-04-03,10886658031.00,1274454.00,63723.00,,
2023-04-04,10737547005.00,1335978.00,66799.00,,
2023-04-05,10843923673.00,1512503.00,75625.00,,
2023-04-06,11425885344.00,1502854.00,75143.00,,
2023-04-07,11410804306.00,1394661.00,69733.00,,
2023-04-08,11306862801.00,1402117.00,70106.00,,
2023-04-09,11169270827.00,1319731.00,65987.00,,
2023-04-10,11174909539.00,2876988.00,143849.00,,
2023-04-11,11210286648.00,1319096.00,65955.00,,
2023-04-12,11514657448.00,1533023.00,76651.00,,
2023-04-13,11415894400.00,1477956.00,73898.00,,
2023-04-14,11519570041.00,1439953.00,71998.00,,
2023-04-15,12679153302.00,1929986.00,96499.00,,
2023-04-16,12661382654.00,1756286.00,87814.00,,
2023-04-17,12713971704.00,1491511.00,74576.00,,
2023-04-18,12711652053.00,1754551.00,87728.00,,
2023-04-19,12670156316.00,1905499.00,95275.00,,
2023-04-20,12866240351.00,2204682.00,110234.00,,
2023-04-21,11965670376.00,2116216.00,105811.00,,
2023-04-22,12036087665.00,1885650.00,94282.00,,
2023-04-23,11408312026.00,1599881.00,79994.00,,
2023-04-24,11523294153.00,1663744.00,83187.00,,
2023-04-25,11562133755.00,1617034.00,80852.00,,
2023-04-26,11451796785.00,1651092.00,82555.00,,
2023-04-27,11663921340.00,1622570.00,81128.00,,
2023-04-28,12026426601.00,1784419.00,89221.00,,
2023-04-29,11926934833.00,1725519.00,86276.00,,
2023-04-30,11866400136.00,1604166.00,80208.00,,
2023-05-01,11969869690.00,1644400.00,82220.00,,
2023-05-02,11862722689.00,1975208.00,98760.00,,
2023-05-03,11554574210.00,2165536.00,108277.00,,
2023-05-04,11807514210.00,2119682.00,105984.00,,
2023-05-05,12146280670.00,2136061.00,106803.00,,
2023-05-06,12010112399.00,2248504.00,112425.00,,
2023-05-07,12820678837.00,3095184.00,154759.00,,
2023-05-08,12231194803.00,2603669.00,130183.00,,
2023-05-09,12093641806.00,2773669.00,138683.00,,
2023-05-10,11964929826.00,2313794.00,115690.00,,
2023-05-11,12061916616.00,2268343.00,113417.00,,
2023-05-12,12020341153.00,2601938.00,130097.00,,
2023-05-13,11857648505.00,2540977.00,127049.00,,
2023-05-14,12094459159.00,2003455.00,100173.00,,
2023-05-15,12086630471.00,1717790.00,85890.00,,
2023-05-16,12050111288.00,1747104.00,87355.00,,
2023-05-17,12336485682.00,2176712.00,108836.00,,
2023-05-18,12428309490.00,1725598.00,86280.00,,
2023-05-19,11676220680.00,1853502.00,92675.00,,
2023-05-20,11659889154.00,1932565.00,96628.00,,
2023-05-21,11761640910.00,1637148.00,81857.00,,
2023-05-22,11932759672.00,1613879.00,80694.00,,
2023-05-23,11859851377.00,1695083.00,84754.00,,
2023-05-24,12038781498.00,1898076.00,94904.00,,
2023-05-25,12483581476.00,1842294.00,92115.00,,
2023-05-26,12152063015.00,1838372.00,91919.00,,
2023-05-27,12261662791.00,1851343.00,92567.00,,
2023-05-28,12525164678.00,1918278.00,95914.00,,
2023-05-29,12699895191.00,1614453.00,80723.00,,
2023-05-30,13265641840.00,1987801.00,99390.00,,
2023-05-31,13128479176.00,1865161.00,93258.00,,
2023-06-01,13320264442.00,1844462.00,92223.00,,
2023-06-02,13186075636.00,1755363.00,87768.00,,
2023-06-03,13213209957.00,1925511.00,96276.00,,
2023-06-04,13581630491.00,1681238.00,84062.00,,
2023-06-05,13534596887.00,1592398.00,79620.00,,
2023-06-06,13499806835.00,1620177.00,81009.00,,
2023-06-07,12994647709.00,1672737.00,83637.00,,
2023-06-08,13608689123.00,1667693.00,83385.00,,
2023-06-09,13279517051.00,1602692.00,80135.00,,
2023-06-10,13374801947.00,1645349.00,82267.00,,
2023-06-11,13298497149.00,1801516.00,90076.00,,
2023-06-12,12658806802.00,1365402.00,68270.00,,
2023-06-13,12664068776.00,1424402.00,71220.00,,
2023-06-14,12565609249.00,1462245.00,73112.00,,
2023-06-15,12659197483.00,1396051.00,69803.00,,
2023-06-16,12659197483.00,1465288.00,73264.00,,
2023-06-17,12748691975.00,1381747.00,69087.00,,
2023-06-18,12748691975.00,1521261.00,76063.00,,
2023-06-19,12623114008.00,1454808.00,72740.00,,
2023-06-20,12619107113.00,1343905.00,67195.00,,
2023-06-21,12830378845.00,1525233.00,76262.00,,
2023-06-22,13261343754.00,1595763.00,79788.00,,
2023-06-23,14181059656.00,1743888.00,87194.00,,
2023-06-24,13959826701.00,1685834.00,84292.00,,
2023-06-25,14054834324.00,1601217.00,80061.00,,
2023-06-26,13986640824.00,1527189.00,76359.00,,
2023-06-27,14157655736.00,1513851.00,75693.00,,
2023-06-28,13964783717.00,1590420.00,79521.00,,
2023-06-29,14050708812.00,1707983.00,85399.00,,
2023-06-30,13758006694.00,1704490.00,85224.00,,
2023-07-01,13951078500.00,1869318.00,93466.00,,
2023-07-02,14635473026.00,1910816.00,95541.00,,
2023-07-03,14618052475.00,1603658.00,80183.00,,
2023-07-04,14753808923.00,1729201.00,86460.00,,
2023-07-05,14903732389.00,1759688.00,87984.00,,
2023-07-06,14785171275.00,1645144.00,82257.00,,
2023-07-07,14537272522.00,1778313.00,88916.00,,
2023-07-08,14136026935.00,1760321.00,88016.00,,
2023-07-09,14373006487.00,1748213.00,87411.00,,
2023-07-10,14355126150.00,1636509.00,81825.00,,
2023-07-11,14328936409.00,1646904.00,82345.00,,
2023-07-12,14468614213.00,1758985.00,87949.00,,
2023-07-13,14501856695.00,1666168.00,83308.00,,
2023-07-14,14523842175.00,1708337.00,85417.00,,
2023-07-15,15702768872.00,1975050.00,98753.00,,
2023-07-16,15102160467.00,1721508.00,86075.00,,
2023-07-17,15137251266.00,1711618.00,85581.00,,
2023-07-18,15058473484.00,1832497.00,91625.00,,
2023-07-19,15005023017.00,1735192.00,86760.00,,
2023-07-20,14967740891.00,1798310.00,89916.00,,
2023-07-21,14843258799.00,1884812.00,94241.00,,
2023-07-22,14860776832.00,1857787.00,92889.00,,
2023-07-23,14907017459.00,1810449.00,90522.00,,
2023-07-24,14652662515.00,1687573.00,84379.00,,
2023-07-25,14917151372.00,1805384.00,90269.00,,
2023-07-26,14636086245.00,1825419.00,91271.00,,
2023-07-27,14721066651.00,1823224.00,91161.00,,
2023-07-28,14837123633.00,1832111.00,91606.00,,
2023-07-29,14832020828.00,1798069.00,89903.00,,
2023-07-30,14966842576.00,1922375.00,96119.00,,
2023-07-31,15041003840.00,1603307.00,80165.00,,
2023-08-01,15009087732.00,2564505.00,128225.00,,
2023-08-02,14948825222.00,1725941.00,86297.00,,
2023-08-03,14995249670.00,1833132.00,91657.00,,
2023-08-04,14794566483.00,1816956.00,90848.00,,
2023-08-05,14769826320.00,1702697.00,85135.00,,
2023-08-06,14771520320.00,1715089.00,85754.00,,
2023-08-07,14804465591.00,1636936.00,81847.00,,
2023-08-08,14749835989.00,1677642.00,83882.00,,
2023-08-09,14792749824.00,1777118.00,88856.00,,
2023-08-10,15019361315.00,1767998.00,88400.00,,
2023-08-11,15020386163.00,1764020.00,88201.00,,
2023-08-12,15054618397.00,1748720.00,87436.00,,
2023-08-13,15093337060.00,1690255.00,84513.00,,
2023-08-14,15119680283.00,1639007.00,81950.00,,
2023-08-15,15061323935.00,1675304.00,83765.00,,
2023-08-16,15122349121.00,1796907.00,89845.00,,
2023-08-17,15024942432.00,1855444.00,92772.00,,
2023-08-18,14736689562.00,1801321.00,90066.00,,
2023-08-19,13952101446.00,2236268.00,111813.00,,
2023-08-20,13781757091.00,1608329.00,80416.00,,
2023-08-21,13869936895.00,1537962.00,76898.00,,
2023-08-22,13953283644.00,1612890.00,80645.00,,
2023-08-23,13911579924.00,1601682.00,80084.00,,
2023-08-24,13721661318.00,1623598.00,81180.00,,
2023-08-25,14174833566.00,1664395.00,83220.00,,
2023-08-26,14008061745.00,1655203.00,82760.00,,
2023-08-27,13960004405.00,1593599.00,79680.00,,
2023-08-28,13945644933.00,1465097.00,73255.00,,
2023-08-29,14050995724.00,1590693.00,79535.00,,
2023-08-30,14120269928.00,1792754.00,89638.00,,
2023-08-31,14875506624.00,1831120.00,91556.00,,
2023-09-01,14687616085.00,1626906.00,81345.00,,
2023-09-02,14214115207.00,1610740.00,80537.00,,
2023-09-03,14070700565.00,1456593.00,72830.00,,
2023-09-04,14091118194.00,1382359.00,69118.00,,
2023-09-05,14066324892.00,1497439.00,74872.00,,
2023-09-06,14033622762.00,1567021.00,78351.00,,
2023-09-07,14135866825.00,1691094.00,84555.00,,
2023-09-08,14139557452.00,1658752.00,82938.00,,
2023-09-09,14295779260.00,1572188.00,78609.00,,
2023-09-10,14174578650.00,1648536.00,82427.00,,
2023-09-11,14156014355.00,1469895.00,73495.00,,
2023-09-12,14039589319.00,1476327.00,73816.00,,
2023-09-13,13521924580.00,1791577.00,89579.00,,
2023-09-14,13877754211.00,1594388.00,79719.00,,
2023-09-15,13981684198.00,1506278.00,75314.00,,
2023-09-16,14159981628.00,1579488.00,78974.00,,
2023-09-17,14374482463.00,1528904.00,76445.00,,
2023-09-18,14197370777.00,1434960.00,71748.00,,
2023-09-19,14114247897.00,1531196.00,76560.00,,
2023-09-20,14290920992.00,1634301.00,81715.00,,
2023-09-21,14395790735.00,1645937.00,82297.00,,
2023-09-22,14233920760.00,1597080.00,79854.00,,
2023-09-23,13915328318.00,1539599.00,76980.00,,
2023-09-24,14049287880.00,1438441.00,71922.00,,
2023-09-25,14029510174.00,1462245.00,73112.00,,
2023-09-26,13860335259.00,1405087.00,70254.00,,
2023-09-27,13981409106.00,1625515.00,81276.00,,
2023-09-28,14035074429.00,1587944.00,79397.00,,
2023-09-29,14129637730.00,1540015.00,77001.00,,
2023-09-30,14625611622.00,1575383.00,78769.00,,
2023-10-01,14758254437.00,1584784.00,79239.00,,
2023-10-02,14855335923.00,1531614.00,76581.00,,
2023-10-03,15337824048.00,1718728.00,85936.00,,
2023-10-04,14766535283.00,1769968.00,88498.00,,
2023-10-05,14629015965.00,1631289.00,81564.00,,
2023-10-06,14647885045.00,1515721.00,75786.00,,
2023-10-07,14397217191.00,1466744.00,73337.00,,
2023-10-08,14646932763.00,1462286.00,73114.00,,
2023-10-09,14535946314.00,1437426.00,71871.00,,
2023-10-10,14549809854.00,1373294.00,68665.00,,
2023-10-11,14100544991.00,1403940.00,70197.00,,
2023-10-12,13901118413.00,1400392.00,70020.00,,
2023-10-13,13898495823.00,1405067.00,70253.00,,
2023-10-14,13726279754.00,1437428.00,71871.00,,
2023-10-15,13818388474.00,1419440.00,70972.00,,
2023-10-16,13836524177.00,1321731.00,66087.00,,
2023-10-17,13854541047.00,1436355.00,71818.00,,
2023-10-18,14259747155.00,1678565.00,83928.00,,
2023-10-19,13939930131.00,1889076.00,94454.00,,
2023-10-20,13936871415.00,1439125.00,71956.00,,
2023-10-21,13954548987.00,1629500.00,81475.00,,
2023-10-22,14302646422.00,1601541.00,80077.00,,
2023-10-23,14584836718.00,1477955.00,73898.00,,
2023-10-24,14820927134.00,1565694.00,78285.00,,
2023-10-25,15839864584.00,2050898.00,102545.00,,
2023-10-26,15773371295.00,1728715.00,86436.00,,
2023-10-27,15898100727.00,1929831.00,96492.00,,
2023-10-28,15965292483.00,1831184.00,91559.00,,
2023-10-29,15815256493.00,2094659.00,104733.00,,
2023-10-30,15764172804.00,1631330.00,81567.00,,
2023-10-31,15963129244.00,1689583.00,84479.00,,
2023-11-01,16306961418.00,1905997.00,95300.00,,
2023-11-02,16201928397.00,1858425.00,92921.00,,
2023-11-03,16466391784.00,1932258.00,96613.00,,
2023-11-04,16391026801.00,1722112.00,86106.00,,
2023-11-05,16482794639.00,1801396.00,90070.00,,
2023-11-06,16978112256.00,1761787.00,88089.00,,
2023-11-07,17091136315.00,1912262.00,95613.00,,
2023-11-08,16945073276.00,1882436.00,94122.00,,
2023-11-09,17086595532.00,1974616.00,98731.00,,
2023-11-10,17310832823.00,2023820.00,101191.00,,
2023-11-11,18954686142.00,2617053.00,130853.00,,
2023-11-12,18682568282.00,2170701.00,108535.00,,
2023-11-13,18579274517.00,2065799.00,103290.00,,
2023-11-14,18643119720.00,2132799.00,106640.00,,
2023-11-15,18469180601.00,2405850.00,120292.00,,
2023-11-16,18190306894.00,2219073.00,110954.00,,
2023-11-17,18505458842.00,2139391.00,106970.00,,
2023-11-18,17823214548.00,1923341.00,96167.00,,
2023-11-19,17549241321.00,1952050.00,97602.00,,
2023-11-20,17793180107.00,1810952.00,90548.00,,
2023-11-21,18507484832.00,1955477.00,97774.00,,
2023-11-22,18327786533.00,1962569.00,98128.00,,
2023-11-23,18465548894.00,2266244.00,113312.00,,
2023-11-24,18976798491.00,2262986.00,113149.00,,
2023-11-25,19519463230.00,2080108.00,104005.00,,
2023-11-26,19232545059.00,2047749.00,102387.00,,
2023-11-27,19394338929.00,1943848.00,97192.00,,
2023-11-28,18811997451.00,1997428.00,99871.00,,
2023-11-29,18827650342.00,2087629.00,104381.00,,
2023-11-30,19130877796.00,2312052.00,115603.00,,
2023-12-01,18989258739.00,2226194.00,111310.00,,
2023-12-02,19580790056.00,2296247.00,114812.00,,
2023-12-03,19692269706.00,2218785.00,110939.00,,
2023-12-04,20288333559.00,2119736.00,105987.00,,
2023-12-05,21029960298.00,2364438.00,118222.00,,
2023-12-06,20649515030.00,2493366.00,124668.00,,
2023-12-07,21331001450.00,2603832.00,130192.00,,
2023-12-08,20877082092.00,2531120.00,126556.00,,
2023-12-09,21948528820.00,2694493.00,134725.00,,
2023-12-10,21959468720.00,2576125.00,128806.00,,
2023-12-11,21802994563.00,2224064.00,111203.00,,
2023-12-12,20898098230.00,2376158.00,118808.00,,
2023-12-13,20638101676.00,2491875.00,124594.00,,
2023-12-14,20216591081.00,2250756.00,112538.00,,
2023-12-15,21275160925.00,2332033.00,116602.00,,
2023-12-16,21102822948.00,2597979.00,129899.00,,
2023-12-17,20835168526.00,2378700.00,118935.00,,
2023-12-18,20548834635.00,2431109.00,121555.00,,
2023-12-19,19715918971.00,2136866.00,106843.00,,
2023-12-20,20953205333.00,2314477.00,115724.00,,
2023-12-21,20414245225.00,2305202.00,115260.00,,
2023-12-22,20595670089.00,2665755.00,133288.00,,
2023-12-23,21300697580.00,2323191.00,116160.00,,
2023-12-24,21231078538.00,2275494.00,113775.00,,
2023-12-25,21179534179.00,2163353.00,108168.00,,
2023-12-26,20854931920.00,2287537.00,114377.00,,
2023-12-27,20420437750.00,2049496.00,102475.00,,
2023-12-28,20614965165.00,2212632.00,110632.00,,
2023-12-29,22087788382.00,2603176.00,130159.00,,
2023-12-30,21803585147.00,2437719.00,121886.00,,
2023-12-31,21143871129.00,2103043.00,105152.00,,
2024-01-01,21439380980.00,2089152.00,104458.00,,
2024-01-02,21373948242.00,2037870.00,101893.00,,
2024-01-03,22389928473.00,2202675.00,110134.00,,
2024-01-04,22162193305.00,2083192.00,104160.00,,
2024-01-05,20638462604.00,3309040.00,165452.00,,
2024-01-06,21029057517.00,2201520.00,110076.00,,
2024-01-07,20820181419.00,2057396.00,102870.00,,
2024-01-08,20804825994.00,1974820.00,98741.00,,
2024-01-09,20691353367.00,2145347.00,107267.00,,
2024-01-10,21239757026.00,2274371.00,113719.00,,
2024-01-11,22623810399.00,2723695.00,136185.00,,
2024-01-12,24775778019.00,2967800.00,148390.00,,
2024-01-13,24609756907.00,2539263.00,126963.00,,
2024-01-14,23715374940.00,2522830.00,126142.00,,
2024-01-15,23949880390.00,2434403.00,121720.00,,
2024-01-16,23775704642.00,2434477.00,121724.00,,
2024-01-17,23768163948.00,2616888.00,130844.00,,
2024-01-18,23767514937.00,2579732.00,128987.00,,
2024-01-19,23657190172.00,2480302.00,124015.00,,
2024-01-20,23372917350.00,3219221.00,160961.00,,
2024-01-21,23175971359.00,2369598.00,118480.00,,
2024-01-22,23235261397.00,2234089.00,111704.00,,
2024-01-23,22361621728.00,2152002.00,107600.00,,
2024-01-24,20961483686.00,2394412.00,119721.00,,
2024-01-25,21199716485.00,2082679.00,104134.00,,
2024-01-26,20905164760.00,2143289.00,107164.00,,
2024-01-27,21239365069.00,2320233.00,116012.00,,
2024-01-28,21326349338.00,2304557.00,115228.00,,
2024-01-29,21600788468.00,2145656.00,107283.00,,
2024-01-30,21408839842.00,2065533.00,103277.00,,
2024-01-31,21865158723.00,2245873.00,112294.00,,
2024-02-01,21691562309.00,2303955.00,115198.00,,
2024-02-02,21495539729.00,2271762.00,113588.00,,
2024-02-03,22017698740.00,2233177.00,111659.00,,
2024-02-04,22062151002.00,2329269.00,116463.00,,
2024-02-05,21969031353.00,2053383.00,102669.00,,
2024-02-06,22201593586.00,2047586.00,102379.00,,
2024-02-07,22222462618.00,2223136.00,111157.00,,
2024-02-08,22570978126.00,2347936.00,117397.00,,
2024-02-09,23272659130.00,2663015.00,133151.00,,
2024-02-10,23819885882.00,2848652.00,142433.00,,
2024-02-11,23970134012.00,2642478.00,132124.00,,
2024-02-12,24363525270.00,2468728.00,123436.00,,
2024-02-13,24000159813.00,2440535.00,122027.00,,
2024-02-14,25695718025.00,3370787.00,168539.00,,
2024-02-15,26681482527.00,2888786.00,144439.00,,
2024-02-16,27309904622.00,2710617.00,135531.00,,
2024-02-17,27729975845.00,3169903.00,158495.00,,
2024-02-18,27250752381.00,2587354.00,129368.00,,
2024-02-19,27592849919.00,2604941.00,130247.00,,
2024-02-20,28590904790.00,2831175.00,141559.00,,
2024-02-21,28596157764.00,2950349.00,147517.00,,
2024-02-22,28573359818.00,3004170.00,150208.00,,
2024-02-23,29255801847.00,3091607.00,154580.00,,
2024-02-24,29083209519.00,2991594.00,149580.00,,
2024-02-25,29352938741.00,3060097.00,153005.00,,
2024-02-26,29765721779.00,2848733.00,142437.00,,
2024-02-27,30192952043.00,2952269.00,147613.00,,
2024-02-28,32151806830.00,3371341.00,168567.00,,
2024-02-29,32956243612.00,3374285.00,168714.00,,
2024-03-01,34471170343.00,3837384.00,191869.00,,
2024-03-02,33856353045.00,3409813.00,170491.00,,
2024-03-03,33676062555.00,3564758.00,178238.00,,
2024-03-04,33654309879.00,3377972.00,168899.00,,
2024-03-05,34579559522.00,3620978.00,181049.00,,
2024-03-06,36890064680.00,4321295.00,216065.00,,
2024-03-07,38029548131.00,4787319.00,239366.00,,
2024-03-08,37566475300.00,4391651.00,219583.00,,
2024-03-09,38973097399.00,4166741.00,208337.00,,
2024-03-10,38782184813.00,4129223.00,206461.00,,
2024-03-11,39075696233.00,4015850.00,200792.00,,
2024-03-12,39894470648.00,4334897.00,216745.00,,
2024-03-13,39773410851.00,4390262.00,219513.00,,
2024-03-14,40166366166.00,4410168.00,220508.00,,
2024-03-15,39113924177.00,4035492.00,201775.00,,
2024-03-16,38410537211.00,4062852.00,203143.00,,
2024-03-17,37222495938.00,3499182.00,174959.00,,
2024-03-18,34871200857.00,3522383.00,176119.00,,
2024-03-19,35583205198.00,3315345.00,165767.00,,
2024-03-20,34584367357.00,3817791.00,190890.00,,
2024-03-21,31341635834.00,3377489.00,168874.00,,
2024-03-22,34655417262.00,3568180.00,178409.00,,
2024-03-23,34386569238.00,3247237.00,162362.00,,
2024-03-24,32672576578.00,3301671.00,165084.00,,
2024-03-25,32895477965.00,2991970.00,149599.00,,
2024-03-26,33742922378.00,3122625.00,156131.00,,
2024-03-27,35168489397.00,3710598.00,185530.00,,
2024-03-28,34998655460.00,3433290.00,171665.00,,
2024-03-29,34115167499.00,3355392.00,167770.00,,
2024-03-30,34731970105.00,3444236.00,172212.00,,
2024-03-31,34225204264.00,3266487.00,163324.00,,
2024-04-01,34146351588.00,3263232.00,163162.00,,
2024-04-02,35364279318.00,3178528.00,158926.00,,
2024-04-03,33911638933.00,3253688.00,162684.00,,
2024-04-04,31435308653.00,3257798.00,162890.00,,
2024-04-05,31799605014.00,3273916.00,163696.00,,
2024-04-06,31787123597.00,3281309.00,164065.00,,
2024-04-07,31916194901.00,3192263.00,159613.00,,
2024-04-08,32201264034.00,2983464.00,149173.00,,
2024-04-09,32677916889.00,3315604.00,165780.00,,
2024-04-10,35316854023.00,3336063.00,166803.00,,
2024-04-11,33534602536.00,3299877.00,164994.00,,
2024-04-12,33254541423.00,3435511.00,171776.00,,
2024-04-13,33152124654.00,3176239.00,158812.00,,
2024-04-14,30431414219.00,4029085.00,201454.00,,
2024-04-15,27656598384.00,3832809.00,191640.00,,
2024-04-16,28846473466.00,2822405.00,141120.00,,
2024-04-17,29239640244.00,3091835.00,154592.00,,
2024-04-18,29084866926.00,2750197.00,137510.00,,
2024-04-19,28207455597.00,2717524.00,135876.00,,
2024-04-20,28789243984.00,2870560.00,143528.00,,
2024-04-21,28976699752.00,2747113.00,137218.00,,
2024-04-22,29539456458.00,2644424.00,132089.00,,
2024-04-23,29530677241.00,2771626.00,138443.00,,
2024-04-24,30154858878.00,2792104.00,139465.00,,
2024-04-25,30048783130.00,3477531.00,173703.00,,
2024-04-26,29490952687.00,2931317.00,146419.00,,
2024-04-27,29790195286.00,2720281.00,135878.00,,
2024-04-28,29421686981.00,2676114.00,133672.00,,
2024-04-29,30448779049.00,2740181.00,136872.00,,
2024-04-30,30960637333.00,2717390.00,135734.00,,
2024-05-01,30141577695.00,2599289.00,129834.00,,
2024-05-02,28106092971.00,2750694.00,137397.00,,
2024-05-03,27843013292.00,2636873.00,131712.00,,
2024-05-04,28111786878.00,2485673.00,124159.00,,
2024-05-05,29186307371.00,2681212.00,133926.00,,
2024-05-06,29243052623.00,2524600.00,126104.00,,
2024-05-07,29434973139.00,2586608.00,129201.00,,
2024-05-08,28976851756.00,2544376.00,127091.00,,
2024-05-09,28606102207.00,2514969.00,125623.00,,
2024-05-10,27916439525.00,2466761.00,123215.00,,
2024-05-11,28391470109.00,2535067.00,126626.00,,
2024-05-12,27315884494.00,2392665.00,119513.00,,
2024-05-13,27438816479.00,2343780.00,117072.00,,
2024-05-14,27536833000.00,2439186.00,121837.00,,
2024-05-15,27740589299.00,2553208.00,127533.00,,
2024-05-16,27161347277.00,2471146.00,123434.00,,
2024-05-17,28324665695.00,2579430.00,128842.00,,
2024-05-18,27523743823.00,2507869.00,125268.00,,
2024-05-19,29018415379.00,2477693.00,123761.00,,
2024-05-20,29266218398.00,2471425.00,123448.00,,
2024-05-21,28712603282.00,2524504.00,126099.00,,
2024-05-22,34106380391.00,4195176.00,209549.00,,
2024-05-23,35311622169.00,3341937.00,166930.00,,
2024-05-24,35111299740.00,3550557.00,177350.00,,
2024-05-25,35548518516.00,4443487.00,221952.00,,
2024-05-26,34845958155.00,3180488.00,158865.00,,
2024-05-27,34907968628.00,3179817.00,158832.00,,
2024-05-28,35835746945.00,3414967.00,170577.00,,
2024-05-29,36270152684.00,3546203.00,177133.00,,
2024-05-30,36507655562.00,3466038.00,173128.00,,
2024-05-31,35985925689.00,3490662.00,174358.00,,
2024-06-01,35709394441.00,3601268.00,179883.00,,
2024-06-02,36003173962.00,3422959.00,170977.00,,
2024-06-03,36297562606.00,3459465.00,172800.00,,
2024-06-04,36000901646.00,3591160.00,179378.00,,
2024-06-05,35944065900.00,3457009.00,172677.00,,
2024-06-06,36399082679.00,3584519.00,179047.00,,
2024-06-07,36727843961.00,3894365.00,194523.00,,
2024-06-08,36299693986.00,3743783.00,187002.00,,
2024-06-09,35202933184.00,3535614.00,176604.00,,
2024-06-10,34953965915.00,3250510.00,162363.00,,
2024-06-11,35597308815.00,3425218.00,171089.00,,
2024-06-12,35008046698.00,3632949.00,181466.00,,
2024-06-13,33350658525.00,3336826.00,166674.00,,
2024-06-14,33956429886.00,3716688.00,185648.00,,
2024-06-15,33186313631.00,3134105.00,156548.00,,
2024-06-16,33197893407.00,3208103.00,160245.00,,
2024-06-17,34047373923.00,3045949.00,152145.00,,
2024-06-18,34358500125.00,3003479.00,150024.00,,
2024-06-19,33685640195.00,3134634.00,156575.00,,
2024-06-20,33215741714.00,3071213.00,153407.00,,
2024-06-21,34005128053.00,3241634.00,161919.00,,
2024-06-22,33721466506.00,3031530.00,151425.00,,
2024-06-23,33786598870.00,2937530.00,146729.00,,
2024-06-24,33733516672.00,3012085.00,150453.00,,
2024-06-25,33064859052.00,2923053.00,146006.00,,
2024-06-26,32297108455.00,3014580.00,150578.00,,
2024-06-27,33031318275.00,2943128.00,147009.00,,
2024-06-28,32836414989.00,2996896.00,149695.00,,
2024-06-29,33525241598.00,3192253.00,159453.00,,
2024-06-30,32927498439.00,2829840.00,141350.00,,
2024-07-01,32933751631.00,2780060.00,138864.00,,
2024-07-02,33255412787.00,3044320.00,152064.00,,
2024-07-03,33728112518.00,3002061.00,149953.00,,
2024-07-04,33291882493.00,2948832.00,147294.00,,
2024-07-05,32206182988.00,3154887.00,157586.00,,
2024-07-06,30723000488.00,3559784.00,177811.00,,
2024-07-07,29175642844.00,2694499.00,134590.00,,
2024-07-08,29926773319.00,2500577.00,124904.00,,
2024-07-09,28797598786.00,2613209.00,130530.00,,
2024-07-10,29446677384.00,2705124.00,135121.00,,
2024-07-11,29788094413.00,2793088.00,139515.00,,
2024-07-12,30165920472.00,2789850.00,139353.00,,
2024-07-13,30323918209.00,2763697.00,138047.00,,
2024-07-14,30335958554.00,2698431.00,134787.00,,
2024-07-15,30775544799.00,2747807.00,137253.00,,
2024-07-16,31658633094.00,2874905.00,143601.00,,
2024-07-17,33398502676.00,3099876.00,154839.00,,
2024-07-18,33547335618.00,3211458.00,160412.00,,
2024-07-19,33330916037.00,3417242.00,170691.00,,
2024-07-20,33412716758.00,3169112.00,158297.00,,
2024-07-21,34395495449.00,2986805.00,149191.00,,
2024-07-22,34434622621.00,2946340.00,147170.00,,
2024-07-23,34629528389.00,3248596.00,162267.00,,
2024-07-24,33947676179.00,3139657.00,156826.00,,
2024-07-25,34166282741.00,3054858.00,152590.00,,
2024-07-26,32851219268.00,2841498.00,141933.00,,
2024-07-27,31189537200.00,2841639.00,141940.00,,
2024-07-28,32248611433.00,2765093.00,138116.00,,
2024-07-29,32290918843.00,2937242.00,146715.00,,
2024-07-30,32113582815.00,2825701.00,141144.00,,
2024-07-31,33055789526.00,2897456.00,144728.00,,
2024-08-01,32360387368.00,2972901.00,148496.00,,
2024-08-02,31759335121.00,2892026.00,144457.00,,
2024-08-03,31285526869.00,2832169.00,141467.00,,
2024-08-04,29633810158.00,2717483.00,135738.00,,
2024-08-05,28671795988.00,2543181.00,127032.00,,
2024-08-06,26864536013.00,6641278.00,331731.00,,
2024-08-07,23928717169.00,2608234.00,130281.00,,
2024-08-08,24478105509.00,2214421.00,110610.00,,
2024-08-09,23065549671.00,2228564.00,111317.00,,
2024-08-10,25313848539.00,2400373.00,119899.00,,
2024-08-11,25528755542.00,2285586.00,114165.00,,
2024-08-12,25615018971.00,2158553.00,107820.00,,
2024-08-13,25156632780.00,2358934.00,117829.00,,
2024-08-14,26343873223.00,2370673.00,118415.00,,
2024-08-15,26731002069.00,2420958.00,120927.00,,
2024-08-16,26208793587.00,2352847.00,117525.00,,
2024-08-17,25253278667.00,2267986.00,113286.00,,
2024-08-18,25659832877.00,2127255.00,106256.00,,
2024-08-19,25678331711.00,2181205.00,108951.00,,
2024-08-20,26096339670.00,2140967.00,106941.00,,
2024-08-21,25771239215.00,2264331.00,113103.00,,
2024-08-22,25483913610.00,2139622.00,106874.00,,
2024-08-23,26011559234.00,2317961.00,115782.00,,
2024-08-24,25836294001.00,2167951.00,108289.00,,
2024-08-25,27419587357.00,2322110.00,115989.00,,
2024-08-26,27028886242.00,2226452.00,111211.00,,
2024-08-27,27273823637.00,2215121.00,110645.00,,
2024-08-28,26423834824.00,2169425.00,108363.00,,
2024-08-29,23986438395.00,2341830.00,116974.00,,
2024-08-30,24817962962.00,2102861.00,105038.00,,
2024-08-31,24794890429.00,2154370.00,107395.00,,
2024-09-01,24809519821.00,2019710.00,100682.00,,
2024-09-02,24738657426.00,1972981.00,98353.00,,
2024-09-03,23796670701.00,2064945.00,102937.00,,
2024-09-04,25031175169.00,2223996.00,110866.00,,
2024-09-05,24157217263.00,2080090.00,103692.00,,
2024-09-06,24266617812.00,2141533.00,106755.00,,
2024-09-07,23335281529.00,2087877.00,104080.00,,
2024-09-08,21792695355.00,2683922.00,133793.00,,
2024-09-09,22282659954.00,1883420.00,93888.00,,
2024-09-10,22780109140.00,1989919.00,99197.00,,
2024-09-11,23232076486.00,2107807.00,105074.00,,
2024-09-12,23382501236.00,2083263.00,103850.00,,
2024-09-13,22987148148.00,2022189.00,100806.00,,
2024-09-14,23012754762.00,2010177.00,100207.00,,
2024-09-15,23983464337.00,2050644.00,102224.00,,
2024-09-16,23650990812.00,2007870.00,100092.00,,
2024-09-17,22973435505.00,2162091.00,107780.00,,
2024-09-18,22394237084.00,2014103.00,100403.00,,
2024-09-19,22966378279.00,2118084.00,105586.00,,
2024-09-20,22977005056.00,2351852.00,117239.00,,
2024-09-21,24024139607.00,2472877.00,123273.00,,
2024-09-22,24885407032.00,2501887.00,124719.00,,
2024-09-23,25039488709.00,2428525.00,121062.00,,
2024-09-24,24806398390.00,2498823.00,124566.00,,
2024-09-25,25931134151.00,2516027.00,125424.00,,
2024-09-26,26059716938.00,2468096.00,123034.00,,
2024-09-27,25272383218.00,2445733.00,121919.00,,
2024-09-28,26028702714.00,2547362.00,126986.00,,
2024-09-29,26491533877.00,2349002.00,117097.00,,
2024-09-30,26225790628.00,2267464.00,113033.00,,
2024-10-01,26122497002.00,2319044.00,115604.00,,
2024-10-02,25647883490.00,2373072.00,118297.00,,
2024-10-03,24283825320.00,2243715.00,111849.00,,
2024-10-04,23274742851.00,2116675.00,105516.00,,
2024-10-05,23058641619.00,2092062.00,104289.00,,
2024-10-06,23804764998.00,2077039.00,103540.00,,
2024-10-07,23715639000.00,2156364.00,107494.00,,
2024-10-08,23897295453.00,2202860.00,109812.00,,
2024-10-09,23956659285.00,2396342.00,119457.00,,
2024-10-10,23890849699.00,2467131.00,122986.00,,
2024-10-11,23130595568.00,2232584.00,111294.00,,
2024-10-12,23172178694.00,2260522.00,112460.00,,
2024-10-13,23864849038.00,2220241.00,110456.00,,
2024-10-14,24175295704.00,2251529.00,112013.00,,
2024-10-15,24092024196.00,2404771.00,119637.00,,
2024-10-16,25625912286.00,2365294.00,117673.00,,
2024-10-17,25339074029.00,2360895.00,117454.00,,
2024-10-18,25630602256.00,2292921.00,114072.00,,
2024-10-19,25460127241.00,2314398.00,115141.00,,
2024-10-20,25830888848.00,2251764.00,112025.00,,
2024-10-21,25837402801.00,2222179.00,110553.00,,
2024-10-22,26721674456.00,2255094.00,112190.00,,
2024-10-23,26097700542.00,2291210.00,113987.00,,
2024-10-24,25743720229.00,2237574.00,111319.00,,
2024-10-25,24469936797.00,2208278.00,109861.00,,
2024-10-26,24843997806.00,2233728.00,111127.00,,
2024-10-27,24266901522.00,2132960.00,105901.00,,
2024-10-28,24256230372.00,2060612.00,102309.00,,
2024-10-29,24531759741.00,2072535.00,102901.00,,
2024-10-30,25074321946.00,2295364.00,113964.00,,
2024-10-31,25697403370.00,2357242.00,117036.00,,
2024-11-01,26066656377.00,2273407.00,112874.00,,
2024-11-02,24604977179.00,2373771.00,117857.00,,
2024-11-03,24580968604.00,2103672.00,104447.00,,
2024-11-04,24306081312.00,2087326.00,103635.00,,
2024-11-05,24040506684.00,2097535.00,104142.00,,
2024-11-06,23364394755.00,2119125.00,105214.00,,
2024-11-07,23709038611.00,2524166.00,125324.00,,
2024-11-08,26695560093.00,2499183.00,123833.00,,
2024-11-09,28244683207.00,2634967.00,130561.00,,
2024-11-10,29048499088.00,2805918.00,139032.00,,
2024-11-11,30649483970.00,2780343.00,137765.00,,
2024-11-12,31311407693.00,2892580.00,143326.00,,
2024-11-13,32779761208.00,3378985.00,167427.00,,
2024-11-14,32174168690.00,2969703.00,147147.00,,
2024-11-15,31340772806.00,3332237.00,165111.00,,
2024-11-16,30073599744.00,2978842.00,147600.00,,
2024-11-17,30380966978.00,2883330.00,142868.00,,
2024-11-18,30826322141.00,2700584.00,133813.00,,
2024-11-19,30122126036.00,2648233.00,131219.00,,
2024-11-20,31032297183.00,2825113.00,139983.00,,
2024-11-21,30515873075.00,2784444.00,137968.00,,
2024-11-22,30115257205.00,2873037.00,142358.00,,
2024-11-23,33045145729.00,3025534.00,149914.00,,
2024-11-24,32637781508.00,2979455.00,147631.00,,
2024-11-25,33404283056.00,2999853.00,148641.00,,
2024-11-26,32891432832.00,3017415.00,149512.00,,
2024-11-27,33300288971.00,2967927.00,147059.00,,
2024-11-28,32625423209.00,3038755.00,150569.00,,
2024-11-29,36008302091.00,3151157.00,156138.00,,
2024-11-30,35270700663.00,3008270.00,149058.00,,
2024-12-01,35345326398.00,3061627.00,151702.00,,
2024-12-02,36656161747.00,3081314.00,152369.00,,
2024-12-03,36693035529.00,3164048.00,156460.00,,
2024-12-04,35723030177.00,3362682.00,166283.00,,
2024-12-05,35724961964.00,3498164.00,172982.00,,
2024-12-06,37877726009.00,3522600.00,174191.00,,
2024-12-07,37590949522.00,3871740.00,191455.00,,
2024-12-08,39296828174.00,3465452.00,171365.00,,
2024-12-09,39389918530.00,3301751.00,163270.00,,
2024-12-10,39485468735.00,3293445.00,162859.00,,
2024-12-11,36553397407.00,3811041.00,188454.00,,
2024-12-12,35921462926.00,3377487.00,167015.00,,
2024-12-13,37893350514.00,3403653.00,168309.00,,
2024-12-14,38111406555.00,3362476.00,166273.00,,
2024-12-15,38383561942.00,3242144.00,160322.00,,
2024-12-16,37936189998.00,3184708.00,157482.00,,
2024-12-17,38185981171.00,3290423.00,162710.00,,
2024-12-18,39145886404.00,3395318.00,167897.00,,
2024-12-19,37926226560.00,3296922.00,163031.00,,
2024-12-20,35849196825.00,3262012.00,161305.00,,
2024-12-21,33538481237.00,3125518.00,154555.00,,
2024-12-22,33933080037.00,2914700.00,144130.00,,
2024-12-23,32424583619.00,2789514.00,137940.00,,
2024-12-24,31930188766.00,2771819.00,137065.00,,
2024-12-25,33368141028.00,2823232.00,139607.00,,
2024-12-26,33973999131.00,2783655.00,137650.00,,
2024-12-27,33775372131.00,2721165.00,134288.00,,
2024-12-28,32131545612.00,2828193.00,139569.00,,
2024-12-29,32105636156.00,2719911.00,134226.00,,
2024-12-30,32902105888.00,2730701.00,134758.00,,
2024-12-31,32449251404.00,2763362.00,136370.00,,
2025-01-01,32519760519.00,2943202.00,145245.00,,
2025-01-02,32205543613.00,2782446.00,137312.00,,
2025-01-03,32448919351.00,3039394.00,149992.00,,
2025-01-04,33281495401.00,2936752.00,144927.00,,
2025-01-05,34862579908.00,3032789.00,149666.00,,
2025-01-06,35310944583.00,2972773.00,146704.00,,
2025-01-07,35195997570.00,3044527.00,150245.00,,
2025-01-08,35553060974.00,3118835.00,153912.00,,
2025-01-09,32636977298.00,2951854.00,145672.00,,
2025-01-10,32079352802.00,2829180.00,139618.00,,
2025-01-11,30977410323.00,2826011.00,139462.00,,
2025-01-12,31467526279.00,2639212.00,130243.00,,
2025-01-13,31648363733.00,2562113.00,126439.00,,
2025-01-14,31165002463.00,2778687.00,137126.00,,
2025-01-15,30120490969.00,2781367.00,137259.00,,
2025-01-16,31079806687.00,2664812.00,131507.00,,
2025-01-17,33036360580.00,2839953.00,140150.00,,
2025-01-18,31794137280.00,2888730.00,142557.00,,
2025-01-19,33480781149.00,2852330.00,140761.00,,
2025-01-20,31545077591.00,2901055.00,143165.00,,
2025-01-21,30853578523.00,3316122.00,163648.00,,
2025-01-22,31507679289.00,3305234.00,163111.00,,
2025-01-23,31883899272.00,2798433.00,138101.00,,
2025-01-24,31060369403.00,2631215.00,129849.00,,
2025-01-25,31962017436.00,4134202.00,204020.00,,
2025-01-26,31634574220.00,2683498.00,132429.00,,
2025-01-27,31919422812.00,2620183.00,129304.00,,
2025-01-28,31229856805.00,2719423.00,134202.00,,
2025-01-29,30247394377.00,2618399.00,129216.00,,
2025-01-30,29346346812.00,2510531.00,123893.00,,
2025-01-31,29826852785.00,2664271.00,131480.00,,
2025-02-01,30867377610.00,2689224.00,132711.00,,
2025-02-02,31354907312.00,2632246.00,129900.00,,
2025-02-03,29627454957.00,2436370.00,120233.00,,
2025-02-04,26681941000.00,8872446.00,437849.00,,
2025-02-05,27138226613.00,2634359.00,130004.00,,
2025-02-06,25926745906.00,2432377.00,120036.00,,
2025-02-07,26419882854.00,2251181.00,111094.00,,
2025-02-08,25427211850.00,2292295.00,113123.00,,
2025-02-09,25078376937.00,2121727.00,104706.00,,
2025-02-10,24927919212.00,2050097.00,101171.00,,
2025-02-11,24981679224.00,2141711.00,105692.00,,
2025-02-12,25048852502.00,2150244.00,106113.00,,
2025-02-13,24500683648.00,2075193.00,102409.00,,
2025-02-14,25690424588.00,2245480.00,110813.00,,
2025-02-15,25201734618.00,2187465.00,107950.00,,
2025-02-16,25570912385.00,2078153.00,102556.00,,
2025-02-17,25325713682.00,2052358.00,101283.00,,
2025-02-18,25049285865.00,2179651.00,107564.00,,
2025-02-19,25630798912.00,2265615.00,111807.00,,
2025-02-20,25152989716.00,2169033.00,107040.00,,
2025-02-21,25571162213.00,2135925.00,105406.00,,
2025-02-22,25848531668.00,2187659.00,107960.00,,
2025-02-23,25084769060.00,2360168.00,116473.00,,
2025-02-24,26044117218.00,2183925.00,107775.00,,
2025-02-25,26661829084.00,2147926.00,105999.00,,
2025-02-26,23571649957.00,2849201.00,140606.00,,
2025-02-27,23391616117.00,2081777.00,102734.00,,
2025-02-28,21896492505.00,2101479.00,103707.00,,
2025-03-01,21637428528.00,2481452.00,122458.00,,
2025-03-02,20925003105.00,1773621.00,87527.00,,
2025-03-03,20898469215.00,1737861.00,85762.00,,
2025-03-04,23624236934.00,2234416.00,110267.00,,
2025-03-05,20290133754.00,2150195.00,106111.00,,
2025-03-06,20306332184.00,1971789.00,97306.00,,
2025-03-07,21252454407.00,1851661.00,91378.00,,
2025-03-08,20044381079.00,1899661.00,93747.00,,
2025-03-09,19971771916.00,1802355.00,88945.00,,
2025-03-10,20590046352.00,1650938.00,81307.00,,
2025-03-11,18994852078.00,1837195.00,90480.00,,
2025-03-12,17550933967.00,2621793.00,129121.00,,
2025-03-13,17956725487.00,1953073.00,96187.00,,
2025-03-14,17855783042.00,1526395.00,75174.00,,
2025-03-15,17457347491.00,1518305.00,74775.00,,
2025-03-16,17913617805.00,1517919.00,74756.00,,
2025-03-17,18107934626.00,1438503.00,70845.00,,
2025-03-18,17694862441.00,1447528.00,71290.00,,
2025-03-19,17940217823.00,1493564.00,73557.00,,
2025-03-20,18035671359.00,1636376.00,80590.00,,
2025-03-21,19225032625.00,1656273.00,81570.00,,
2025-03-22,18599161419.00,1533488.00,75523.00,,
2025-03-23,18368907425.00,1510893.00,74410.00,,
2025-03-24,18497386089.00,1516689.00,74696.00,,
2025-03-25,18790164072.00,1589574.00,78285.00,,
2025-03-26,19561977868.00,1591161.00,78204.00,,
2025-03-27,19320477240.00,1575461.00,77433.00,,
2025-03-28,19009551468.00,1576977.00,77507.00,,
2025-03-29,18735696520.00,1626677.00,79950.00,,
2025-03-30,17876625208.00,1486042.00,73038.00,,
2025-03-31,17117355083.00,1447804.00,71158.00,,
2025-04-01,16901782336.00,1422262.00,69761.00,,
2025-04-02,17114913327.00,1486185.00,72896.00,,
2025-04-03,17840828505.00,1471892.00,72195.00,,
2025-04-04,16841336395.00,1527931.00,74944.00,,
2025-04-05,17060660906.00,1440119.00,70636.00,,
2025-04-06,17045602463.00,1429949.00,70138.00,,
2025-04-07,16965508210.00,1355315.00,66477.00,,
2025-04-08,14756977166.00,3153150.00,154659.00,,
2025-04-09,14652039118.00,1397472.00,68545.00,,
2025-04-10,13779794667.00,1357744.00,66596.00,,
2025-04-11,15430675899.00,1514932.00,74306.00,,
2025-04-12,14428100688.00,1386235.00,67994.00,,
2025-04-13,14691027879.00,1289983.00,63272.00,,
2025-04-14,15328792669.00,1289602.00,63254.00,,
2025-04-15,14783410798.00,1408157.00,69069.00,,
2025-04-16,15107944468.00,1301795.00,63852.00,,
2025-04-17,14841878256.00,1270621.00,62323.00,,
2025-04-18,14688865983.00,1250927.00,61482.00,,
2025-04-19,14728004690.00,1220704.00,59997.00,,
2025-04-20,14778751782.00,1195578.00,58762.00,,
2025-04-21,14955922933.00,1191262.00,58550.00,,
2025-04-22,14878199097.00,1254963.00,61680.00,,
2025-04-23,14599768447.00,1285719.00,63192.00,,
2025-04-24,16273201917.00,1612602.00,79258.00,,
2025-04-25,16629598563.00,1435861.00,70571.00,,
2025-04-26,16407426588.00,1412663.00,69431.00,,
2025-04-27,16551204914.00,1385834.00,68113.00,,
2025-04-28,17033277319.00,1366459.00,67160.00,,
2025-04-29,16592870321.00,1371922.00,67429.00,,
2025-04-30,16649672726.00,1454415.00,71483.00,,
2025-05-01,16630227105.00,1352243.00,66462.00,,
2025-05-02,16569438128.00,1416250.00,69607.00,,
2025-05-03,16945190375.00,1394966.00,68561.00,,
2025-05-04,16941398958.00,1361700.00,66926.00,,
2025-05-05,16878045766.00,1346528.00,66181.00,,
2025-05-06,16589440413.00,1356760.00,66684.00,,
2025-05-07,16698451494.00,1334091.00,65569.00,,
2025-05-08,16858372775.00,1367604.00,67217.00,,
2025-05-09,16714481730.00,1472205.00,72358.00,,
2025-05-10,20171118029.00,2252542.00,110711.00,,
2025-05-11,21684208093.00,1995080.00,98056.00,,
2025-05-12,23247906315.00,2195007.00,107883.00,,
2025-05-13,23164234168.00,2046629.00,100590.00,,
2025-05-14,22632781380.00,2018370.00,99201.00,,
2025-05-15,24565108436.00,2107476.00,103581.00,,
2025-05-16,23887234854.00,1982097.00,97418.00,,
2025-05-17,23235660527.00,2065225.00,101504.00,,
2025-05-18,23320532254.00,1888046.00,92796.00,,
2025-05-19,22620649586.00,1813990.00,89156.00,,
2025-05-20,22321593292.00,1934514.00,95080.00,,
2025-05-21,22968337420.00,1918639.00,94299.00,,
2025-05-22,22810598214.00,1940335.00,95366.00,,
2025-05-23,23140141635.00,2126922.00,104536.00,,
2025-05-24,24007687451.00,2032204.00,99881.00,,
2025-05-25,22825754058.00,1954633.00,96069.00,,
2025-05-26,22715264957.00,1841589.00,90513.00,,
2025-05-27,22971934221.00,1909258.00,93838.00,,
2025-05-28,23058695473.00,1986029.00,97612.00,,
2025-05-29,23872194401.00,2057474.00,101123.00,,
2025-05-30,24303108599.00,2107322.00,103573.00,,
2025-05-31,23361868891.00,2053133.00,100910.00,,
2025-06-01,22691942168.00,1983265.00,97476.00,,
2025-06-02,22610133573.00,1840533.00,90461.00,,
2025-06-03,22777295889.00,1847183.00,90787.00,,
2025-06-04,23476761187.00,1967136.00,96683.00,,
2025-06-05,23295526858.00,2005101.00,98549.00,,
2025-06-06,23416675130.00,1973745.00,96810.00,,
2025-06-07,21717171088.00,1943106.00,95308.00,,
2025-06-08,22282229224.00,1865558.00,91504.00,,
2025-06-09,22646375186.00,1837492.00,90127.00,,
2025-06-10,22518165347.00,1859095.00,91001.00,,
2025-06-11,24177781271.00,2123903.00,103750.00,,
2025-06-12,25494775321.00,2140192.00,104332.00,,
2025-06-13,25143134872.00,2118579.00,103278.00,,
2025-06-14,23213996312.00,2041160.00,99504.00,,
2025-06-15,23315709198.00,1849075.00,90140.00,,
2025-06-16,23034258809.00,1789726.00,87247.00,,
2025-06-17,23183848341.00,1917386.00,93470.00,,
2025-06-18,23142194565.00,1942328.00,94686.00,,
2025-06-19,22961965706.00,1855706.00,90463.00,,
2025-06-20,22994614748.00,1928294.00,94002.00,,
2025-06-21,23109878112.00,1896149.00,92435.00,,
2025-06-22,21990069339.00,1833865.00,89399.00,,
2025-06-23,20562258014.00,1879893.00,91642.00,,
2025-06-24,20603792260.00,1875236.00,91415.00,,
2025-06-25,22220070689.00,1924999.00,93841.00,,
2025-06-26,22403447692.00,1853011.00,90332.00,,
2025-06-27,22156514883.00,1831406.00,89279.00,,
2025-06-28,22051279578.00,1849574.00,90164.00,,
2025-06-29,22047490228.00,1762628.00,85926.00,,
2025-06-30,22216234181.00,1793711.00,87441.00,,
2025-07-01,22776902359.00,1810709.00,88270.00,,
2025-07-02,22710642481.00,1820537.00,88749.00,,
2025-07-03,21935554385.00,1818156.00,88633.00,,
2025-07-04,23458588779.00,1940776.00,94610.00,,
2025-07-05,23612901179.00,1908069.00,93016.00,,
2025-07-06,22925583275.00,1819925.00,88719.00,,
2025-07-07,22922721559.00,1822148.00,88827.00,,
2025-07-08,23413166529.00,1879648.00,91631.00,,
2025-07-09,23188714479.00,1914697.00,93339.00,,
2025-07-10,23869512664.00,1978555.00,96452.00,,
2025-07-11,25283949974.00,2168144.00,105694.00,,
2025-07-12,26812777918.00,2394770.00,116742.00,,
2025-07-13,27014373324.00,2221529.00,108297.00,,
2025-07-14,26909911377.00,2150960.00,104857.00,,
2025-07-15,27079258987.00,2328243.00,113499.00,,
2025-07-16,27557561438.00,2249525.00,109662.00,,
2025-07-17,28618315633.00,2438772.00,118887.00,,
2025-07-18,30867121166.00,2734231.00,133290.00,,
2025-07-19,31765191334.00,2829675.00,137943.00,,
2025-07-20,32386910824.00,2614019.00,127430.00,,
2025-07-21,32667909107.00,2766063.00,134842.00,,
2025-07-22,34050356452.00,2956894.00,144145.00,,
2025-07-23,34374039965.00,2800143.00,136503.00,,
2025-07-24,34019620157.00,2688928.00,131082.00,,
2025-07-25,33073008373.00,2713379.00,132274.00,,
2025-07-26,32873395352.00,2728755.00,133023.00,,
2025-07-27,33602188907.00,2670260.00,130172.00,,
2025-07-28,33897495501.00,2707012.00,131963.00,,
2025-07-29,34813073588.00,2754821.00,134294.00,,
2025-07-30,34197750262.00,2739061.00,133526.00,,
2025-07-31,33972965395.00,2774811.00,135269.00,,
2025-08-01,34143656347.00,2778167.00,135432.00,,
2025-08-02,33144849657.00,2610451.00,127256.00,,
2025-08-03,31315680777.00,2508338.00,122278.00,,
2025-08-04,30451987350.00,2460078.00,119926.00,,
2025-08-05,31297917189.00,2468823.00,120352.00,,
2025-08-06,32850119959.00,2611218.00,127294.00,,
2025-08-07,31943280242.00,2564251.00,125004.00,,
2025-08-08,32707070293.00,2703034.00,131770.00,,
2025-08-09,34757959573.00,2784725.00,135752.00,,
2025-08-10,35680292925.00,3022425.00,147339.00,,
2025-08-11,38174275100.00,2966471.00,144612.00,,
2025-08-12,37774675596.00,3012818.00,146871.00,,
2025-08-13,37553393535.00,3064726.00,149402.00,,
2025-08-14,40846502922.00,3536575.00,172404.00,,
2025-08-15,41996380123.00,3485115.00,169895.00,,
2025-08-16,40466700881.00,3800121.00,185251.00,,
2025-08-17,39543558254.00,3164531.00,154267.00,,
2025-08-18,39044363361.00,3165629.00,154320.00,,
2025-08-19,39271348851.00,3065719.00,149450.00,,
2025-08-20,38140766274.00,3058257.00,149086.00,,
2025-08-21,36237168339.00,2940785.00,143360.00,,
2025-08-22,38337346198.00,3016352.00,147043.00,,
2025-08-23,37500398830.00,2964314.00,144507.00,,
2025-08-24,42520243901.00,3486744.00,169974.00,,
2025-08-25,42048201995.00,3266364.00,159231.00,,
2025-08-26,41095111623.00,3283474.00,160065.00,,
2025-08-27,38353234496.00,3253683.00,158613.00,,
2025-08-28,40180740353.00,3179306.00,154987.00,,
2025-08-29,39514578742.00,3236335.00,157767.00,,
2025-08-30,39472356822.00,3026953.00,147560.00,,
2025-08-31,38081925572.00,3064715.00,149401.00,,
2025-09-01,38449491207.00,3037546.00,148077.00,,
2025-09-02,38441349946.00,3006851.00,146580.00,,
2025-09-03,37440868326.00,3142668.00,153201.00,,
2025-09-04,37443404616.00,3047047.00,148540.00,,
2025-09-05,38859993231.00,3013597.00,146909.00,,
2025-09-06,37401245701.00,3071266.00,149720.00,,
2025-09-07,37566525756.00,2929580.00,142813.00,,
2025-09-08,37121091517.00,2913762.00,142042.00,,
2025-09-09,37476831564.00,2899081.00,141327.00,,
2025-09-10,37289515156.00,2963302.00,144457.00,,
2025-09-11,37408519738.00,2901384.00,141439.00,,
2025-09-12,37554680642.00,2996133.00,146058.00,,
2025-09-13,38563734898.00,3090043.00,150636.00,,
2025-09-14,40551405872.00,3230324.00,157474.00,,
2025-09-15,40228472823.00,3128317.00,152502.00,,
2025-09-16,39734945808.00,3048219.00,148597.00,,
2025-09-17,38937975267.00,3053796.00,148869.00,,
2025-09-18,38782956799.00,3010992.00,146782.00,,
2025-09-19,39660668762.00,3162334.00,154160.00,,
2025-09-20,39502273515.00,3044697.00,148425.00,,
2025-09-21,38381071426.00,2966200.00,144599.00,,
2025-09-22,38370729354.00,2938789.00,143262.00,,
2025-09-23,37372718265.00,2815672.00,136979.00,,
2025-09-24,35924947593.00,2871214.00,139681.00,,
2025-09-25,35605657808.00,2864224.00,139341.00,,
2025-09-26,35513492048.00,2653209.00,129075.00,,
2025-09-27,33299962934.00,2602966.00,126631.00,,
2025-09-28,35021212393.00,2623842.00,127646.00,,
2025-09-29,34462033315.00,2637717.00,128057.00,,
2025-09-30,35430611177.00,2716806.00,131897.00,,
2025-10-01,36006915312.00,2809884.00,136135.00,,
2025-10-02,35406427268.00,2854826.00,138312.00,,
2025-10-03,37080272912.00,2926505.00,141785.00,,
2025-10-04,38230648376.00,2985525.00,144644.00,,
2025-10-05,38383850159.00,3001650.00,145425.00,,
2025-10-06,38286940686.00,3016146.00,146128.00,,
2025-10-07,38547018514.00,3033322.00,146960.00,,
2025-10-08,39927385613.00,3843406.00,186207.00,,
2025-10-09,38027129060.00,3034516.00,147018.00,,
2025-10-10,38582334275.00,2925257.00,141724.00,,
2025-10-11,37156434409.00,2961810.00,143495.00,,
2025-10-12,32903697855.00,6966789.00,337530.00,,
2025-10-13,31865313101.00,2601219.00,126025.00,,
2025-10-14,35360768886.00,2830736.00,137145.00,,
2025-10-15,36060987752.00,2719465.00,131754.00,,
2025-10-16,34754797743.00,2784595.00,134909.00,,
2025-10-17,33839877600.00,2722082.00,131881.00,,
2025-10-18,33314779989.00,2608807.00,126393.00,,
2025-10-19,32621313470.00,2598234.00,125880.00,,
2025-10-20,33028481181.00,2602767.00,126100.00,,
2025-10-21,33840526902.00,2675725.00,129635.00,,
2025-10-22,33749508412.00,2583050.00,125145.00,,
2025-10-23,32856301516.00,2627110.00,127279.00,,
2025-10-24,32379983381.00,2541293.00,123122.00,,
2025-10-25,32736909558.00,2615416.00,126713.00,,
2025-10-26,33820417575.00,2619794.00,126925.00,,
2025-10-27,33946530563.00,2649710.00,128374.00,,
2025-10-28,35822389252.00,2805934.00,135943.00,,
2025-10-29,35367869568.00,2722271.00,131890.00,,
2025-10-30,34265831930.00,2651688.00,128470.00,,
2025-10-31,33631549660.00,2600984.00,126014.00,,
2025-11-01,32634669745.00,2592465.00,125601.00,,
2025-11-02,33122172813.00,2563514.00,124198.00,,
2025-11-03,33200889327.00,2527798.00,122468.00,,
2025-11-04,33101166826.00,2703491.00,130980.00,,
2025-11-05,30889305235.00,2447042.00,118555.00,,
2025-11-06,28288390752.00,2580928.00,124784.00,,
2025-11-07,29527626256.00,2274013.00,109945.00,,
2025-11-08,28742486566.00,2251758.00,108869.00,,
2025-11-09,29629451403.00,2322625.00,112295.00,,
2025-11-10,29339506059.00,2269516.00,109727.00,,
2025-11-11,31343080912.00,2431265.00,117548.00,,
2025-11-12,30721585865.00,2461417.00,119005.00,,
2025-11-13,29513724269.00,2366686.00,114425.00,,
2025-11-14,29456160632.00,2333541.00,112823.00,,
2025-11-15,27574485533.00,2259197.00,109228.00,,
2025-11-16,27114350510.00,2167714.00,104805.00,,
2025-11-17,27392520883.00,2123036.00,102645.00,,
2025-11-18,26923026340.00,2229941.00,107814.00,,
2025-11-19,26141620431.00,2212001.00,106947.00,,
2025-11-20,26624796649.00,2104897.00,101768.00,,
2025-11-21,26105966390.00,2364961.00,114342.00,,
2025-11-22,24645798345.00,2430563.00,117514.00,,
2025-11-23,23881095913.00,1922180.00,92934.00,,
2025-11-24,24057154724.00,1888508.00,91306.00,,
2025-11-25,24211648588.00,1866018.00,90219.00,,
2025-11-26,25377356235.00,1959586.00,94743.00,,
2025-11-27,25520309102.00,1937686.00,93684.00,,
2025-11-28,26037888453.00,2091457.00,101118.00,,
2025-11-29,26050087951.00,2047431.00,98990.00,,
2025-11-30,26200613956.00,2017066.00,97522.00,,
2025-12-01,25882628596.00,1991825.00,96301.00,,
2025-12-02,25788980108.00,1932758.00,93446.00,,
2025-12-03,24184394859.00,1936939.00,93648.00,,
2025-12-04,25967421077.00,2146112.00,103761.00,,
2025-12-05,27658243253.00,1981677.00,95811.00,,
2025-12-06,27100328126.00,2092258.00,101157.00,,
2025-12-07,26141320479.00,2016934.00,97515.00,,
2025-12-08,26339685200.00,2017018.00,97520.00,,
2025-12-09,26510765126.00,2142466.00,103585.00,,
2025-12-10,27315525174.00,2097481.00,101410.00,,
2025-12-11,29048323130.00,2251710.00,108866.00,,
2025-12-12,29040122551.00,2152398.00,104065.00,,
2025-12-13,28360668737.00,2176961.00,105252.00,,
2025-12-14,27017964206.00,2108797.00,101957.00,,
2025-12-15,27328348243.00,2065632.00,99870.00,,
2025-12-16,26969933558.00,2104359.00,101742.00,,
2025-12-17,26040051674.00,2025104.00,97910.00,,
2025-12-18,25931483877.00,1981564.00,95805.00,,
2025-12-19,24863479799.00,1953609.00,94454.00,,
2025-12-20,24834807142.00,2197508.00,106246.00,,
2025-12-21,26100119862.00,2039548.00,98609.00,,
2025-12-22,26089173880.00,2001799.00,96784.00,,
2025-12-23,26542091330.00,2078909.00,100512.00,,
2025-12-24,26415569672.00,2030445.00,98169.00,,
2025-12-25,26004751520.00,1982812.00,122859.00,,
2025-12-26,25867664909.00,1993689.00,123533.00,,
2025-12-27,25665780433.00,2022360.00,125309.00,,
2025-12-28,25728454954.00,1978485.00,122591.00,,
2025-12-29,25873869987.00,1990344.00,123326.00,,
2025-12-30,25950070625.00,1991985.00,123427.00,,
2025-12-31,25810834242.00,2028788.00,125708.00,,
2026-01-01,26091672725.00,2062179.00,127777.00,,
2026-01-02,26203169488.00,2037063.00,126220.00,,
2026-01-03,26477778323.00,2080549.00,128915.00,,
2026-01-04,27667195525.00,2122644.00,131523.00,,
2026-01-05,27794390579.00,2114234.00,131002.00,,
2026-01-06,27887010135.00,2148981.00,133155.00,,
2026-01-07,28422227166.00,2217207.00,137604.00,,
2026-01-08,28947240293.00,2206268.00,136926.00,,
2026-01-09,28081124611.00,2100465.00,130359.00,,
2026-01-10,27667339617.00,2090049.00,129713.00,,
2026-01-11,27489301646.00,2098109.00,130213.00,,
2026-01-12,27477892018.00,2069946.00,128465.00,,
2026-01-13,27818256501.00,2079078.00,129032.00,,
2026-01-14,27603662635.00,2099790.00,130317.00,,
2026-01-15,29713729061.00,2223435.00,137991.00,,
2026-01-16,29816023320.00,2249901.00,139633.00,,
2026-01-17,29633488380.00,2207803.00,137021.00,,
2026-01-18,29462348444.00,2202314.00,136901.00,,
2026-01-19,29693261082.00,2210524.00,137411.00,,
2026-01-20,28982804284.00,2203708.00,136987.00,,
2026-01-21,29074391063.00,2092119.00,130051.00,,
2026-01-22,26926177671.00,1980906.00,123137.00,,
2026-01-23,27528984249.00,2018404.00,125468.00,,
2026-01-24,27508988372.00,1966095.00,122217.00,,
2026-01-25,27635076733.00,1961399.00,121925.00,,
2026-01-26,27641753018.00,1960585.00,121874.00,,
2026-01-27,26649771928.00,1988748.00,123625.00,,
2026-01-28,27495401950.00,1973615.00,122684.00,,
2026-01-29,28551817399.00,2024454.00,125844.00,,
2026-01-30,28543082749.00,1953316.00,121227.00,,
2026-01-31,27049924851.00,1954787.00,121318.00,,
2026-02-01,25945545528.00,1826653.00,113183.00,,
2026-02-02,23722662579.00,2513543.00,155744.00,,
2026-02-03,22124035742.00,1727112.00,107015.00,,
2026-02-04,22422901673.00,1557024.00,96476.00,,
2026-02-05,21432785743.00,1616174.00,100141.00,,
2026-02-06,20578432033.00,1537639.00,95275.00,,
2026-02-07,17021668592.00,2163661.00,134065.00,,
2026-02-08,19744031006.00,1472767.00,91256.00,,
2026-02-09,19976782143.00,1515787.00,93921.00,,
2026-02-10,19929141311.00,1364185.00,84528.00,,
2026-02-11,20115342366.00,1355035.00,83961.00,,
2026-02-12,19397045120.00,1308193.00,81058.00,,
2026-02-13,18629554631.00,1369311.00,84845.00,,
2026-02-14,18594744318.00,1319635.00,81767.00,,
2026-02-15,19571083055.00,1412333.00,87511.00,,
2026-02-16,19886517559.00,1347333.00,83483.00,,
2026-02-17,18701008432.00,1356545.00,84054.00,,
2026-02-18,18946769414.00,1305424.00,80887.00,,
2026-02-19,18904869556.00,1321492.00,81882.00,,
2026-02-20,18526525601.00,1288436.00,79834.00,,
2026-02-21,18469475515.00,1310412.00,81196.00,,
2026-02-22,18639761626.00,1309782.00,81157.00,,
2026-02-23,18695553919.00,1310859.00,81223.00,,
2026-02-24,18494244937.00,1256281.00,77842.00,,
2026-02-25,17590287119.00,1239976.00,76831.00,,
2026-02-26,17484371341.00,1294051.00,80052.00,,
2026-02-27,19396423891.00,1409396.00,87188.00,,
2026-02-28,19114056392.00,1304360.00,80690.00,,
2026-03-01,18174505188.00,1266988.00,78378.00,,
2026-03-02,18456216069.00,1331048.00,82341.00,,
2026-03-03,18299842898.00,1316128.00,81418.00,,
2026-03-04,19117128438.00,1318739.00,81580.00,,
2026-03-05,18499092314.00,1396379.00,86383.00,,
2026-03-06,19762266803.00,1436300.00,88852.00,,
2026-03-07,19189911209.00,1343481.00,83110.00,,
2026-03-08,18277609683.00,1300825.00,80471.00,,
2026-03-09,18193395444.00,1272225.00,78702.00,,
2026-03-10,17978656961.00,1326509.00,82060.00,,
2026-03-11,18473289181.00,1372199.00,84887.00,,
2026-03-12,18836554697.00,1359935.00,84128.00,,
2026-03-13,18944391298.00,1407352.00,87061.00,,
2026-03-14,19347154063.00,2714612.00,167931.00,,
2026-03-15,19259126693.00,1393011.00,86174.00,,
2026-03-16,19213325544.00,1399247.00,86560.00,,
2026-03-17,19946945318.00,1601039.00,99043.00,,
2026-03-18,21663118328.00,1539219.00,95219.00,,
2026-03-19,21345683804.00,1507667.00,93116.00,,
2026-03-20,20389041084.00,1478747.00,91330.00,,
2026-03-21,19738092918.00,1470206.00,90802.00,,
2026-03-22,19778104090.00,1434943.00,88625.00,,
2026-03-23,19135445843.00,1696462.00,104776.00,,
2026-03-24,18855135858.00,1479859.00,91399.00,,
2026-03-25,19697635615.00,1469080.00,90733.00,,
2026-03-26,19864241938.00,1467089.00,90610.00,,
2026-03-27,19875845066.00,1414707.00,87375.00,,
2026-03-28,18827443963.00,1369600.00,84452.00,,
2026-03-29,18311443686.00,1340769.00,82674.00,,
2026-03-30,18328731186.00,1337656.00,82482.00,,
2026-03-31,18235284778.00,1397463.00,86030.00,,
2026-04-01,18609641628.00,1385372.00,85286.00,,
2026-04-02,19385379185.00,1457799.00,89744.00,,
2026-04-03,19784016607.00,1439029.00,88589.00,,
2026-04-04,19014927904.00,1401306.00,86267.00,,
2026-04-05,19047673754.00,1372520.00,84494.00,,
2026-04-06,19193132001.00,1367605.00,84192.00,,
2026-04-07,19795123847.00,1454319.00,89530.00,,
2026-04-08,19737038477.00,1417657.00,87273.00,,
2026-04-09,20901391598.00,1553225.00,95619.00,,
2026-04-10,20469602429.00,1470862.00,90549.00,,
2026-04-11,20647874307.00,1513160.00,93153.00,,
2026-04-12,21076937862.00,1521430.00,93662.00,,
2026-04-13,21484367870.00,1490866.00,91780.00,,
2026-04-14,20779074593.00,1497082.00,92163.00,,
2026-04-15,22370824465.00,1633928.00,100587.00,,
2026-04-16,22012225671.00,1576363.00,97043.00,,
2026-04-17,22264434722.00,1583972.00,97512.00,,
2026-04-18,22101841329.00,1643499.00,101176.00,,
2026-04-19,22816462859.00,1657239.00,102022.00,,
2026-04-20,22143077220.00,1775549.00,109306.00,,
2026-04-21,21401249344.00,1860449.00,114346.00,,
2026-04-22,21833714841.00,1698388.00,104385.00,,
2026-04-23,21801017652.00,1765834.00,108531.00,,
2026-04-24,22211076930.00,1723683.00,105940.00,,
2026-04-25,21871793896.00,1745937.00,107308.00,,
2026-04-26,21684192309.00,1631482.00,100273.00,,
2026-04-27,21656804884.00,1675321.00,102968.00,,
2026-04-28,22160224251.00,1652357.00,101556.00,,
2026-04-29,21546181742.00,1587149.00,97549.00,,
2026-04-30,21361830662.00,1610804.00,98841.00,,
2026-05-01,20915932502.00,1531345.00,93965.00,,
2026-05-02,20612767051.00,1547755.00,94972.00,,
2026-05-03,20823231009.00,1517810.00,93135.00,,
2026-05-04,21024351160.00,1518917.00,93203.00,,
2026-05-05,21072424497.00,1537355.00,94334.00,,
2026-05-06,21304100288.00,1569631.00,96158.00,,
2026-05-07,21413858435.00,1554198.00,95212.00,,
2026-05-08,21205758245.00,1537973.00,94218.00,,
2026-05-09,20239417960.00,1555174.00,95272.00,,
2026-05-10,20376089786.00,1509161.00,92453.00,,
2026-05-11,20466751510.00,1495003.00,91586.00,,
2026-05-12,20755130633.00,1543581.00,94562.00,,
2026-05-13,20495733191.00,1522997.00,93301.00,,
2026-05-14,20015760669.00,1499630.00,91869.00,,
2026-05-15,19810253674.00,1478844.00,90596.00,,
2026-05-16,20045016403.00,1450631.00,88867.00,,
2026-05-17,19515486957.00,1406992.00,86194.00,,
2026-05-18,19275178512.00,1396298.00,85539.00,,
2026-05-19,18730971917.00,1399326.00,85724.00,,
2026-05-20,18897816391.00,1360161.00,83325.00,,
2026-05-21,18720266657.00,1360781.00,83363.00,,
2026-05-22,18863103053.00,1370353.00,83950.00,,
2026-05-23,18860928751.00,1343300.00,82292.00,,
2026-05-24,18313879753.00,1286356.00,78804.00,,
2026-05-25,18762899492.00,1349796.00,82690.00,,
2026-05-26,18658829964.00,1341723.00,82196.00,,
2026-05-27,18661365881.00,1346280.00,82475.00,,
2026-05-28,18409014218.00,1338518.00,81999.00,,
2026-05-29,17955088381.00,1317843.00,80733.00,,
2026-05-30,17830570086.00,1296965.00,79454.00,,
2026-05-31,17883643782.00,1297796.00,79505.00,,
2026-06-01,17907241355.00,1289286.00,78983.00,,
2026-06-02,17842130993.00,1273719.00,78030.00,,
2026-06-03,17710978378.00,1286455.00,78810.00,,
2026-06-04,16512312232.00,1271074.00,77868.00,,
2026-06-05,16088792001.00,1208342.00,74025.00,,
2026-06-06,15697048335.00,1221088.00,74805.00,,
2026-06-07,14231325135.00,1315233.00,80573.00,,
2026-06-08,13901377303.00,1033540.00,63316.00,,
2026-06-09,15088870102.00,1168177.00,71564.00,,
2026-06-10,14829323500.00,1169688.00,71657.00,,
2026-06-11,14612225997.00,1051359.00,64408.00,,
2026-06-12,14454752476.00,1077904.00,66034.00,,
2026-06-13,14955044735.00,1079171.00,66111.00,,
2026-06-14,14853574590.00,1067986.00,65426.00,,
2026-06-15,14981948648.00,1048761.00,64248.00,,
2026-06-16,15510057236.00,1126420.00,69006.00,,
2026-06-17,16100607895.00,1187643.00,72757.00,,
2026-06-18,16102455109.00,1142754.00,70007.00,,
2026-06-19,15773100318.00,1138684.00,69871.00,,
2026-06-20,15390853256.00,1103040.00,67684.00,,
2026-06-21,15395185839.00,1085857.00,66521.00,,
2026-06-22,15705883351.00,1076033.00,65919.00,,
2026-06-23,15392380773.00,1127730.00,69086.00,,
2026-06-24,15594473452.00,1080666.00,66527.00,,
2026-06-25,15004379645.00,1050445.00,64772.00,,
2026-06-26,14687521589.00,1066234.00,65746.00,,
2026-06-27,14177175409.00,1125061.00,69373.00,,
2026-06-28,14337850747.00,1013735.00,62509.00,,
2026-06-29,14308814003.00,976440.00,60209.00,,
2026-06-30,14253577849.00,996412.00,61440.00,,
2026-07-01,14502559550.00,1008043.00,62259.00,,
2026-07-02,14325665362.00,995034.00,61455.00,,
2026-07-03,14691120399.00,1068150.00,66078.00,,
2026-07-04,15527468833.00,1099191.00,68108.00,,
2026-07-05,16110824240.00,1098506.00,68286.00,,
2026-07-06,16267962226.00,1089104.00,67701.00,,
2026-07-07,16321727571.00,1070790.00,66563.00,,
2026-07-08,16471155808.00,1123518.00,69728.00,,
2026-07-09,16253039197.00,1099438.00,68233.00,,
2026-07-10,15924461693.00,1080973.00,67087.00,,
2026-07-11,16014301439.00,1106403.00,68776.00,,
2026-07-12,16448306644.00,1104041.00,68630.00,,
2026-07-13,16410898212.00,1100656.00,68419.00,,
2026-07-14,16581063526.00,1094290.00,68023.00,,
2026-07-15,16290959063.00,1115441.00,69338.00,,
2026-07-16,17359849102.00,1156912.00,71916.00,,
2026-07-17,17673339568.00,1155830.00,71849.00,,
2026-07-18,17115698817.00,1128971.00,70066.00,,
2026-07-19,16962951469.00,1138088.00,70746.00,,
2026-07-20,17094307603.00,1120263.00,69638.00,,
2026-07-21,17313353867.00,1160637.00,72032.00,,
2026-07-22,17597683610.00,1191120.00,74043.00,,
2026-07-23,17923738344.00,1198251.00,74486.00,,
2026-07-24,17938454029.00,1179991.00,73351.00,,
2026-07-25,17419765743.00,1164875.00,72411.00,,
2026-07-26,17391965870.00,1084299.00,67294.00,,
2026-07-27,17499004875.00,1227207.00,76163.00,,
2026-07-28,18197860758.00,1204523.00,74755.00,,
2026-07-29,17609072296.00,1191888.00,73971.00,,
2026-07-30,17929804763.00,1188520.00,73762.00,,
2026-07-31,17755480108.00,1247262.00,77408.00,,
2026-08-01,17987352936.00,1199483.00,74442.00,,
2026-08-02,17526115805.00,1182209.00,73370.00,,
2026-08-03,17359672407.00,1153647.00,71598.00,,
2026-08-04,17605460753.00,1137564.00,70600.00,,
2026-08-05,17469943794.00,1175583.00,73077.00,,
2026-08-06,17574648751.00,1181585.00,73450.00,,
2026-08-07,17992513978.00,1202269.00,74736.00,,
2026-08-08,17928558276.00,1206947.00,74906.00,,
2026-08-09,18076541447.00,1177411.00,73073.00,,
2026-08-10,18137016201.00,1213433.00,75308.00,,
2026-08-11,18045442353.00,1197256.00,74304.00,,
2026-08-12,17722684783.00,1189095.00,73798.00,,
2026-08-13,17818280948.00,1197895.00,74344.00,,
2026-08-14,17801228484.00,1188375.00,73753.00,,
2026-08-15,17860715039.00,1182263.00,73374.00,,
2026-08-16,17901804548.00,1177454.00,73075.00,,
2026-08-17,17900144307.00,1164866.00,72294.00,,
2026-08-18,17832706657.00,1197167.00,74299.00,,
2026-08-19,18173062246.00,1200234.00,74489.00,,
2026-08-20,18272700452.00,1217478.00,75681.00,,
2026-08-21,21673710416.00,1568357.00,97492.00,,
2026-08-22,22491265118.00,1546243.00,96118.00,,
2026-08-23,23962371719.00,1680484.00,104463.00,,
2026-08-24,23256609669.00,1561788.00,96928.00,,
2026-08-25,23524051053.00,,,,
