time,oi_A,oi_6,oi_3
2025-06-06 00:00:00,,7315587.75,
2025-06-07 00:00:00,,7029893.90,
2025-06-08 00:00:00,,7553523.18,
2025-06-09 00:00:00,,9335277.99,
2025-06-10 00:00:00,,8462828.85,
2025-06-11 00:00:00,,7068492.19,
2025-06-12 00:00:00,,6537851.48,
2025-06-13 00:00:00,,5494910.84,
2025-06-14 00:00:00,,4600083.73,
2025-06-15 00:00:00,,4065890.78,
2025-06-16 00:00:00,,4866002.88,
2025-06-17 00:00:00,,4803719.96,
2025-06-18 00:00:00,,5617652.26,
2025-06-19 00:00:00,,5862769.22,
2025-06-20 00:00:00,,4889262.95,
2025-06-21 00:00:00,,5514273.35,
2025-06-22 00:00:00,,4930714.74,
2025-06-23 00:00:00,,4416382.73,
2025-06-24 00:00:00,,4769118.27,
2025-06-25 00:00:00,,4400438.31,
2025-06-26 00:00:00,,4210861.77,
2025-06-27 00:00:00,,4264576.11,
2025-06-28 00:00:00,,4047949.83,
2025-06-29 00:00:00,,3809709.26,
2025-06-30 00:00:00,,4195283.54,
2025-07-01 00:00:00,,3714687.49,
2025-07-02 00:00:00,,3589276.97,
2025-07-03 00:00:00,,4414488.83,
2025-07-04 00:00:00,,4462985.51,
2025-07-05 00:00:00,,4361477.93,
2025-07-06 00:00:00,,4346147.43,
2025-07-07 00:00:00,,4278495.27,
2025-07-08 00:00:00,,4183417.04,
2025-07-09 00:00:00,,4333104.95,
2025-07-10 00:00:00,,7509818.96,
2025-07-11 00:00:00,,8335057.68,
2025-07-12 00:00:00,,5928608.49,
2025-07-13 00:00:00,,5601991.53,
2025-07-14 00:00:00,,6291401.58,
2025-07-15 00:00:00,,6089201.80,
2025-07-16 00:00:00,,5850920.90,
2025-07-17 00:00:00,,7881888.60,
2025-07-18 00:00:00,,5754418.04,
2025-07-19 00:00:00,,5276737.05,
2025-07-20 00:00:00,,5464841.65,
2025-07-21 00:00:00,,5798665.06,
2025-07-22 00:00:00,,5685501.34,
2025-07-23 00:00:00,,5807926.21,
2025-07-24 00:00:00,,5676473.78,
2025-07-25 00:00:00,,5097915.51,
2025-07-26 00:00:00,,4996300.06,
2025-07-27 00:00:00,,5394353.68,
2025-07-28 00:00:00,,5275216.59,
2025-07-29 00:00:00,,4739164.62,
2025-07-30 00:00:00,,4395756.96,
2025-07-31 00:00:00,,4399785.60,
2025-08-01 00:00:00,,4227588.85,
2025-08-02 00:00:00,,4368390.55,
2025-08-03 00:00:00,,4354339.27,
2025-08-04 00:00:00,,4494642.38,
2025-08-05 00:00:00,,4418702.57,
2025-08-06 00:00:00,,3973946.99,
2025-08-07 00:00:00,,3798557.09,
2025-08-08 00:00:00,,3735755.07,
2025-08-09 00:00:00,,3941450.55,
2025-08-10 00:00:00,,4307506.68,
2025-08-11 00:00:00,,4662825.09,
2025-08-12 00:00:00,,3782236.77,
2025-08-13 00:00:00,,6139359.18,
2025-08-14 00:00:00,,5125422.10,
2025-08-15 00:00:00,,4171641.69,
2025-08-16 00:00:00,,6206369.45,
2025-08-17 00:00:00,,8116121.64,
2025-08-18 00:00:00,,6893366.13,
2025-08-19 00:00:00,,6069078.31,
2025-08-20 00:00:00,,5078254.97,
2025-08-21 00:00:00,,4943621.52,
2025-08-22 00:00:00,,5447912.44,
2025-08-23 00:00:00,,5390885.53,
2025-08-24 00:00:00,,4771041.48,
2025-08-25 00:00:00,,4513273.07,
2025-08-26 00:00:00,,4378368.26,
2025-08-27 00:00:00,,4682617.30,
2025-08-28 00:00:00,,4722421.79,
2025-08-29 00:00:00,,4739980.06,
2025-08-30 00:00:00,,4480982.02,
2025-08-31 00:00:00,,4523917.36,
2025-09-01 00:00:00,,4305916.37,
2025-09-02 00:00:00,,4362859.51,
2025-09-03 00:00:00,,4454014.27,
2025-09-04 00:00:00,,4294061.46,
2025-09-05 00:00:00,,4080277.62,
2025-09-06 00:00:00,,4378814.05,
2025-09-07 00:00:00,,4425476.28,
2025-09-08 00:00:00,,4312692.96,
2025-09-09 00:00:00,,4216700.23,
2025-09-10 00:00:00,,4436045.21,
2025-09-11 00:00:00,,4489101.33,
2025-09-12 00:00:00,,4285896.85,
2025-09-13 00:00:00,,4219738.25,
2025-09-14 00:00:00,,3822478.48,
2025-09-15 00:00:00,,3481690.22,
2025-09-16 00:00:00,,4390352.92,
2025-09-17 00:00:00,,4164675.14,
2025-09-18 00:00:00,,4253027.71,
2025-09-19 00:00:00,,7987082.58,
2025-09-20 00:00:00,,6648893.19,
2025-09-21 00:00:00,,6414167.71,
2025-09-22 00:00:00,,6918404.91,
2025-09-23 00:00:00,,5466987.88,
2025-09-24 00:00:00,,5053814.49,
2025-09-25 00:00:00,,8338910.04,
2025-09-26 00:00:00,,6349944.01,
2025-09-27 00:00:00,,6563473.49,
2025-09-28 00:00:00,,5448474.26,
2025-09-29 00:00:00,,5468902.78,
2025-09-30 00:00:00,,4919444.10,
2025-10-01 00:00:00,,5462557.58,
2025-10-02 00:00:00,,4967916.38,
2025-10-03 00:00:00,,4760908.96,
2025-10-04 00:00:00,,5061815.20,
2025-10-05 00:00:00,,4703521.79,
2025-10-06 00:00:00,,4542496.64,
2025-10-07 00:00:00,,4470872.65,
2025-10-08 00:00:00,,4312997.50,
2025-10-09 00:00:00,,4435690.58,
2025-10-10 00:00:00,,4387657.27,
2025-10-11 00:00:00,,4633254.95,
2025-10-12 00:00:00,,3760694.19,
2025-10-13 00:00:00,,4024012.88,
2025-10-14 00:00:00,,4377016.23,
2025-10-15 00:00:00,,5003513.65,
2025-10-16 00:00:00,,4814238.36,
2025-10-17 00:00:00,,4622441.34,
2025-10-18 00:00:00,,6218452.17,
2025-10-19 00:00:00,,6309598.11,
2025-10-20 00:00:00,,6110228.65,
2025-10-21 00:00:00,,7723868.08,
2025-10-22 00:00:00,,5857926.97,
2025-10-23 00:00:00,,5376377.53,
2025-10-24 00:00:00,,5435453.33,
2025-10-25 00:00:00,,5884671.71,
2025-10-26 00:00:00,,5964093.00,
2025-10-27 00:00:00,,6063107.38,
2025-10-28 00:00:00,,5540709.30,
2025-10-29 00:00:00,,4826559.17,
2025-10-30 00:00:00,,4390696.97,
2025-10-31 00:00:00,,4036457.90,
2025-11-01 00:00:00,,4059251.19,
2025-11-02 00:00:00,,4509000.42,
2025-11-03 00:00:00,,4621038.62,
2025-11-04 00:00:00,,3947296.32,
2025-11-05 00:00:00,,3946644.09,
2025-11-06 00:00:00,,4204854.62,
2025-11-07 00:00:00,,4243373.63,
2025-11-08 00:00:00,,4935324.99,
2025-11-09 00:00:00,,4731462.89,
2025-11-10 00:00:00,,4421387.77,
2025-11-11 00:00:00,,4116467.93,
2025-11-12 00:00:00,,4549723.37,
2025-11-13 00:00:00,,4654632.23,
2025-11-14 00:00:00,,4718008.36,
2025-11-15 00:00:00,,4909007.74,
2025-11-16 00:00:00,,9916239.05,
2025-11-17 00:00:00,,9381924.49,
2025-11-18 00:00:00,,8787020.57,
2025-11-19 00:00:00,,8118596.39,
2025-11-20 00:00:00,,5748834.49,
2025-11-21 00:00:00,,5260749.88,
2025-11-22 00:00:00,,5388166.85,
2025-11-23 00:00:00,,5202471.11,
2025-11-24 00:00:00,,5270249.60,
2025-11-25 00:00:00,,5516019.07,
2025-11-26 00:00:00,,5117449.55,
2025-11-27 00:00:00,,4758227.49,
2025-11-28 00:00:00,,4423753.09,
2025-11-29 00:00:00,,3983576.63,
2025-11-30 00:00:00,,3829085.76,
2025-12-01 00:00:00,,3986170.19,
2025-12-02 00:00:00,,4849137.32,
2025-12-03 00:00:00,,4722976.25,
2025-12-04 00:00:00,,4803902.93,
2025-12-05 00:00:00,,4272969.50,
2025-12-06 00:00:00,,3917489.18,
2025-12-07 00:00:00,,3798249.67,
2025-12-08 00:00:00,,3762419.04,
2025-12-09 00:00:00,,4160128.83,
2025-12-10 00:00:00,,4226217.86,
2025-12-11 00:00:00,,4055834.26,
2025-12-12 00:00:00,,3954763.75,
2025-12-13 00:00:00,,3911419.41,
2025-12-14 00:00:00,,4012250.95,
2025-12-15 00:00:00,,3849844.12,
2025-12-16 00:00:00,,3615829.12,
2025-12-17 00:00:00,,3507991.56,
2025-12-18 00:00:00,,3354471.46,
2025-12-19 00:00:00,,3196390.44,
2025-12-20 00:00:00,,3569337.36,
2025-12-21 00:00:00,,3483010.74,
2025-12-22 00:00:00,,3394904.12,
2025-12-23 00:00:00,,3448321.24,
2025-12-24 00:00:00,,3297289.30,
2025-12-25 00:00:00,,3279551.24,
2025-12-26 00:00:00,,3151576.49,
2025-12-27 00:00:00,,3311842.92,
2025-12-28 00:00:00,,3407412.33,
2025-12-29 00:00:00,,3363635.99,
2025-12-30 00:00:00,,3354003.77,
2025-12-31 00:00:00,,3433171.92,
2026-01-01 00:00:00,,3458548.10,
2026-01-02 00:00:00,,5008257.62,
2026-01-03 00:00:00,,4545042.49,
2026-01-04 00:00:00,,4234532.40,
2026-01-05 00:00:00,,4020917.36,
2026-01-06 00:00:00,,4009765.83,
2026-01-07 00:00:00,,4027831.31,
2026-01-08 00:00:00,,3821546.15,
2026-01-09 00:00:00,,3732970.71,
2026-01-10 00:00:00,,3701517.74,
2026-01-11 00:00:00,,3683705.38,
2026-01-12 00:00:00,,3384087.97,
2026-01-13 00:00:00,,3274205.87,
2026-01-14 00:00:00,,3490684.16,
2026-01-15 00:00:00,,3523220.59,
2026-01-16 00:00:00,,3558677.31,
2026-01-17 00:00:00,,3437329.43,
2026-01-18 00:00:00,,3361305.98,
2026-01-19 00:00:00,,3146355.90,
2026-01-20 00:00:00,,3232031.99,
2026-01-21 00:00:00,,2992383.48,
2026-01-22 00:00:00,,3105101.87,
2026-01-23 00:00:00,,3130885.88,
2026-01-24 00:00:00,,3478306.59,
2026-01-25 00:00:00,,3558789.53,
2026-01-26 00:00:00,,3117076.73,
2026-01-27 00:00:00,,3420367.60,
2026-01-28 00:00:00,,3445810.68,
2026-01-29 00:00:00,,3304132.02,
2026-01-30 00:00:00,,2837563.14,
2026-01-31 00:00:00,,2819031.76,
2026-02-01 00:00:00,,2435187.27,
2026-02-02 00:00:00,,2307933.89,
2026-02-03 00:00:00,,2183295.18,
2026-02-04 00:00:00,,2035204.60,
2026-02-05 00:00:00,,2029944.68,
2026-02-06 00:00:00,,1734854.31,
2026-02-07 00:00:00,,1860236.93,
2026-02-08 00:00:00,,10578482.99,
2026-02-09 00:00:00,,8427501.07,
2026-02-10 00:00:00,,7654768.15,
2026-02-11 00:00:00,,6495411.89,
2026-02-12 00:00:00,,6077426.84,
2026-02-13 00:00:00,,5014635.65,
2026-02-14 00:00:00,,4626315.82,
2026-02-15 00:00:00,,4532669.03,
2026-02-16 00:00:00,,3788643.12,
2026-02-17 00:00:00,,4405396.43,
2026-02-18 00:00:00,,4002649.86,
2026-02-19 00:00:00,,4068792.01,
2026-02-20 00:00:00,,3688795.42,
2026-02-21 00:00:00,,3674203.12,
2026-02-22 00:00:00,,3708315.70,
2026-02-23 00:00:00,,4118098.37,
2026-02-24 00:00:00,,5117512.58,
2026-02-25 00:00:00,,5928983.80,
2026-02-26 00:00:00,,6088898.82,
2026-02-27 00:00:00,,5715573.99,
2026-02-28 00:00:00,,5585666.26,
2026-03-01 00:00:00,,5240115.99,
2026-03-02 00:00:00,,4996966.68,
2026-03-03 00:00:00,,4561232.89,
2026-03-04 00:00:00,,3940969.16,
2026-03-05 00:00:00,,3874442.07,
2026-03-06 00:00:00,,3416564.28,
2026-03-07 00:00:00,,3733260.45,
2026-03-08 00:00:00,,5577794.44,
2026-03-09 00:00:00,,5238344.12,
2026-03-10 00:00:00,,4436826.93,
2026-03-11 00:00:00,,4562887.85,
2026-03-12 00:00:00,,4434235.55,
2026-03-13 00:00:00,,3762983.34,
2026-03-14 00:00:00,,4885203.53,
2026-03-15 00:00:00,,5224554.91,
2026-03-16 00:00:00,,4563039.59,
2026-03-17 00:00:00,,4101152.58,
2026-03-18 00:00:00,,3810964.14,
2026-03-19 00:00:00,,4539943.12,
2026-03-20 00:00:00,,4634534.84,
2026-03-21 00:00:00,,5015820.45,
2026-03-22 00:00:00,,3586153.34,
2026-03-23 00:00:00,,3316191.29,
2026-03-24 00:00:00,,3245518.85,
2026-03-25 00:00:00,,3341868.54,
2026-03-26 00:00:00,,3223423.29,
2026-03-27 00:00:00,,2959790.62,
2026-03-28 00:00:00,,2616968.17,
2026-03-29 00:00:00,,2716509.66,
2026-03-30 00:00:00,,3429612.01,
2026-03-31 00:00:00,,3094185.92,
2026-04-01 00:00:00,,3675048.58,
2026-04-02 00:00:00,,4322417.95,
2026-04-03 00:00:00,,3721854.48,
2026-04-04 00:00:00,,3266245.74,
2026-04-05 00:00:00,,3141114.24,
2026-04-06 00:00:00,,3052311.42,
2026-04-07 00:00:00,,2920896.90,
2026-04-08 00:00:00,,2769484.76,
2026-04-09 00:00:00,,2441598.81,
2026-04-10 00:00:00,,2483788.83,
2026-04-11 00:00:00,,2377785.47,
2026-04-12 00:00:00,,2230233.05,
2026-04-13 00:00:00,,2095402.94,
2026-04-14 00:00:00,,2299081.09,
2026-04-15 00:00:00,,2124070.92,
2026-04-16 00:00:00,,2140446.22,
2026-04-17 00:00:00,,2261526.93,
2026-04-18 00:00:00,,2288658.15,
2026-04-19 00:00:00,,2036206.09,
2026-04-20 00:00:00,,1994683.55,
2026-04-21 00:00:00,,2133658.12,
2026-04-22 00:00:00,,2183685.34,
2026-04-23 00:00:00,,2166744.74,
2026-04-24 00:00:00,,2157749.28,
2026-04-25 00:00:00,,2159743.95,
2026-04-26 00:00:00,,2314872.94,
2026-04-27 00:00:00,,2133560.18,
2026-04-28 00:00:00,,1931647.72,
2026-04-29 00:00:00,,1895268.39,
2026-04-30 00:00:00,,1837557.94,
2026-05-01 00:00:00,,1823467.71,
2026-05-02 00:00:00,,2502269.41,
2026-05-03 00:00:00,,2230842.36,
2026-05-04 00:00:00,,2214272.46,
2026-05-05 00:00:00,,2074008.82,
2026-05-06 00:00:00,,2046601.92,
2026-05-07 00:00:00,,2098883.73,
2026-05-08 00:00:00,,2081857.22,
2026-05-09 00:00:00,,2163511.03,
2026-05-10 00:00:00,,2487323.11,
2026-05-11 00:00:00,,2503471.96,
2026-05-12 00:00:00,,2407469.78,
2026-05-13 00:00:00,,2250333.08,
2026-05-14 00:00:00,,2076930.82,
2026-05-15 00:00:00,,2222736.71,
2026-05-16 00:00:00,,1923966.29,
2026-05-17 00:00:00,,1640979.30,
2026-05-18 00:00:00,,1502553.59,
2026-05-19 00:00:00,,1463046.46,
2026-05-20 00:00:00,,1402063.73,
2026-05-21 00:00:00,,1370417.58,
2026-05-22 00:00:00,,1462329.56,
2026-05-23 00:00:00,,1282252.08,
2026-05-24 00:00:00,,1287612.02,
2026-05-25 00:00:00,,1259252.59,
2026-05-26 00:00:00,,1380262.52,
2026-05-27 00:00:00,,1256930.32,
2026-05-28 00:00:00,,1110434.62,
2026-05-29 00:00:00,,1063653.99,
2026-05-30 00:00:00,,1221124.89,
2026-05-31 00:00:00,,1385861.54,
2026-06-01 00:00:00,,1840743.74,
2026-06-02 00:00:00,,1453115.39,
2026-06-03 00:00:00,,1315097.40,
2026-06-04 00:00:00,,1353339.21,
2026-06-05 00:00:00,,1052158.32,
2026-06-06 00:00:00,,1596722.56,
2026-06-07 00:00:00,,1293955.32,
2026-06-08 00:00:00,,1320096.63,
2026-06-09 00:00:00,,1424260.38,
2026-06-10 00:00:00,,1354304.83,
2026-06-11 00:00:00,,1232034.83,
2026-06-12 00:00:00,,1210286.97,
2026-06-13 00:00:00,,1120279.58,
2026-06-14 00:00:00,,1123589.86,
2026-06-15 00:00:00,,1224339.98,
2026-06-16 00:00:00,,1152238.75,
2026-06-17 00:00:00,,1039500.49,
2026-06-18 00:00:00,,981811.64,
2026-06-19 00:00:00,,911755.24,
2026-06-20 00:00:00,,888872.36,
2026-06-21 00:00:00,,908753.28,
2026-06-22 00:00:00,,931922.71,
2026-06-23 00:00:00,,928647.85,
2026-06-24 00:00:00,,951493.37,
2026-06-25 00:00:00,,885450.78,
2026-06-26 00:00:00,,872558.02,
2026-06-27 00:00:00,,1025541.70,
2026-06-28 00:00:00,,1023866.68,
2026-06-29 00:00:00,,951704.27,
2026-06-30 00:00:00,,1038301.79,
2026-07-01 00:00:00,,999471.47,
2026-07-02 00:00:00,,958617.68,
2026-07-03 00:00:00,,1039759.35,
2026-07-04 00:00:00,,1284439.91,
2026-07-05 00:00:00,,1199254.07,
2026-07-06 00:00:00,,1171529.35,
2026-07-07 00:00:00,,1134196.56,
2026-07-08 00:00:00,,1120325.76,
2026-07-09 00:00:00,,1043781.29,
2026-07-10 00:00:00,,1041027.06,
2026-07-11 00:00:00,,1019929.38,
2026-07-12 00:00:00,,1077765.05,
2026-07-13 00:00:00,,926015.78,
2026-07-14 00:00:00,,887397.32,
2026-07-15 00:00:00,,900665.46,
2026-07-16 00:00:00,,873293.20,
2026-07-17 00:00:00,,846030.87,
2026-07-18 00:00:00,,838783.51,
2026-07-19 00:00:00,,898000.56,
2026-07-20 00:00:00,,898274.86,
2026-07-21 00:00:00,,845806.35,
2026-07-22 00:00:00,,2629544.26,
2026-07-23 00:00:00,,2824128.76,
2026-07-24 00:00:00,,4182355.63,
2026-07-25 00:00:00,,4397845.57,
2026-07-26 00:00:00,,4055459.76,
2026-07-27 00:00:00,,4666827.56,
