time,pred_funding
2026-04-04 22:00:00,0.0032560000
2026-04-04 23:00:00,-0.0000080000
2026-04-05 00:00:00,-0.0021910000
2026-04-05 01:00:00,-0.0054390000
2026-04-05 02:00:00,-0.0056760000
2026-04-05 03:00:00,-0.0106780000
2026-04-05 04:00:00,-0.0129300000
2026-04-05 05:00:00,-0.0142420000
2026-04-05 06:00:00,-0.0176020000
2026-04-05 07:00:00,-0.0101790000
2026-04-05 08:00:00,-0.0044030000
2026-04-05 09:00:00,-0.0032180000
2026-04-05 10:00:00,-0.0028510000
2026-04-05 11:00:00,-0.0024720000
2026-04-05 12:00:00,-0.0044580000
2026-04-05 13:00:00,-0.0087840000
2026-04-05 14:00:00,-0.0105980000
2026-04-05 15:00:00,-0.0061530000
2026-04-05 16:00:00,-0.0081700000
2026-04-05 17:00:00,-0.0050140000
2026-04-05 18:00:00,-0.0044820000
2026-04-05 19:00:00,-0.0019660000
2026-04-05 20:00:00,-0.0039010000
2026-04-05 21:00:00,-0.0020740000
2026-04-05 22:00:00,-0.0016850000
2026-04-05 23:00:00,0.0023400000
2026-04-06 00:00:00,0.0027050000
2026-04-06 01:00:00,-0.0012180000
2026-04-06 02:00:00,-0.0010890000
2026-04-06 03:00:00,-0.0003850000
2026-04-06 04:00:00,0.0034420000
2026-04-06 05:00:00,0.0051270000
2026-04-06 06:00:00,0.0092300000
2026-04-06 07:00:00,0.0082550000
2026-04-06 08:00:00,0.0082410000
2026-04-06 09:00:00,0.0084940000
2026-04-06 10:00:00,0.0100000000
2026-04-06 11:00:00,0.0100000000
2026-04-06 12:00:00,0.0052040000
2026-04-06 13:00:00,0.0034300000
2026-04-06 14:00:00,-0.0031270000
2026-04-06 15:00:00,-0.0021250000
2026-04-06 16:00:00,0.0018440000
2026-04-06 17:00:00,-0.0012300000
2026-04-06 18:00:00,-0.0026280000
2026-04-06 19:00:00,-0.0054070000
2026-04-06 20:00:00,-0.0092110000
2026-04-06 21:00:00,-0.0100180000
2026-04-06 22:00:00,-0.0075560000
2026-04-06 23:00:00,-0.0089790000
2026-04-07 00:00:00,-0.0056820000
2026-04-07 01:00:00,-0.0058550000
2026-04-07 02:00:00,-0.0051660000
2026-04-07 03:00:00,-0.0045030000
2026-04-07 04:00:00,-0.0000990000
2026-04-07 05:00:00,0.0009640000
2026-04-07 06:00:00,0.0007340000
2026-04-07 07:00:00,0.0008740000
2026-04-07 08:00:00,-0.0006750000
2026-04-07 09:00:00,-0.0027170000
2026-04-07 10:00:00,-0.0011670000
2026-04-07 11:00:00,0.0000020000
2026-04-07 12:00:00,-0.0007200000
2026-04-07 13:00:00,-0.0010180000
2026-04-07 14:00:00,0.0004770000
2026-04-07 15:00:00,0.0025870000
2026-04-07 16:00:00,0.0074790000
2026-04-07 17:00:00,0.0069710000
2026-04-07 18:00:00,0.0100000000
2026-04-07 19:00:00,0.0100000000
2026-04-07 20:00:00,0.0100000000
2026-04-07 21:00:00,0.0100000000
2026-04-07 22:00:00,0.0100000000
2026-04-07 23:00:00,0.0100000000
2026-04-08 00:00:00,0.0100000000
2026-04-08 01:00:00,0.0100000000
2026-04-08 02:00:00,0.0100000000
2026-04-08 03:00:00,0.0066560000
2026-04-08 04:00:00,0.0074700000
2026-04-08 05:00:00,0.0079090000
2026-04-08 06:00:00,0.0100000000
2026-04-08 07:00:00,0.0100000000
2026-04-08 08:00:00,0.0087740000
2026-04-08 09:00:00,0.0096750000
2026-04-08 10:00:00,0.0100000000
2026-04-08 11:00:00,0.0100000000
2026-04-08 12:00:00,0.0100000000
2026-04-08 13:00:00,0.0059170000
2026-04-08 14:00:00,0.0017780000
2026-04-08 15:00:00,0.0039980000
2026-04-08 16:00:00,0.0044900000
2026-04-08 17:00:00,0.0050100000
2026-04-08 18:00:00,0.0030420000
2026-04-08 19:00:00,0.0006760000
2026-04-08 20:00:00,-0.0020420000
2026-04-08 21:00:00,-0.0027640000
2026-04-08 22:00:00,-0.0002640000
2026-04-08 23:00:00,-0.0011030000
2026-04-09 00:00:00,-0.0009500000
2026-04-09 01:00:00,-0.0000050000
2026-04-09 02:00:00,-0.0012740000
2026-04-09 03:00:00,-0.0007240000
2026-04-09 04:00:00,-0.0007660000
2026-04-09 05:00:00,0.0006070000
2026-04-09 06:00:00,0.0053170000
2026-04-09 07:00:00,0.0078600000
2026-04-09 08:00:00,0.0035680000
2026-04-09 09:00:00,0.0000200000
2026-04-09 10:00:00,0.0007370000
2026-04-09 11:00:00,0.0042980000
2026-04-09 12:00:00,0.0062380000
2026-04-09 13:00:00,0.0084770000
2026-04-09 14:00:00,0.0086370000
2026-04-09 15:00:00,0.0071640000
2026-04-09 16:00:00,0.0100000000
2026-04-09 17:00:00,0.0077510000
2026-04-09 18:00:00,0.0089210000
2026-04-09 19:00:00,0.0100000000
2026-04-09 20:00:00,0.0100000000
2026-04-09 21:00:00,0.0100000000
2026-04-09 22:00:00,0.0100000000
2026-04-09 23:00:00,0.0100000000
2026-04-10 00:00:00,0.0100000000
2026-04-10 01:00:00,0.0100000000
2026-04-10 02:00:00,0.0100000000
2026-04-10 03:00:00,0.0100000000
2026-04-10 04:00:00,0.0100000000
2026-04-10 05:00:00,0.0065010000
2026-04-10 06:00:00,0.0022650000
2026-04-10 07:00:00,-0.0003550000
2026-04-10 08:00:00,-0.0004340000
2026-04-10 09:00:00,0.0034710000
2026-04-10 10:00:00,0.0087570000
2026-04-10 11:00:00,0.0079090000
2026-04-10 12:00:00,0.0061920000
2026-04-10 13:00:00,0.0048560000
2026-04-10 14:00:00,0.0070660000
2026-04-10 15:00:00,0.0055220000
2026-04-10 16:00:00,0.0066260000
2026-04-10 17:00:00,0.0081690000
2026-04-10 18:00:00,0.0068000000
2026-04-10 19:00:00,0.0085120000
2026-04-10 20:00:00,0.0100000000
2026-04-10 21:00:00,0.0100000000
2026-04-10 22:00:00,0.0100000000
2026-04-10 23:00:00,0.0100000000
2026-04-11 00:00:00,0.0100000000
2026-04-11 01:00:00,0.0100000000
2026-04-11 02:00:00,0.0100000000
2026-04-11 03:00:00,0.0100000000
2026-04-11 04:00:00,0.0100000000
2026-04-11 05:00:00,0.0084690000
2026-04-11 06:00:00,0.0044670000
2026-04-11 07:00:00,0.0036120000
2026-04-11 08:00:00,0.0031950000
2026-04-11 09:00:00,-0.0010450000
2026-04-11 10:00:00,-0.0028630000
2026-04-11 11:00:00,-0.0017830000
2026-04-11 12:00:00,-0.0015210000
2026-04-11 13:00:00,0.0016570000
2026-04-11 14:00:00,0.0039660000
2026-04-11 15:00:00,0.0023470000
2026-04-11 16:00:00,-0.0019620000
2026-04-11 17:00:00,-0.0033770000
2026-04-11 18:00:00,-0.0040000000
2026-04-11 19:00:00,-0.0028280000
2026-04-11 20:00:00,-0.0054100000
2026-04-11 21:00:00,-0.0054850000
2026-04-11 22:00:00,-0.0030070000
2026-04-11 23:00:00,-0.0019930000
2026-04-12 00:00:00,0.0016970000
2026-04-12 01:00:00,0.0035820000
2026-04-12 02:00:00,-0.0008970000
2026-04-12 03:00:00,-0.0028550000
2026-04-12 04:00:00,-0.0038150000
2026-04-12 05:00:00,-0.0052880000
2026-04-12 06:00:00,-0.0076610000
2026-04-12 07:00:00,-0.0068790000
2026-04-12 08:00:00,-0.0096290000
2026-04-12 09:00:00,-0.0163230000
2026-04-12 10:00:00,-0.0169650000
2026-04-12 11:00:00,-0.0149980000
2026-04-12 12:00:00,-0.0122540000
2026-04-12 13:00:00,-0.0099540000
2026-04-12 14:00:00,-0.0073610000
2026-04-12 15:00:00,-0.0031070000
2026-04-12 16:00:00,0.0025550000
2026-04-12 17:00:00,0.0066500000
2026-04-12 18:00:00,0.0100000000
2026-04-12 19:00:00,0.0100000000
2026-04-12 20:00:00,0.0097440000
2026-04-12 21:00:00,0.0046170000
2026-04-12 22:00:00,-0.0004680000
2026-04-12 23:00:00,-0.0018920000
2026-04-13 00:00:00,-0.0070290000
2026-04-13 01:00:00,-0.0148170000
2026-04-13 02:00:00,-0.0147180000
2026-04-13 03:00:00,-0.0080270000
2026-04-13 04:00:00,0.0004490000
2026-04-13 05:00:00,0.0023180000
2026-04-13 06:00:00,0.0014640000
2026-04-13 07:00:00,0.0039180000
2026-04-13 08:00:00,-0.0016840000
2026-04-13 09:00:00,-0.0047450000
2026-04-13 10:00:00,-0.0075160000
2026-04-13 11:00:00,-0.0136540000
2026-04-13 12:00:00,-0.0172820000
2026-04-13 13:00:00,-0.0143880000
2026-04-13 14:00:00,-0.0115930000
2026-04-13 15:00:00,-0.0054610000
2026-04-13 16:00:00,-0.0033810000
2026-04-13 17:00:00,0.0048070000
2026-04-13 18:00:00,0.0056960000
2026-04-13 19:00:00,0.0026380000
2026-04-13 20:00:00,0.0005430000
2026-04-13 21:00:00,0.0005230000
2026-04-13 22:00:00,0.0042790000
2026-04-13 23:00:00,0.0060690000
2026-04-14 00:00:00,0.0004080000
2026-04-14 01:00:00,-0.0001130000
2026-04-14 02:00:00,0.0054800000
2026-04-14 03:00:00,0.0100000000
2026-04-14 04:00:00,0.0085250000
2026-04-14 05:00:00,0.0081850000
2026-04-14 06:00:00,0.0034060000
2026-04-14 07:00:00,0.0068320000
2026-04-14 08:00:00,0.0080660000
2026-04-14 09:00:00,0.0100000000
2026-04-14 10:00:00,0.0100000000
2026-04-14 11:00:00,0.0100000000
2026-04-14 12:00:00,0.0100000000
2026-04-14 13:00:00,0.0100000000
2026-04-14 14:00:00,0.0100000000
2026-04-14 15:00:00,0.0100000000
2026-04-14 16:00:00,0.0100000000
2026-04-14 17:00:00,0.0077880000
2026-04-14 18:00:00,0.0035730000
2026-04-14 19:00:00,0.0016900000
2026-04-14 20:00:00,0.0002970000
2026-04-14 21:00:00,0.0011590000
2026-04-14 22:00:00,0.0025580000
2026-04-14 23:00:00,0.0027780000
2026-04-15 00:00:00,0.0015090000
2026-04-15 01:00:00,-0.0006770000
2026-04-15 02:00:00,0.0001590000
2026-04-15 03:00:00,-0.0032230000
2026-04-15 04:00:00,-0.0017270000
2026-04-15 05:00:00,-0.0021370000
2026-04-15 06:00:00,-0.0006470000
2026-04-15 07:00:00,0.0031660000
2026-04-15 08:00:00,0.0073450000
2026-04-15 09:00:00,0.0100000000
2026-04-15 10:00:00,0.0100000000
2026-04-15 11:00:00,0.0100000000
2026-04-15 12:00:00,0.0093880000
2026-04-15 13:00:00,0.0076380000
2026-04-15 14:00:00,-0.0014600000
2026-04-15 15:00:00,0.0022680000
2026-04-15 16:00:00,0.0021990000
2026-04-15 17:00:00,0.0013410000
2026-04-15 18:00:00,0.0050880000
2026-04-15 19:00:00,0.0067590000
2026-04-15 20:00:00,0.0100000000
2026-04-15 21:00:00,0.0100000000
2026-04-15 22:00:00,0.0100000000
2026-04-15 23:00:00,0.0100000000
2026-04-16 00:00:00,0.0100000000
2026-04-16 01:00:00,0.0100000000
2026-04-16 02:00:00,0.0100000000
2026-04-16 03:00:00,0.0100000000
2026-04-16 04:00:00,0.0100000000
2026-04-16 05:00:00,0.0100000000
2026-04-16 06:00:00,0.0088350000
2026-04-16 07:00:00,0.0018040000
2026-04-16 08:00:00,0.0036950000
2026-04-16 09:00:00,0.0096940000
2026-04-16 10:00:00,0.0100000000
2026-04-16 11:00:00,0.0100000000
2026-04-16 12:00:00,0.0100000000
2026-04-16 13:00:00,0.0100000000
2026-04-16 14:00:00,0.0100000000
2026-04-16 15:00:00,0.0100000000
2026-04-16 16:00:00,0.0100000000
2026-04-16 17:00:00,0.0096880000
2026-04-16 18:00:00,0.0100000000
2026-04-16 19:00:00,0.0100000000
2026-04-16 20:00:00,0.0100000000
2026-04-16 21:00:00,0.0100000000
2026-04-16 22:00:00,0.0100000000
2026-04-16 23:00:00,0.0100000000
2026-04-17 00:00:00,0.0100000000
2026-04-17 01:00:00,0.0100000000
2026-04-17 02:00:00,0.0100000000
2026-04-17 03:00:00,0.0100000000
2026-04-17 04:00:00,0.0100000000
2026-04-17 05:00:00,0.0100000000
2026-04-17 06:00:00,0.0100000000
2026-04-17 07:00:00,0.0095400000
2026-04-17 08:00:00,0.0028620000
2026-04-17 09:00:00,-0.0005760000
2026-04-17 10:00:00,-0.0040410000
2026-04-17 11:00:00,-0.0051680000
2026-04-17 12:00:00,-0.0003050000
2026-04-17 13:00:00,0.0048530000
2026-04-17 14:00:00,0.0092160000
2026-04-17 15:00:00,0.0071480000
2026-04-17 16:00:00,0.0039900000
2026-04-17 17:00:00,0.0048530000
2026-04-17 18:00:00,0.0035950000
2026-04-17 19:00:00,0.0034970000
2026-04-17 20:00:00,0.0047070000
2026-04-17 21:00:00,0.0058620000
2026-04-17 22:00:00,0.0100000000
2026-04-17 23:00:00,0.0100000000
2026-04-18 00:00:00,0.0100000000
2026-04-18 01:00:00,0.0100000000
2026-04-18 02:00:00,0.0100000000
2026-04-18 03:00:00,0.0092050000
2026-04-18 04:00:00,0.0082460000
2026-04-18 05:00:00,0.0051650000
2026-04-18 06:00:00,0.0028880000
2026-04-18 07:00:00,0.0066630000
2026-04-18 08:00:00,0.0100000000
2026-04-18 09:00:00,0.0078770000
2026-04-18 10:00:00,0.0081880000
2026-04-18 11:00:00,0.0074110000
2026-04-18 12:00:00,0.0023470000
2026-04-18 13:00:00,0.0016300000
2026-04-18 14:00:00,0.0057150000
2026-04-18 15:00:00,0.0100000000
2026-04-18 16:00:00,0.0098380000
2026-04-18 17:00:00,0.0100000000
2026-04-18 18:00:00,0.0100000000
2026-04-18 19:00:00,0.0092070000
2026-04-18 20:00:00,0.0093890000
2026-04-18 21:00:00,0.0100000000
2026-04-18 22:00:00,0.0100000000
2026-04-18 23:00:00,0.0100000000
2026-04-19 00:00:00,0.0100000000
2026-04-19 01:00:00,0.0065760000
2026-04-19 02:00:00,0.0058830000
2026-04-19 03:00:00,0.0022740000
2026-04-19 04:00:00,0.0016070000
2026-04-19 05:00:00,0.0003890000
2026-04-19 06:00:00,-0.0002460000
2026-04-19 07:00:00,0.0023170000
2026-04-19 08:00:00,0.0046240000
2026-04-19 09:00:00,0.0076570000
2026-04-19 10:00:00,0.0071510000
2026-04-19 11:00:00,0.0084160000
2026-04-19 12:00:00,0.0074340000
2026-04-19 13:00:00,0.0086850000
2026-04-19 14:00:00,0.0081180000
2026-04-19 15:00:00,0.0053490000
2026-04-19 16:00:00,0.0060650000
2026-04-19 17:00:00,0.0066690000
2026-04-19 18:00:00,0.0053940000
2026-04-19 19:00:00,0.0079430000
2026-04-19 20:00:00,0.0085190000
2026-04-19 21:00:00,0.0033980000
2026-04-19 22:00:00,0.0047330000
2026-04-19 23:00:00,0.0006370000
2026-04-20 00:00:00,0.0018050000
2026-04-20 01:00:00,0.0030240000
2026-04-20 02:00:00,0.0000960000
2026-04-20 03:00:00,0.0030230000
2026-04-20 04:00:00,0.0030070000
2026-04-20 05:00:00,0.0032110000
2026-04-20 06:00:00,-0.0005940000
2026-04-20 07:00:00,0.0017530000
2026-04-20 08:00:00,0.0027420000
2026-04-20 09:00:00,0.0003560000
2026-04-20 10:00:00,-0.0002800000
2026-04-20 11:00:00,-0.0001770000
2026-04-20 12:00:00,0.0018490000
2026-04-20 13:00:00,0.0073990000
2026-04-20 14:00:00,0.0079690000
2026-04-20 15:00:00,0.0091500000
2026-04-20 16:00:00,0.0100000000
2026-04-20 17:00:00,0.0071410000
2026-04-20 18:00:00,0.0096790000
2026-04-20 19:00:00,-0.0005970000
2026-04-20 20:00:00,0.0005040000
2026-04-20 21:00:00,0.0053700000
2026-04-20 22:00:00,0.0080630000
2026-04-20 23:00:00,0.0100000000
2026-04-21 00:00:00,0.0100000000
2026-04-21 01:00:00,0.0100000000
2026-04-21 02:00:00,0.0100000000
2026-04-21 03:00:00,0.0100000000
2026-04-21 04:00:00,0.0087890000
2026-04-21 05:00:00,0.0072380000
2026-04-21 06:00:00,0.0042720000
2026-04-21 07:00:00,0.0033180000
2026-04-21 08:00:00,0.0020790000
2026-04-21 09:00:00,0.0020630000
2026-04-21 10:00:00,0.0043090000
2026-04-21 11:00:00,0.0074850000
2026-04-21 12:00:00,0.0072320000
2026-04-21 13:00:00,0.0041820000
2026-04-21 14:00:00,0.0027090000
2026-04-21 15:00:00,0.0042360000
2026-04-21 16:00:00,0.0072500000
2026-04-21 17:00:00,0.0050130000
2026-04-21 18:00:00,0.0037070000
2026-04-21 19:00:00,0.0046080000
2026-04-21 20:00:00,0.0066720000
2026-04-21 21:00:00,0.0098950000
2026-04-21 22:00:00,0.0100000000
2026-04-21 23:00:00,0.0100000000
2026-04-22 00:00:00,0.0100000000
2026-04-22 01:00:00,0.0096430000
2026-04-22 02:00:00,0.0041100000
2026-04-22 03:00:00,0.0052940000
2026-04-22 04:00:00,0.0047690000
2026-04-22 05:00:00,0.0037070000
2026-04-22 06:00:00,0.0042600000
2026-04-22 07:00:00,0.0031320000
2026-04-22 08:00:00,0.0029260000
2026-04-22 09:00:00,-0.0019130000
2026-04-22 10:00:00,-0.0035440000
2026-04-22 11:00:00,-0.0007420000
2026-04-22 12:00:00,0.0013810000
2026-04-22 13:00:00,0.0008310000
2026-04-22 14:00:00,0.0047520000
2026-04-22 15:00:00,0.0039490000
2026-04-22 16:00:00,0.0029930000
2026-04-22 17:00:00,0.0046190000
2026-04-22 18:00:00,0.0046450000
2026-04-22 19:00:00,0.0067920000
2026-04-22 20:00:00,0.0076210000
2026-04-22 21:00:00,0.0076520000
2026-04-22 22:00:00,0.0098880000
2026-04-22 23:00:00,0.0091240000
2026-04-23 00:00:00,0.0086240000
2026-04-23 01:00:00,0.0044170000
2026-04-23 02:00:00,0.0025000000
2026-04-23 03:00:00,0.0005180000
2026-04-23 04:00:00,0.0009540000
2026-04-23 05:00:00,0.0035840000
2026-04-23 06:00:00,0.0055620000
2026-04-23 07:00:00,0.0037780000
2026-04-23 08:00:00,0.0004160000
2026-04-23 09:00:00,0.0002340000
2026-04-23 10:00:00,-0.0021250000
2026-04-23 11:00:00,-0.0040510000
2026-04-23 12:00:00,0.0004990000
2026-04-23 13:00:00,0.0000270000
2026-04-23 14:00:00,0.0003280000
2026-04-23 15:00:00,0.0049780000
2026-04-23 16:00:00,0.0065100000
2026-04-23 17:00:00,0.0053680000
2026-04-24 13:00:00,-0.0010670000
2026-04-24 14:00:00,0.0002590000
2026-04-24 15:00:00,0.0036970000
2026-04-24 16:00:00,0.0070800000
2026-04-24 17:00:00,0.0042380000
2026-04-24 18:00:00,0.0031690000
2026-04-24 19:00:00,0.0072290000
2026-04-24 20:00:00,0.0076220000
2026-04-24 21:00:00,0.0094480000
2026-04-24 22:00:00,0.0100000000
2026-04-24 23:00:00,0.0100000000
2026-04-25 00:00:00,0.0100000000
2026-04-25 01:00:00,0.0100000000
2026-04-25 02:00:00,0.0100000000
2026-04-25 03:00:00,0.0100000000
2026-04-25 04:00:00,0.0088250000
2026-04-25 05:00:00,0.0100000000
2026-04-25 06:00:00,0.0100000000
2026-04-25 07:00:00,0.0100000000
2026-04-25 08:00:00,0.0091980000
2026-04-25 09:00:00,0.0100000000
2026-04-25 10:00:00,0.0100000000
2026-04-25 11:00:00,0.0100000000
2026-04-25 12:00:00,0.0100000000
2026-04-25 13:00:00,0.0100000000
2026-04-25 14:00:00,0.0079860000
2026-04-25 15:00:00,0.0087680000
2026-04-25 16:00:00,0.0079720000
2026-04-25 17:00:00,0.0056240000
2026-04-25 18:00:00,0.0035030000
2026-04-25 19:00:00,0.0029770000
2026-04-25 20:00:00,0.0015300000
2026-04-25 21:00:00,0.0013780000
2026-04-25 22:00:00,-0.0020830000
2026-04-25 23:00:00,0.0009650000
2026-04-26 00:00:00,0.0022030000
2026-04-26 01:00:00,0.0000580000
2026-04-26 02:00:00,-0.0004460000
2026-04-26 03:00:00,0.0020120000
2026-04-26 04:00:00,0.0054160000
2026-04-26 05:00:00,0.0056240000
2026-04-26 06:00:00,0.0054070000
2026-04-26 07:00:00,0.0053420000
2026-04-26 08:00:00,0.0074580000
2026-04-26 09:00:00,0.0080510000
2026-04-26 10:00:00,0.0090770000
2026-04-26 11:00:00,0.0062760000
2026-04-26 12:00:00,0.0073420000
2026-04-26 13:00:00,0.0066120000
2026-04-26 14:00:00,0.0068020000
2026-04-26 15:00:00,0.0100000000
2026-04-26 16:00:00,0.0100000000
2026-04-26 17:00:00,0.0100000000
2026-04-26 18:00:00,0.0100000000
2026-04-26 19:00:00,0.0081090000
2026-04-26 20:00:00,0.0052320000
2026-04-26 21:00:00,0.0064300000
2026-04-26 22:00:00,0.0072300000
2026-04-26 23:00:00,0.0059480000
2026-04-27 00:00:00,0.0047270000
2026-04-27 01:00:00,0.0016490000
2026-04-27 02:00:00,-0.0010330000
2026-04-27 03:00:00,-0.0037260000
2026-04-27 04:00:00,-0.0037170000
2026-04-27 05:00:00,-0.0021870000
2026-04-27 06:00:00,-0.0021110000
2026-04-27 07:00:00,0.0004790000
2026-04-27 08:00:00,0.0016360000
2026-04-27 09:00:00,0.0058820000
2026-04-27 10:00:00,0.0089220000
2026-04-27 11:00:00,0.0100000000
2026-04-27 12:00:00,0.0100000000
2026-04-27 13:00:00,0.0082970000
2026-04-27 14:00:00,0.0037620000
2026-04-27 15:00:00,0.0021030000
2026-04-27 16:00:00,-0.0022910000
2026-04-27 17:00:00,0.0001330000
2026-04-27 18:00:00,-0.0016690000
2026-04-27 19:00:00,0.0017420000
2026-04-27 20:00:00,-0.0000990000
2026-04-27 21:00:00,0.0005340000
2026-04-27 22:00:00,0.0014760000
2026-04-27 23:00:00,-0.0007220000
2026-04-28 00:00:00,0.0012370000
2026-04-28 01:00:00,0.0046150000
2026-04-28 02:00:00,0.0100000000
2026-04-28 03:00:00,0.0100000000
2026-04-28 04:00:00,0.0100000000
2026-04-28 05:00:00,0.0100000000
2026-04-28 06:00:00,0.0100000000
2026-04-28 07:00:00,0.0100000000
2026-04-28 08:00:00,0.0100000000
2026-04-28 09:00:00,0.0093580000
2026-04-28 10:00:00,0.0062540000
2026-04-28 11:00:00,0.0042520000
2026-04-28 12:00:00,0.0019840000
2026-04-28 13:00:00,-0.0008820000
2026-04-28 14:00:00,0.0005370000
2026-04-28 15:00:00,-0.0003080000
2026-04-28 16:00:00,0.0021490000
2026-04-28 17:00:00,-0.0022210000
2026-04-28 18:00:00,-0.0063900000
2026-04-28 19:00:00,-0.0086870000
2026-04-28 20:00:00,-0.0115240000
2026-04-28 21:00:00,-0.0155900000
2026-04-28 22:00:00,-0.0118940000
2026-04-28 23:00:00,-0.0149420000
2026-04-29 00:00:00,-0.0109430000
2026-04-29 01:00:00,-0.0023120000
2026-04-29 02:00:00,-0.0034270000
2026-04-29 03:00:00,0.0010120000
2026-04-29 04:00:00,0.0053420000
2026-04-29 05:00:00,0.0039820000
2026-04-29 06:00:00,0.0062360000
2026-04-29 07:00:00,0.0048910000
2026-04-29 08:00:00,0.0028440000
2026-04-29 09:00:00,0.0015750000
2026-04-29 10:00:00,-0.0014160000
2026-04-29 11:00:00,-0.0001390000
2026-04-29 12:00:00,-0.0016590000
2026-04-29 13:00:00,-0.0011570000
2026-04-29 14:00:00,0.0026950000
2026-04-29 15:00:00,0.0057550000
2026-04-29 16:00:00,0.0058780000
2026-04-29 17:00:00,0.0040020000
2026-04-29 18:00:00,0.0033590000
2026-04-29 19:00:00,-0.0004850000
2026-04-29 20:00:00,-0.0062950000
2026-04-29 21:00:00,-0.0136160000
2026-04-29 22:00:00,-0.0120230000
2026-04-29 23:00:00,-0.0052790000
2026-04-30 00:00:00,-0.0074350000
2026-04-30 01:00:00,-0.0037920000
2026-04-30 02:00:00,-0.0055920000
2026-04-30 03:00:00,-0.0023250000
2026-04-30 04:00:00,-0.0007160000
2026-04-30 05:00:00,0.0022410000
2026-04-30 06:00:00,0.0017120000
2026-04-30 07:00:00,-0.0030230000
2026-04-30 08:00:00,-0.0067790000
2026-04-30 09:00:00,-0.0131770000
2026-04-30 10:00:00,-0.0160940000
2026-04-30 11:00:00,-0.0182180000
2026-04-30 12:00:00,-0.0171030000
2026-04-30 13:00:00,-0.0132850000
2026-04-30 14:00:00,-0.0070580000
2026-04-30 15:00:00,-0.0020570000
2026-04-30 16:00:00,0.0050200000
2026-04-30 17:00:00,0.0094110000
2026-04-30 18:00:00,0.0076150000
2026-04-30 19:00:00,0.0005500000
2026-04-30 20:00:00,-0.0033210000
2026-04-30 21:00:00,-0.0049650000
2026-04-30 22:00:00,-0.0054350000
2026-04-30 23:00:00,-0.0029930000
2026-05-01 00:00:00,-0.0011810000
2026-05-01 01:00:00,-0.0070340000
2026-05-01 02:00:00,-0.0075710000
2026-05-01 03:00:00,-0.0081210000
2026-05-01 04:00:00,-0.0078570000
2026-05-01 05:00:00,-0.0025120000
2026-05-01 06:00:00,0.0021160000
2026-05-01 07:00:00,0.0007170000
2026-05-01 08:00:00,-0.0006770000
2026-05-01 09:00:00,-0.0032020000
2026-05-01 10:00:00,-0.0016990000
2026-05-01 11:00:00,-0.0007280000
2026-05-01 12:00:00,-0.0010030000
2026-05-01 13:00:00,-0.0006480000
2026-05-01 14:00:00,-0.0001420000
2026-05-01 15:00:00,0.0017260000
2026-05-01 16:00:00,0.0022810000
2026-05-01 17:00:00,0.0010150000
2026-05-01 18:00:00,0.0019070000
2026-05-01 19:00:00,0.0004390000
2026-05-01 20:00:00,-0.0008110000
2026-05-01 21:00:00,-0.0001240000
2026-05-01 22:00:00,0.0048560000
2026-05-01 23:00:00,0.0056120000
2026-05-02 00:00:00,0.0063310000
2026-05-02 01:00:00,0.0057710000
2026-05-02 02:00:00,0.0066370000
2026-05-02 03:00:00,-0.0000500000
2026-05-02 04:00:00,-0.0021450000
2026-05-02 05:00:00,-0.0024460000
2026-05-02 06:00:00,0.0001450000
2026-05-02 07:00:00,0.0009320000
2026-05-02 08:00:00,0.0023670000
2026-05-02 09:00:00,0.0035570000
2026-05-02 10:00:00,0.0064310000
2026-05-02 11:00:00,0.0069060000
2026-05-02 12:00:00,0.0062680000
2026-05-02 13:00:00,0.0053720000
2026-05-02 14:00:00,0.0039580000
2026-05-02 15:00:00,0.0036540000
2026-05-02 16:00:00,0.0039490000
2026-05-02 17:00:00,0.0037490000
2026-05-02 18:00:00,0.0020250000
2026-05-02 19:00:00,0.0031590000
2026-05-02 20:00:00,0.0040130000
2026-05-02 21:00:00,0.0015080000
2026-05-02 22:00:00,0.0032300000
2026-05-02 23:00:00,0.0063240000
2026-05-03 00:00:00,0.0080750000
2026-05-03 01:00:00,0.0064040000
2026-05-03 02:00:00,-0.0004810000
2026-05-03 03:00:00,-0.0038410000
2026-05-03 04:00:00,-0.0089960000
2026-05-03 05:00:00,-0.0079090000
2026-05-03 06:00:00,-0.0133210000
2026-05-03 07:00:00,-0.0075300000
2026-05-03 08:00:00,-0.0017190000
2026-05-03 09:00:00,0.0023680000
2026-05-03 10:00:00,0.0035170000
2026-05-03 11:00:00,-0.0017330000
2026-05-03 12:00:00,-0.0028180000
2026-05-03 13:00:00,-0.0105250000
2026-05-03 14:00:00,-0.0165510000
2026-05-03 15:00:00,-0.0166450000
2026-05-03 16:00:00,-0.0086210000
2026-05-03 17:00:00,-0.0023630000
2026-05-03 18:00:00,0.0003030000
2026-05-03 19:00:00,-0.0005120000
2026-05-03 20:00:00,-0.0002410000
2026-05-03 21:00:00,0.0045130000
2026-05-03 22:00:00,0.0044980000
2026-05-03 23:00:00,0.0049050000
2026-05-04 00:00:00,0.0073480000
2026-05-04 01:00:00,0.0100000000
2026-05-04 02:00:00,0.0100000000
2026-05-04 03:00:00,0.0100000000
2026-05-04 04:00:00,0.0063010000
2026-05-04 05:00:00,-0.0002030000
2026-05-04 06:00:00,-0.0003060000
2026-05-04 07:00:00,-0.0007310000
2026-05-04 08:00:00,-0.0002060000
2026-05-04 09:00:00,-0.0032930000
2026-05-04 10:00:00,-0.0069880000
2026-05-04 11:00:00,-0.0062590000
2026-05-04 12:00:00,-0.0015400000
2026-05-04 13:00:00,0.0047990000
2026-05-04 14:00:00,0.0080420000
2026-05-04 15:00:00,0.0094660000
2026-05-04 16:00:00,0.0049980000
2026-05-04 17:00:00,0.0050830000
2026-05-04 18:00:00,0.0036420000
2026-05-04 19:00:00,0.0051010000
2026-05-04 20:00:00,0.0061730000
2026-05-04 21:00:00,-0.0005550000
2026-05-04 22:00:00,-0.0036940000
2026-05-04 23:00:00,-0.0059940000
2026-05-05 00:00:00,-0.0041330000
2026-05-05 01:00:00,-0.0046710000
2026-05-05 02:00:00,-0.0049820000
2026-05-05 03:00:00,-0.0067480000
2026-05-05 04:00:00,-0.0028770000
2026-05-05 05:00:00,0.0015300000
2026-05-05 06:00:00,-0.0003320000
2026-05-05 07:00:00,-0.0012220000
2026-05-05 08:00:00,0.0007930000
2026-05-05 09:00:00,0.0023510000
2026-05-05 10:00:00,0.0039260000
2026-05-05 11:00:00,-0.0041950000
2026-05-05 12:00:00,-0.0058650000
2026-05-05 13:00:00,-0.0068280000
2026-05-05 14:00:00,-0.0003750000
2026-05-05 15:00:00,0.0036990000
2026-05-05 16:00:00,0.0038610000
2026-05-05 17:00:00,0.0054020000
2026-05-05 18:00:00,0.0086620000
2026-05-05 19:00:00,0.0100000000
2026-05-05 20:00:00,0.0096000000
2026-05-05 21:00:00,0.0055700000
2026-05-05 22:00:00,0.0065060000
2026-05-05 23:00:00,0.0061160000
2026-05-06 00:00:00,0.0052410000
2026-05-06 01:00:00,0.0025460000
2026-05-06 02:00:00,0.0015640000
2026-05-06 03:00:00,-0.0030540000
2026-05-06 04:00:00,-0.0002440000
2026-05-06 05:00:00,0.0018110000
2026-05-06 06:00:00,0.0025080000
2026-05-06 07:00:00,0.0014710000
2026-05-06 08:00:00,0.0046360000
2026-05-06 09:00:00,0.0047040000
2026-05-06 10:00:00,0.0009010000
2026-05-06 11:00:00,-0.0010570000
2026-05-06 12:00:00,-0.0020240000
2026-05-06 13:00:00,-0.0003410000
2026-05-06 14:00:00,-0.0040660000
2026-05-06 15:00:00,0.0028270000
2026-05-06 16:00:00,0.0077060000
2026-05-06 17:00:00,0.0095330000
2026-05-06 18:00:00,0.0100000000
2026-05-06 19:00:00,0.0075800000
2026-05-06 20:00:00,0.0028400000
2026-05-06 21:00:00,0.0027600000
2026-05-06 22:00:00,0.0067470000
2026-05-06 23:00:00,0.0078230000
2026-05-07 00:00:00,0.0079630000
2026-05-07 01:00:00,0.0058620000
2026-05-07 02:00:00,0.0023930000
2026-05-07 03:00:00,0.0011370000
2026-05-07 04:00:00,-0.0015560000
2026-05-07 05:00:00,-0.0058850000
2026-05-07 06:00:00,-0.0067840000
2026-05-07 07:00:00,-0.0044980000
2026-05-07 08:00:00,0.0006920000
2026-05-07 09:00:00,-0.0005240000
2026-05-07 10:00:00,-0.0016900000
2026-05-07 11:00:00,0.0018260000
2026-05-07 12:00:00,0.0067660000
2026-05-07 13:00:00,0.0100000000
2026-05-07 14:00:00,0.0100000000
2026-05-07 15:00:00,0.0100000000
2026-05-07 16:00:00,0.0100000000
2026-05-07 17:00:00,0.0100000000
2026-05-07 18:00:00,0.0100000000
2026-05-07 19:00:00,0.0100000000
2026-05-07 20:00:00,0.0100000000
2026-05-07 21:00:00,0.0100000000
2026-05-07 22:00:00,0.0100000000
2026-05-07 23:00:00,0.0100000000
2026-05-08 00:00:00,0.0100000000
2026-05-08 01:00:00,0.0092650000
2026-05-08 02:00:00,0.0052090000
2026-05-08 03:00:00,0.0066160000
2026-05-08 04:00:00,0.0100000000
2026-05-08 05:00:00,0.0100000000
2026-05-08 06:00:00,0.0100000000
2026-05-08 07:00:00,0.0100000000
2026-05-08 08:00:00,0.0100000000
2026-05-08 09:00:00,0.0100000000
2026-05-08 10:00:00,0.0100000000
2026-05-08 11:00:00,0.0048490000
2026-05-08 12:00:00,-0.0013140000
2026-05-08 13:00:00,-0.0050090000
2026-05-08 14:00:00,-0.0062510000
2026-05-08 15:00:00,-0.0016090000
2026-05-08 16:00:00,0.0069950000
2026-05-08 17:00:00,0.0100000000
2026-05-08 18:00:00,0.0100000000
2026-05-08 19:00:00,0.0100000000
2026-05-08 20:00:00,0.0100000000
2026-05-08 21:00:00,0.0100000000
2026-05-08 22:00:00,0.0100000000
2026-05-08 23:00:00,0.0100000000
2026-05-09 00:00:00,0.0100000000
2026-05-09 01:00:00,0.0100000000
2026-05-09 02:00:00,0.0100000000
2026-05-09 03:00:00,0.0100000000
2026-05-09 04:00:00,0.0100000000
2026-05-09 05:00:00,0.0100000000
2026-05-09 06:00:00,0.0100000000
2026-05-09 07:00:00,0.0100000000
2026-05-09 08:00:00,0.0100000000
2026-05-09 09:00:00,0.0100000000
2026-05-09 10:00:00,0.0100000000
2026-05-09 11:00:00,0.0100000000
2026-05-09 12:00:00,0.0100000000
2026-05-09 13:00:00,0.0100000000
2026-05-09 14:00:00,0.0068670000
2026-05-09 15:00:00,0.0029270000
2026-05-09 16:00:00,0.0037200000
2026-05-09 17:00:00,0.0036390000
2026-05-09 18:00:00,0.0074980000
2026-05-09 19:00:00,0.0069200000
2026-05-09 20:00:00,0.0100000000
2026-05-09 21:00:00,0.0092590000
2026-05-09 22:00:00,0.0060150000
2026-05-09 23:00:00,0.0020710000
2026-05-10 00:00:00,-0.0071900000
2026-05-10 01:00:00,-0.0134260000
2026-05-10 02:00:00,-0.0164960000
2026-05-10 03:00:00,-0.0135510000
2026-05-10 04:00:00,-0.0145120000
2026-05-10 05:00:00,-0.0156420000
2026-05-10 06:00:00,-0.0108350000
2026-05-10 07:00:00,-0.0054790000
2026-05-10 08:00:00,-0.0024590000
2026-05-10 09:00:00,0.0042870000
2026-05-10 10:00:00,0.0050030000
2026-05-10 11:00:00,0.0081540000
2026-05-10 12:00:00,0.0100000000
2026-05-10 13:00:00,0.0100000000
2026-05-10 14:00:00,0.0071670000
2026-05-10 15:00:00,0.0002870000
2026-05-10 16:00:00,0.0003600000
2026-05-10 17:00:00,0.0038700000
2026-05-10 18:00:00,0.0082350000
2026-05-10 19:00:00,0.0099610000
2026-05-10 20:00:00,0.0100000000
2026-05-10 21:00:00,0.0100000000
2026-05-10 22:00:00,0.0100000000
2026-05-10 23:00:00,0.0100000000
2026-05-11 00:00:00,0.0100000000
2026-05-11 01:00:00,0.0100000000
2026-05-11 02:00:00,0.0100000000
2026-05-11 03:00:00,0.0100000000
2026-05-11 04:00:00,0.0100000000
2026-05-11 05:00:00,0.0100000000
2026-05-11 06:00:00,0.0100000000
2026-05-11 07:00:00,0.0100000000
2026-05-11 08:00:00,0.0100000000
2026-05-11 09:00:00,0.0100000000
2026-05-11 10:00:00,0.0100000000
2026-05-11 11:00:00,0.0100000000
2026-05-11 12:00:00,0.0060620000
2026-05-11 13:00:00,-0.0005650000
2026-05-11 14:00:00,0.0020560000
2026-05-11 15:00:00,0.0010390000
2026-05-11 16:00:00,-0.0024610000
2026-05-11 17:00:00,-0.0069070000
2026-05-11 18:00:00,-0.0079570000
2026-05-11 19:00:00,-0.0095980000
2026-05-11 20:00:00,-0.0097290000
2026-05-11 21:00:00,-0.0095760000
2026-05-11 22:00:00,-0.0083590000
2026-05-11 23:00:00,-0.0079440000
2026-05-12 00:00:00,-0.0060830000
2026-05-12 01:00:00,-0.0012610000
2026-05-12 02:00:00,-0.0044900000
2026-05-12 03:00:00,-0.0048190000
2026-05-12 04:00:00,-0.0038810000
2026-05-12 05:00:00,-0.0048030000
2026-05-12 06:00:00,-0.0023590000
2026-05-12 07:00:00,-0.0006430000
2026-05-12 08:00:00,-0.0006640000
2026-05-12 09:00:00,0.0003120000
2026-05-12 10:00:00,0.0007820000
2026-05-12 11:00:00,0.0030370000
2026-05-12 12:00:00,0.0023160000
2026-05-12 13:00:00,0.0046040000
2026-05-12 14:00:00,0.0060490000
2026-05-12 15:00:00,0.0038370000
2026-05-12 16:00:00,0.0079820000
2026-05-12 17:00:00,0.0100000000
2026-05-12 18:00:00,0.0100000000
2026-05-12 19:00:00,0.0100000000
2026-05-12 20:00:00,0.0100000000
2026-05-12 21:00:00,0.0100000000
2026-05-12 22:00:00,0.0100000000
2026-05-12 23:00:00,0.0100000000
2026-05-13 00:00:00,0.0100000000
2026-05-13 01:00:00,0.0100000000
2026-05-13 02:00:00,0.0100000000
2026-05-13 03:00:00,0.0100000000
2026-05-13 04:00:00,0.0100000000
2026-05-13 05:00:00,0.0100000000
2026-05-13 06:00:00,0.0100000000
2026-05-13 07:00:00,0.0100000000
2026-05-13 08:00:00,0.0100000000
2026-05-13 09:00:00,0.0100000000
2026-05-13 10:00:00,0.0100000000
2026-05-13 11:00:00,0.0100000000
2026-05-13 12:00:00,0.0100000000
2026-05-13 13:00:00,0.0040490000
2026-05-13 14:00:00,-0.0001050000
2026-05-13 15:00:00,0.0008150000
2026-05-13 16:00:00,-0.0014290000
2026-05-13 17:00:00,-0.0018710000
2026-05-13 18:00:00,-0.0012960000
2026-05-13 19:00:00,-0.0016160000
2026-05-13 20:00:00,-0.0019200000
2026-05-13 21:00:00,-0.0008750000
2026-05-13 22:00:00,-0.0000650000
2026-05-13 23:00:00,-0.0005290000
2026-05-14 00:00:00,0.0000450000
2026-05-14 01:00:00,-0.0009400000
2026-05-14 02:00:00,0.0019010000
2026-05-14 03:00:00,0.0039720000
2026-05-14 04:00:00,0.0050770000
2026-05-14 05:00:00,0.0091750000
2026-05-14 06:00:00,0.0100000000
2026-05-14 07:00:00,0.0100000000
2026-05-14 08:00:00,0.0100000000
2026-05-14 09:00:00,0.0096670000
2026-05-14 10:00:00,0.0082640000
2026-05-14 11:00:00,0.0084770000
2026-05-14 12:00:00,0.0034580000
2026-05-14 13:00:00,-0.0003770000
2026-05-14 14:00:00,0.0016030000
2026-05-14 15:00:00,0.0047650000
2026-05-14 16:00:00,0.0061730000
2026-05-14 17:00:00,0.0067210000
2026-05-14 18:00:00,0.0090250000
2026-05-14 19:00:00,0.0100000000
2026-05-14 20:00:00,0.0100000000
2026-05-14 21:00:00,0.0100000000
2026-05-14 22:00:00,0.0100000000
2026-05-14 23:00:00,0.0100000000
2026-05-15 00:00:00,0.0100000000
2026-05-15 01:00:00,0.0100000000
2026-05-15 02:00:00,0.0096780000
2026-05-15 03:00:00,0.0076560000
2026-05-15 04:00:00,0.0077570000
2026-05-15 05:00:00,0.0065700000
2026-05-15 06:00:00,0.0025300000
2026-05-15 07:00:00,0.0013670000
2026-05-15 08:00:00,0.0043730000
2026-05-15 09:00:00,0.0053600000
2026-05-15 10:00:00,0.0045670000
2026-05-15 11:00:00,0.0050710000
2026-05-15 12:00:00,0.0021870000
2026-05-15 13:00:00,-0.0035510000
2026-05-15 14:00:00,-0.0108860000
2026-05-15 15:00:00,-0.0137430000
2026-05-15 16:00:00,-0.0095100000
2026-05-15 17:00:00,-0.0088950000
2026-05-15 18:00:00,-0.0044300000
2026-05-15 19:00:00,-0.0039710000
2026-05-15 20:00:00,0.0012870000
2026-05-15 21:00:00,0.0017020000
2026-05-15 22:00:00,0.0036940000
2026-05-15 23:00:00,0.0072820000
2026-05-16 00:00:00,0.0100000000
2026-05-16 01:00:00,0.0100000000
2026-05-16 02:00:00,0.0062910000
2026-05-16 03:00:00,0.0034290000
2026-05-16 04:00:00,0.0034990000
2026-05-16 05:00:00,0.0030590000
2026-05-16 06:00:00,0.0040700000
2026-05-16 07:00:00,0.0016370000
2026-05-16 08:00:00,-0.0045880000
2026-05-16 09:00:00,-0.0121220000
2026-05-16 10:00:00,-0.0215000000
2026-05-16 11:00:00,-0.0231070000
2026-05-16 12:00:00,-0.0199660000
2026-05-16 13:00:00,-0.0155140000
2026-05-16 14:00:00,-0.0071380000
2026-05-16 15:00:00,0.0029730000
2026-05-16 16:00:00,0.0092500000
2026-05-16 17:00:00,0.0100000000
2026-05-16 18:00:00,0.0100000000
2026-05-16 19:00:00,0.0082460000
2026-05-16 20:00:00,0.0097790000
2026-05-16 21:00:00,0.0079470000
2026-05-16 22:00:00,0.0063160000
2026-05-16 23:00:00,0.0066730000
2026-05-17 00:00:00,0.0098240000
2026-05-17 01:00:00,0.0095350000
2026-05-17 02:00:00,0.0094290000
2026-05-17 03:00:00,0.0060220000
2026-05-17 04:00:00,0.0057660000
2026-05-17 05:00:00,0.0092690000
2026-05-17 06:00:00,0.0054460000
2026-05-17 07:00:00,0.0008000000
2026-05-17 08:00:00,0.0005670000
2026-05-17 09:00:00,0.0023360000
2026-05-17 10:00:00,0.0057630000
2026-05-17 11:00:00,0.0069080000
2026-05-17 12:00:00,0.0047490000
2026-05-17 13:00:00,0.0043190000
2026-05-17 14:00:00,0.0056320000
2026-05-17 15:00:00,0.0052630000
2026-05-17 16:00:00,0.0071480000
2026-05-17 17:00:00,0.0082160000
2026-05-17 18:00:00,0.0095720000
2026-05-17 19:00:00,0.0100000000
2026-05-17 20:00:00,0.0100000000
2026-05-17 21:00:00,0.0100000000
2026-05-17 22:00:00,0.0084430000
2026-05-17 23:00:00,0.0076970000
2026-05-18 00:00:00,0.0081900000
2026-05-18 01:00:00,0.0099310000
2026-05-18 02:00:00,0.0094520000
2026-05-18 03:00:00,0.0088660000
2026-05-18 04:00:00,0.0045550000
2026-05-18 05:00:00,0.0078140000
2026-05-18 06:00:00,0.0085000000
2026-05-18 07:00:00,0.0079710000
2026-05-18 08:00:00,0.0100000000
2026-05-18 09:00:00,0.0095440000
2026-05-18 10:00:00,0.0059780000
2026-05-18 11:00:00,0.0072910000
2026-05-18 12:00:00,0.0078120000
2026-05-18 13:00:00,0.0076710000
2026-05-18 14:00:00,0.0099640000
2026-05-18 15:00:00,0.0086820000
2026-05-18 16:00:00,0.0083100000
2026-05-18 17:00:00,0.0100000000
2026-05-18 18:00:00,0.0100000000
2026-05-18 19:00:00,0.0100000000
2026-05-18 20:00:00,0.0100000000
2026-05-18 21:00:00,0.0100000000
2026-05-18 22:00:00,0.0100000000
2026-05-18 23:00:00,0.0100000000
2026-05-19 00:00:00,0.0100000000
2026-05-19 01:00:00,0.0100000000
2026-05-19 02:00:00,0.0100000000
2026-05-19 03:00:00,0.0100000000
2026-05-19 04:00:00,0.0100000000
2026-05-19 05:00:00,0.0100000000
2026-05-19 06:00:00,0.0094580000
2026-05-19 07:00:00,0.0083910000
2026-05-19 08:00:00,0.0092110000
2026-05-19 09:00:00,0.0093360000
2026-05-19 10:00:00,0.0082890000
2026-05-19 11:00:00,0.0062380000
2026-05-19 12:00:00,0.0066910000
2026-05-19 13:00:00,0.0073580000
2026-05-19 14:00:00,0.0040890000
2026-05-19 15:00:00,0.0041480000
2026-05-19 16:00:00,0.0049100000
2026-05-19 17:00:00,0.0022450000
2026-05-19 18:00:00,0.0003380000
2026-05-19 19:00:00,0.0025730000
2026-05-19 20:00:00,-0.0013570000
2026-05-19 21:00:00,0.0006630000
2026-05-19 22:00:00,0.0016360000
2026-05-19 23:00:00,0.0031240000
2026-05-20 00:00:00,0.0042820000
2026-05-20 01:00:00,0.0054180000
2026-05-20 02:00:00,0.0061520000
2026-05-20 03:00:00,0.0069730000
2026-05-20 04:00:00,0.0052200000
2026-05-20 05:00:00,0.0028830000
2026-05-20 06:00:00,0.0014090000
2026-05-20 07:00:00,0.0018890000
2026-05-20 08:00:00,0.0052060000
2026-05-20 09:00:00,0.0069690000
2026-05-20 10:00:00,0.0090040000
2026-05-20 11:00:00,0.0100000000
2026-05-20 12:00:00,0.0100000000
2026-05-20 13:00:00,0.0100000000
2026-05-20 14:00:00,0.0075710000
2026-05-20 15:00:00,0.0064400000
2026-05-20 16:00:00,0.0044890000
2026-05-20 17:00:00,0.0055140000
2026-05-20 18:00:00,0.0077740000
2026-05-20 19:00:00,0.0100000000
2026-05-20 20:00:00,0.0100000000
2026-05-20 21:00:00,0.0100000000
2026-05-20 22:00:00,0.0066790000
2026-05-20 23:00:00,-0.0001080000
2026-05-21 00:00:00,-0.0038760000
2026-05-21 01:00:00,-0.0074350000
2026-05-21 02:00:00,-0.0024670000
2026-05-21 03:00:00,0.0021820000
2026-05-21 04:00:00,0.0067420000
2026-05-21 05:00:00,0.0100000000
2026-05-21 06:00:00,0.0100000000
2026-05-21 07:00:00,0.0100000000
2026-05-21 08:00:00,0.0100000000
2026-05-21 09:00:00,0.0100000000
2026-05-21 10:00:00,0.0081610000
2026-05-21 11:00:00,-0.0004120000
2026-05-21 12:00:00,-0.0087940000
2026-05-21 13:00:00,-0.0135770000
2026-05-21 14:00:00,-0.0155120000
2026-05-21 15:00:00,-0.0088320000
2026-05-21 16:00:00,0.0003030000
2026-05-21 17:00:00,0.0052020000
2026-05-21 18:00:00,0.0100000000
2026-05-21 19:00:00,0.0100000000
2026-05-21 20:00:00,0.0100000000
2026-05-21 21:00:00,0.0100000000
2026-05-21 22:00:00,0.0100000000
2026-05-21 23:00:00,0.0100000000
2026-05-22 00:00:00,0.0100000000
2026-05-22 01:00:00,0.0100000000
2026-05-22 02:00:00,0.0100000000
2026-05-22 03:00:00,0.0058630000
2026-05-22 04:00:00,-0.0007240000
2026-05-22 05:00:00,-0.0056700000
2026-05-22 06:00:00,-0.0070760000
2026-05-22 07:00:00,-0.0064780000
2026-05-22 08:00:00,-0.0066210000
2026-05-22 09:00:00,-0.0054620000
2026-05-22 10:00:00,-0.0034250000
2026-05-22 11:00:00,-0.0055790000
2026-05-22 12:00:00,-0.0051710000
2026-05-22 13:00:00,-0.0039230000
2026-05-22 14:00:00,-0.0014970000
2026-05-22 15:00:00,0.0003270000
2026-05-22 16:00:00,0.0004610000
2026-05-22 17:00:00,-0.0019940000
2026-05-22 18:00:00,-0.0029410000
2026-05-22 19:00:00,-0.0046240000
2026-05-22 20:00:00,-0.0071150000
2026-05-22 21:00:00,-0.0067950000
2026-05-22 22:00:00,-0.0035600000
2026-05-22 23:00:00,-0.0022820000
2026-05-23 00:00:00,-0.0036480000
2026-05-23 01:00:00,-0.0067940000
2026-05-23 02:00:00,-0.0074120000
2026-05-23 03:00:00,-0.0090240000
2026-05-23 04:00:00,-0.0108520000
2026-05-23 05:00:00,-0.0125250000
2026-05-23 06:00:00,-0.0155210000
2026-05-23 07:00:00,-0.0157060000
2026-05-23 08:00:00,-0.0133940000
2026-05-23 09:00:00,-0.0126490000
2026-05-23 10:00:00,-0.0154090000
2026-05-23 11:00:00,-0.0188660000
2026-05-23 12:00:00,-0.0246830000
2026-05-23 13:00:00,-0.0302940000
2026-05-23 14:00:00,-0.0315980000
2026-05-23 15:00:00,-0.0329650000
2026-05-23 16:00:00,-0.0308380000
2026-05-23 17:00:00,-0.0272040000
2026-05-23 18:00:00,-0.0243020000
2026-05-23 19:00:00,-0.0221430000
2026-05-23 20:00:00,-0.0205850000
2026-05-23 21:00:00,-0.0169620000
2026-05-23 22:00:00,-0.0157490000
2026-05-23 23:00:00,-0.0195570000
2026-05-24 00:00:00,-0.0254270000
2026-05-24 01:00:00,-0.0254150000
2026-05-24 02:00:00,-0.0227850000
2026-05-24 03:00:00,-0.0270340000
2026-05-24 04:00:00,-0.0302740000
2026-05-24 05:00:00,-0.0298650000
2026-05-24 06:00:00,-0.0324660000
2026-05-24 07:00:00,-0.0319240000
2026-05-24 08:00:00,-0.0326560000
2026-05-24 09:00:00,-0.0338720000
2026-05-24 10:00:00,-0.0347560000
2026-05-24 11:00:00,-0.0355160000
2026-05-24 12:00:00,-0.0307950000
2026-05-24 13:00:00,-0.0302540000
2026-05-24 14:00:00,-0.0321400000
2026-05-24 15:00:00,-0.0321060000
2026-05-24 16:00:00,-0.0264740000
2026-05-24 17:00:00,-0.0246510000
2026-05-24 18:00:00,-0.0231110000
2026-05-24 19:00:00,-0.0239720000
2026-05-24 20:00:00,-0.0245130000
2026-05-24 21:00:00,-0.0211780000
2026-05-24 22:00:00,-0.0191080000
2026-05-24 23:00:00,-0.0131520000
2026-05-25 00:00:00,-0.0101400000
2026-05-25 01:00:00,-0.0073150000
2026-05-25 02:00:00,-0.0114600000
2026-05-25 03:00:00,-0.0123670000
2026-05-25 04:00:00,-0.0103220000
2026-05-25 05:00:00,-0.0089290000
2026-05-25 06:00:00,-0.0029790000
2026-05-25 07:00:00,-0.0006730000
2026-05-25 08:00:00,0.0039620000
2026-05-25 09:00:00,0.0096380000
2026-05-25 10:00:00,0.0072820000
2026-05-25 11:00:00,0.0035490000
2026-05-25 12:00:00,0.0017810000
2026-05-25 13:00:00,-0.0006130000
2026-05-25 14:00:00,0.0021950000
2026-05-25 15:00:00,0.0022320000
2026-05-25 16:00:00,0.0020790000
2026-05-25 17:00:00,0.0075670000
2026-05-25 18:00:00,0.0043320000
2026-05-25 19:00:00,0.0043320000
2026-05-25 20:00:00,0.0058200000
2026-05-25 21:00:00,0.0087840000
2026-05-25 22:00:00,0.0095270000
2026-05-25 23:00:00,0.0100000000
2026-05-26 00:00:00,0.0100000000
2026-05-26 01:00:00,0.0066100000
2026-05-26 02:00:00,0.0024940000
2026-05-26 03:00:00,0.0022410000
2026-05-26 04:00:00,0.0016110000
2026-05-26 05:00:00,0.0017280000
2026-05-26 06:00:00,0.0043190000
2026-05-26 07:00:00,0.0051880000
2026-05-26 08:00:00,0.0027570000
2026-05-26 09:00:00,0.0027470000
2026-05-26 10:00:00,0.0016760000
2026-05-26 11:00:00,0.0048510000
2026-05-26 12:00:00,0.0040220000
2026-05-26 13:00:00,0.0046730000
2026-05-26 14:00:00,0.0050750000
2026-05-26 15:00:00,0.0022120000
2026-05-26 16:00:00,-0.0003080000
2026-05-26 17:00:00,0.0026660000
2026-05-26 18:00:00,-0.0003770000
2026-05-26 19:00:00,0.0000580000
2026-05-26 20:00:00,0.0025560000
2026-05-26 21:00:00,-0.0010810000
2026-05-26 22:00:00,-0.0005800000
2026-05-26 23:00:00,0.0024260000
2026-05-27 00:00:00,0.0064470000
2026-05-27 01:00:00,0.0067370000
2026-05-27 02:00:00,0.0006390000
2026-05-27 03:00:00,0.0012630000
2026-05-27 04:00:00,0.0015860000
2026-05-27 05:00:00,0.0000330000
2026-05-27 06:00:00,0.0015590000
2026-05-27 07:00:00,0.0068830000
2026-05-27 08:00:00,0.0080770000
2026-05-27 09:00:00,0.0023560000
2026-05-27 10:00:00,0.0002830000
2026-05-27 11:00:00,0.0023370000
2026-05-27 12:00:00,0.0062630000
2026-05-27 13:00:00,0.0076710000
2026-05-27 14:00:00,0.0069650000
2026-05-27 15:00:00,0.0069930000
2026-05-27 16:00:00,0.0100000000
2026-05-27 17:00:00,0.0077910000
2026-05-27 18:00:00,0.0030770000
2026-05-27 19:00:00,-0.0002610000
2026-05-27 20:00:00,-0.0003810000
2026-05-27 21:00:00,-0.0010250000
2026-05-27 22:00:00,-0.0017110000
2026-05-27 23:00:00,-0.0057070000
2026-05-28 00:00:00,-0.0047230000
2026-05-28 01:00:00,-0.0034300000
2026-05-28 02:00:00,-0.0048120000
2026-05-28 03:00:00,-0.0017430000
2026-05-28 04:00:00,-0.0019060000
2026-05-28 05:00:00,-0.0099500000
2026-05-28 06:00:00,-0.0123930000
2026-05-28 07:00:00,-0.0114560000
2026-05-28 08:00:00,-0.0112120000
2026-05-28 09:00:00,-0.0111740000
2026-05-28 10:00:00,-0.0076850000
2026-05-28 11:00:00,-0.0066920000
2026-05-28 12:00:00,-0.0043720000
2026-05-28 13:00:00,-0.0003190000
2026-05-28 14:00:00,0.0017880000
2026-05-28 15:00:00,0.0046460000
2026-05-28 16:00:00,0.0052900000
2026-05-28 17:00:00,0.0073890000
2026-05-28 18:00:00,0.0083540000
2026-05-28 19:00:00,0.0074540000
2026-05-28 20:00:00,0.0052100000
2026-05-28 21:00:00,0.0069410000
2026-05-28 22:00:00,0.0023940000
2026-05-28 23:00:00,-0.0004740000
2026-05-29 00:00:00,0.0003590000
2026-05-29 01:00:00,0.0006930000
2026-05-29 02:00:00,0.0030610000
2026-05-29 03:00:00,0.0016160000
2026-05-29 04:00:00,0.0008510000
2026-05-29 05:00:00,0.0020470000
2026-05-29 06:00:00,0.0014140000
2026-05-29 07:00:00,0.0002890000
2026-05-29 08:00:00,0.0033370000
2026-05-29 09:00:00,0.0061870000
2026-05-29 10:00:00,0.0088300000
2026-05-29 11:00:00,0.0030750000
2026-05-29 12:00:00,-0.0016520000
2026-05-29 13:00:00,-0.0007630000
2026-05-29 14:00:00,0.0020830000
2026-05-29 15:00:00,-0.0006350000
2026-05-29 16:00:00,-0.0001880000
2026-05-29 17:00:00,0.0006380000
2026-05-29 18:00:00,-0.0032440000
2026-05-29 19:00:00,-0.0051910000
2026-05-29 20:00:00,-0.0096530000
2026-05-29 21:00:00,-0.0118540000
2026-05-29 22:00:00,-0.0145660000
2026-05-29 23:00:00,-0.0158530000
2026-05-30 00:00:00,-0.0224820000
2026-05-30 01:00:00,-0.0259100000
2026-05-30 02:00:00,-0.0205760000
2026-05-30 03:00:00,-0.0113500000
2026-05-30 04:00:00,-0.0058450000
2026-05-30 05:00:00,-0.0002220000
2026-05-30 06:00:00,0.0027800000
2026-05-30 07:00:00,0.0015850000
2026-05-30 08:00:00,0.0001430000
2026-05-30 09:00:00,-0.0009760000
2026-05-30 10:00:00,-0.0013300000
2026-05-30 11:00:00,-0.0032300000
2026-05-30 12:00:00,-0.0033470000
2026-05-30 13:00:00,-0.0039090000
2026-05-30 14:00:00,-0.0051610000
2026-05-30 15:00:00,-0.0079060000
2026-05-30 16:00:00,-0.0070840000
2026-05-30 17:00:00,-0.0014440000
2026-05-30 18:00:00,0.0017380000
2026-05-30 19:00:00,0.0033680000
2026-05-30 20:00:00,0.0047100000
2026-05-30 21:00:00,0.0063310000
2026-05-30 22:00:00,0.0056640000
2026-05-30 23:00:00,0.0012980000
2026-05-31 00:00:00,-0.0026270000
2026-05-31 01:00:00,-0.0065080000
2026-05-31 02:00:00,-0.0131290000
2026-05-31 03:00:00,-0.0119990000
2026-05-31 04:00:00,-0.0077160000
2026-05-31 05:00:00,-0.0063710000
2026-05-31 06:00:00,-0.0068130000
2026-05-31 07:00:00,-0.0133650000
2026-05-31 08:00:00,-0.0234320000
2026-05-31 09:00:00,-0.0284320000
2026-05-31 10:00:00,-0.0329910000
2026-05-31 11:00:00,-0.0298290000
2026-05-31 12:00:00,-0.0202010000
2026-05-31 13:00:00,-0.0096770000
2026-05-31 14:00:00,0.0025860000
2026-05-31 15:00:00,-0.0013750000
2026-05-31 16:00:00,-0.0023650000
2026-05-31 17:00:00,-0.0007170000
2026-05-31 18:00:00,-0.0052110000
2026-05-31 19:00:00,-0.0021670000
2026-05-31 20:00:00,0.0019890000
2026-05-31 21:00:00,0.0081260000
2026-05-31 22:00:00,0.0100000000
2026-05-31 23:00:00,0.0100000000
2026-06-01 00:00:00,0.0100000000
2026-06-01 01:00:00,0.0100000000
2026-06-01 02:00:00,0.0100000000
2026-06-01 03:00:00,0.0100000000
2026-06-01 04:00:00,0.0100000000
2026-06-01 05:00:00,0.0100000000
2026-06-01 06:00:00,0.0100000000
2026-06-01 07:00:00,0.0100000000
2026-06-01 08:00:00,0.0100000000
2026-06-01 09:00:00,0.0100000000
2026-06-01 10:00:00,0.0100000000
2026-06-01 11:00:00,0.0100000000
2026-06-01 12:00:00,0.0100000000
2026-06-01 13:00:00,0.0100000000
2026-06-01 14:00:00,0.0100000000
2026-06-01 15:00:00,0.0100000000
2026-06-01 16:00:00,0.0100000000
2026-06-01 17:00:00,0.0100000000
2026-06-01 18:00:00,0.0100000000
2026-06-01 19:00:00,0.0100000000
2026-06-01 20:00:00,0.0100000000
2026-06-01 21:00:00,0.0100000000
2026-06-01 22:00:00,0.0100000000
2026-06-01 23:00:00,0.0100000000
2026-06-02 00:00:00,0.0100000000
2026-06-02 01:00:00,0.0100000000
2026-06-02 02:00:00,0.0100000000
2026-06-02 03:00:00,0.0100000000
2026-06-02 04:00:00,0.0100000000
2026-06-02 05:00:00,0.0100000000
2026-06-02 06:00:00,0.0100000000
2026-06-02 07:00:00,0.0100000000
2026-06-02 08:00:00,0.0100000000
2026-06-02 09:00:00,0.0100000000
2026-06-02 10:00:00,0.0100000000
2026-06-02 11:00:00,0.0100000000
2026-06-02 12:00:00,0.0100000000
2026-06-02 13:00:00,0.0100000000
2026-06-02 14:00:00,0.0100000000
2026-06-02 15:00:00,0.0100000000
2026-06-02 16:00:00,0.0100000000
2026-06-02 17:00:00,0.0100000000
2026-06-02 18:00:00,0.0100000000
2026-06-02 19:00:00,0.0100000000
2026-06-02 20:00:00,0.0100000000
2026-06-02 21:00:00,0.0088140000
2026-06-02 22:00:00,0.0084230000
2026-06-02 23:00:00,0.0034780000
2026-06-03 00:00:00,0.0002420000
2026-06-03 01:00:00,-0.0011420000
2026-06-03 02:00:00,0.0014240000
2026-06-03 03:00:00,0.0063180000
2026-06-03 04:00:00,0.0089950000
2026-06-03 05:00:00,0.0100000000
2026-06-03 06:00:00,0.0100000000
2026-06-03 07:00:00,0.0100000000
2026-06-03 08:00:00,0.0100000000
2026-06-03 09:00:00,0.0100000000
2026-06-03 10:00:00,0.0100000000
2026-06-03 11:00:00,0.0100000000
2026-06-03 12:00:00,0.0100000000
2026-06-03 13:00:00,0.0093910000
2026-06-03 14:00:00,0.0066170000
2026-06-03 15:00:00,0.0075400000
2026-06-03 16:00:00,0.0100000000
2026-06-03 17:00:00,0.0100000000
2026-06-03 18:00:00,0.0098130000
2026-06-03 19:00:00,0.0100000000
2026-06-03 20:00:00,0.0082580000
2026-06-03 21:00:00,0.0033580000
2026-06-03 22:00:00,0.0033150000
2026-06-03 23:00:00,0.0037980000
2026-06-04 00:00:00,0.0035660000
2026-06-04 01:00:00,0.0012550000
2026-06-04 02:00:00,-0.0067260000
2026-06-04 03:00:00,-0.0151620000
2026-06-04 04:00:00,-0.0281850000
2026-06-04 05:00:00,-0.0378940000
2026-06-04 06:00:00,-0.0439850000
2026-06-04 07:00:00,-0.0506020000
2026-06-04 08:00:00,-0.0546410000
2026-06-04 09:00:00,-0.0604250000
2026-06-04 10:00:00,-0.0638000000
2026-06-04 11:00:00,-0.0681970000
2026-06-04 12:00:00,-0.0690310000
2026-06-04 13:00:00,-0.0707630000
2026-06-04 14:00:00,-0.0674060000
2026-06-04 15:00:00,-0.0670540000
2026-06-04 16:00:00,-0.0607690000
2026-06-04 17:00:00,-0.0557080000
2026-06-04 18:00:00,-0.0529630000
2026-06-04 19:00:00,-0.0508290000
2026-06-04 20:00:00,-0.0459630000
2026-06-04 21:00:00,-0.0433650000
2026-06-04 22:00:00,-0.0500970000
2026-06-04 23:00:00,-0.0548940000
2026-06-05 00:00:00,-0.0491310000
2026-06-05 01:00:00,-0.0480560000
2026-06-05 02:00:00,-0.0390650000
2026-06-05 03:00:00,-0.0277750000
2026-06-05 04:00:00,-0.0178760000
2026-06-05 05:00:00,-0.0166720000
2026-06-05 06:00:00,-0.0177640000
2026-06-05 07:00:00,-0.0165860000
2026-06-05 08:00:00,-0.0123370000
2026-06-05 09:00:00,-0.0151190000
2026-06-05 10:00:00,-0.0175450000
2026-06-05 11:00:00,-0.0228880000
2026-06-05 12:00:00,-0.0265890000
2026-06-05 13:00:00,-0.0311210000
2026-06-05 14:00:00,-0.0312270000
2026-06-05 15:00:00,-0.0278520000
2026-06-05 16:00:00,-0.0235230000
2026-06-05 17:00:00,-0.0238380000
2026-06-05 18:00:00,-0.0192330000
2026-06-05 19:00:00,-0.0176350000
2026-06-05 20:00:00,-0.0190320000
2026-06-05 21:00:00,-0.0214020000
2026-06-05 22:00:00,-0.0204770000
2026-06-05 23:00:00,-0.0202460000
2026-06-06 00:00:00,-0.0199410000
2026-06-06 01:00:00,-0.0168630000
2026-06-06 02:00:00,-0.0153410000
2026-06-06 03:00:00,-0.0141330000
2026-06-06 04:00:00,-0.0103600000
2026-06-06 05:00:00,-0.0115670000
2026-06-06 06:00:00,-0.0111370000
2026-06-06 07:00:00,-0.0136440000
2026-06-06 08:00:00,-0.0116380000
2026-06-06 09:00:00,-0.0125110000
2026-06-06 10:00:00,-0.0132500000
2026-06-06 11:00:00,-0.0186350000
2026-06-06 12:00:00,-0.0188990000
2026-06-06 13:00:00,-0.0153460000
2026-06-06 14:00:00,-0.0090580000
2026-06-06 15:00:00,-0.0057250000
2026-06-06 16:00:00,-0.0053640000
2026-06-06 17:00:00,-0.0033080000
2026-06-06 18:00:00,-0.0020000000
2026-06-06 19:00:00,-0.0030340000
2026-06-06 20:00:00,-0.0073280000
2026-06-06 21:00:00,-0.0088780000
2026-06-06 22:00:00,-0.0069630000
2026-06-06 23:00:00,-0.0042530000
2026-06-07 00:00:00,-0.0041500000
2026-06-07 01:00:00,-0.0047070000
2026-06-07 02:00:00,-0.0044600000
2026-06-07 03:00:00,-0.0096220000
2026-06-07 04:00:00,-0.0119910000
2026-06-07 05:00:00,-0.0124850000
2026-06-07 06:00:00,-0.0131520000
2026-06-07 07:00:00,-0.0134410000
2026-06-07 08:00:00,-0.0142130000
2026-06-07 09:00:00,-0.0134740000
2026-06-07 10:00:00,-0.0088680000
2026-06-07 11:00:00,-0.0117830000
2026-06-07 12:00:00,-0.0156180000
2026-06-07 13:00:00,-0.0151370000
2026-06-07 14:00:00,-0.0123940000
2026-06-07 15:00:00,-0.0091590000
2026-06-07 16:00:00,-0.0054120000
2026-06-07 17:00:00,-0.0030030000
2026-06-07 18:00:00,0.0002620000
2026-06-07 19:00:00,-0.0016130000
2026-06-07 20:00:00,-0.0099250000
2026-06-07 21:00:00,-0.0157910000
2026-06-07 22:00:00,-0.0228520000
2026-06-07 23:00:00,-0.0140990000
2026-06-08 00:00:00,-0.0052670000
2026-06-08 01:00:00,-0.0008890000
2026-06-08 02:00:00,-0.0022290000
2026-06-08 03:00:00,-0.0059530000
2026-06-08 04:00:00,-0.0095520000
2026-06-08 05:00:00,-0.0167400000
2026-06-08 06:00:00,-0.0264160000
2026-06-08 07:00:00,-0.0368990000
2026-06-08 08:00:00,-0.0331690000
2026-06-08 09:00:00,-0.0261330000
2026-06-08 10:00:00,-0.0215860000
2026-06-08 11:00:00,-0.0161060000
2026-06-08 12:00:00,-0.0096720000
2026-06-08 13:00:00,-0.0069660000
2026-06-08 14:00:00,-0.0070040000
2026-06-08 15:00:00,-0.0078400000
2026-06-08 16:00:00,-0.0146900000
2026-06-08 17:00:00,-0.0194370000
2026-06-08 18:00:00,-0.0343970000
2026-06-08 19:00:00,-0.0389370000
2026-06-08 20:00:00,-0.0381530000
2026-06-08 21:00:00,-0.0330620000
2026-06-08 22:00:00,-0.0249920000
2026-06-08 23:00:00,-0.0168420000
2026-06-09 00:00:00,-0.0127390000
2026-06-09 01:00:00,-0.0141510000
2026-06-09 02:00:00,-0.0148970000
2026-06-09 03:00:00,-0.0155330000
2026-06-09 04:00:00,-0.0158470000
2026-06-09 05:00:00,-0.0139890000
2026-06-09 06:00:00,-0.0103240000
2026-06-09 07:00:00,-0.0078400000
2026-06-09 08:00:00,-0.0116030000
2026-06-09 09:00:00,-0.0130750000
2026-06-09 10:00:00,-0.0160520000
2026-06-09 11:00:00,-0.0238050000
2026-06-09 12:00:00,-0.0356960000
2026-06-09 13:00:00,-0.0441420000
2026-06-09 14:00:00,-0.0330010000
2026-06-09 15:00:00,-0.0203870000
2026-06-09 16:00:00,-0.0173210000
2026-06-09 17:00:00,-0.0250810000
2026-06-09 18:00:00,-0.0157020000
2026-06-09 19:00:00,-0.0044260000
2026-06-09 20:00:00,0.0036380000
2026-06-09 21:00:00,0.0079820000
2026-06-09 22:00:00,0.0079410000
2026-06-09 23:00:00,0.0015530000
2026-06-10 00:00:00,-0.0053430000
2026-06-10 01:00:00,-0.0116840000
2026-06-10 02:00:00,-0.0191710000
2026-06-10 03:00:00,-0.0222680000
2026-06-10 04:00:00,-0.0159890000
2026-06-10 05:00:00,-0.0134950000
2026-06-10 06:00:00,-0.0029420000
2026-06-10 07:00:00,0.0061470000
2026-06-10 08:00:00,0.0100000000
2026-06-10 09:00:00,0.0100000000
2026-06-10 10:00:00,0.0100000000
2026-06-10 11:00:00,0.0100000000
2026-06-10 12:00:00,0.0079590000
2026-06-10 13:00:00,0.0031250000
2026-06-10 14:00:00,-0.0005810000
2026-06-10 15:00:00,-0.0045380000
2026-06-10 16:00:00,-0.0057810000
2026-06-10 17:00:00,-0.0072170000
2026-06-10 18:00:00,-0.0050830000
2026-06-10 19:00:00,-0.0010050000
2026-06-10 20:00:00,0.0035390000
2026-06-10 21:00:00,0.0031720000
2026-06-10 22:00:00,-0.0010660000
2026-06-10 23:00:00,-0.0121350000
2026-06-11 00:00:00,-0.0152870000
2026-06-11 01:00:00,-0.0151760000
2026-06-11 02:00:00,-0.0149280000
2026-06-11 03:00:00,-0.0117760000
2026-06-11 04:00:00,-0.0077990000
2026-06-11 05:00:00,-0.0025830000
2026-06-11 06:00:00,-0.0002000000
2026-06-11 07:00:00,0.0035190000
2026-06-11 08:00:00,0.0025690000
2026-06-11 09:00:00,-0.0029570000
2026-06-11 10:00:00,-0.0095160000
2026-06-11 11:00:00,-0.0153610000
2026-06-11 12:00:00,-0.0195590000
2026-06-11 13:00:00,-0.0250540000
2026-06-11 14:00:00,-0.0278400000
2026-06-11 15:00:00,-0.0184210000
2026-06-11 16:00:00,-0.0220380000
2026-06-11 17:00:00,-0.0191320000
2026-06-11 18:00:00,-0.0191650000
2026-06-11 19:00:00,-0.0171680000
2026-06-11 20:00:00,-0.0191100000
2026-06-11 21:00:00,-0.0224370000
2026-06-11 22:00:00,-0.0228690000
2026-06-11 23:00:00,-0.0226850000
2026-06-12 00:00:00,-0.0213240000
2026-06-12 01:00:00,-0.0307710000
2026-06-12 02:00:00,-0.0333490000
2026-06-12 03:00:00,-0.0337120000
2026-06-12 04:00:00,-0.0313300000
2026-06-12 05:00:00,-0.0288270000
2026-06-12 06:00:00,-0.0271280000
2026-06-12 07:00:00,-0.0301270000
2026-06-12 08:00:00,-0.0340200000
2026-06-12 09:00:00,-0.0354120000
2026-06-12 10:00:00,-0.0355830000
2026-06-12 11:00:00,-0.0436660000
2026-06-12 12:00:00,-0.0489800000
2026-06-12 13:00:00,-0.0530360000
2026-06-12 14:00:00,-0.0582760000
2026-06-12 15:00:00,-0.0608620000
2026-06-12 16:00:00,-0.0590770000
2026-06-12 17:00:00,-0.0648590000
2026-06-12 18:00:00,-0.0648130000
2026-06-12 19:00:00,-0.0706260000
2026-06-12 20:00:00,-0.0750520000
2026-06-12 21:00:00,-0.0764110000
2026-06-12 22:00:00,-0.0734770000
2026-06-12 23:00:00,-0.0759790000
2026-06-13 00:00:00,-0.0766100000
2026-06-13 01:00:00,-0.0728310000
2026-06-13 02:00:00,-0.0753370000
2026-06-13 03:00:00,-0.0690270000
2026-06-13 04:00:00,-0.0600280000
2026-06-13 05:00:00,-0.0541740000
2026-06-13 06:00:00,-0.0533070000
2026-06-13 07:00:00,-0.0526030000
2026-06-13 08:00:00,-0.0486520000
2026-06-13 09:00:00,-0.0457130000
2026-06-13 10:00:00,-0.0431890000
2026-06-13 11:00:00,-0.0421170000
2026-06-13 12:00:00,-0.0423630000
2026-06-13 13:00:00,-0.0444380000
2026-06-13 14:00:00,-0.0452820000
2026-06-13 15:00:00,-0.0503830000
2026-06-13 16:00:00,-0.0506990000
2026-06-13 17:00:00,-0.0586460000
2026-06-13 18:00:00,-0.0685530000
2026-06-13 19:00:00,-0.0722610000
2026-06-13 20:00:00,-0.0755300000
2026-06-13 21:00:00,-0.0786220000
2026-06-13 22:00:00,-0.0754490000
2026-06-13 23:00:00,-0.0730580000
2026-06-14 00:00:00,-0.0659530000
2026-06-14 01:00:00,-0.0551430000
2026-06-14 02:00:00,-0.0516160000
2026-06-14 03:00:00,-0.0456270000
2026-06-14 04:00:00,-0.0386240000
2026-06-14 05:00:00,-0.0368630000
2026-06-14 06:00:00,-0.0352290000
2026-06-14 07:00:00,-0.0374940000
2026-06-14 08:00:00,-0.0363300000
2026-06-14 09:00:00,-0.0326930000
2026-06-14 10:00:00,-0.0292350000
2026-06-14 11:00:00,-0.0291360000
2026-06-14 12:00:00,-0.0275220000
2026-06-14 13:00:00,-0.0287840000
2026-06-14 14:00:00,-0.0248740000
2026-06-14 15:00:00,-0.0295110000
2026-06-14 16:00:00,-0.0283950000
2026-06-14 17:00:00,-0.0296870000
2026-06-14 18:00:00,-0.0373730000
2026-06-14 19:00:00,-0.0335320000
2026-06-14 20:00:00,-0.0307580000
2026-06-14 21:00:00,-0.0269540000
2026-06-14 22:00:00,-0.0164020000
2026-06-14 23:00:00,-0.0078500000
2026-06-15 00:00:00,-0.0009080000
2026-06-15 01:00:00,0.0054070000
2026-06-15 02:00:00,0.0097090000
2026-06-15 03:00:00,0.0100000000
2026-06-15 04:00:00,0.0100000000
2026-06-15 05:00:00,0.0100000000
2026-06-15 06:00:00,0.0100000000
2026-06-15 07:00:00,0.0080900000
2026-06-15 08:00:00,-0.0055930000
2026-06-15 09:00:00,-0.0179760000
2026-06-15 10:00:00,-0.0369960000
2026-06-15 11:00:00,-0.0513350000
2026-06-15 12:00:00,-0.0641100000
2026-06-15 13:00:00,-0.0724740000
2026-06-15 14:00:00,-0.0715590000
2026-06-15 15:00:00,-0.0588180000
2026-06-15 16:00:00,-0.0476870000
2026-06-15 17:00:00,-0.0401370000
2026-06-15 18:00:00,-0.0316820000
2026-06-15 19:00:00,-0.0287390000
2026-06-15 20:00:00,-0.0373530000
2026-06-15 21:00:00,-0.0442400000
2026-06-15 22:00:00,-0.0464260000
2026-06-15 23:00:00,-0.0564080000
2026-06-16 00:00:00,-0.0624070000
2026-06-16 01:00:00,-0.0713880000
2026-06-16 02:00:00,-0.0775020000
2026-06-16 03:00:00,-0.0883240000
2026-06-16 04:00:00,-0.0934370000
2026-06-16 05:00:00,-0.0961490000
2026-06-16 06:00:00,-0.0955140000
2026-06-16 07:00:00,-0.0915800000
2026-06-16 08:00:00,-0.0840010000
2026-06-16 09:00:00,-0.0747830000
2026-06-16 10:00:00,-0.0617350000
2026-06-16 11:00:00,-0.0523080000
2026-06-16 12:00:00,-0.0409350000
2026-06-16 13:00:00,-0.0316550000
2026-06-16 14:00:00,-0.0250800000
2026-06-16 15:00:00,-0.0244860000
2026-06-16 16:00:00,-0.0203890000
2026-06-16 17:00:00,-0.0201480000
2026-06-16 18:00:00,-0.0228430000
2026-06-16 19:00:00,-0.0213120000
2026-06-16 20:00:00,-0.0185220000
2026-06-16 21:00:00,-0.0118710000
2026-06-16 22:00:00,-0.0128310000
2026-06-16 23:00:00,-0.0124560000
2026-06-17 00:00:00,-0.0107300000
2026-06-17 01:00:00,-0.0108940000
2026-06-17 02:00:00,-0.0140610000
2026-06-17 03:00:00,-0.0113170000
2026-06-17 04:00:00,-0.0166410000
2026-06-17 05:00:00,-0.0189090000
2026-06-17 06:00:00,-0.0194070000
2026-06-17 07:00:00,-0.0144400000
2026-06-17 08:00:00,-0.0138900000
2026-06-17 09:00:00,-0.0182560000
2026-06-17 10:00:00,-0.0275200000
2026-06-17 11:00:00,-0.0344230000
2026-06-17 12:00:00,-0.0356630000
2026-06-17 13:00:00,-0.0367140000
2026-06-17 14:00:00,-0.0360570000
2026-06-17 15:00:00,-0.0344540000
2026-06-17 16:00:00,-0.0353540000
2026-06-17 17:00:00,-0.0404450000
2026-06-17 18:00:00,-0.0376600000
2026-06-17 19:00:00,-0.0364150000
2026-06-17 20:00:00,-0.0341900000
2026-06-17 21:00:00,-0.0410940000
2026-06-17 22:00:00,-0.0421160000
2026-06-17 23:00:00,-0.0413960000
2026-06-18 00:00:00,-0.0405020000
2026-06-18 01:00:00,-0.0349800000
2026-06-18 02:00:00,-0.0300780000
2026-06-18 03:00:00,-0.0225220000
2026-06-18 04:00:00,-0.0170160000
2026-06-18 05:00:00,-0.0211460000
2026-06-18 06:00:00,-0.0331460000
2026-06-18 07:00:00,-0.0408530000
2026-06-18 08:00:00,-0.0455640000
2026-06-18 09:00:00,-0.0539810000
2026-06-18 10:00:00,-0.0582070000
2026-06-18 11:00:00,-0.0599900000
2026-06-18 12:00:00,-0.0691990000
2026-06-18 13:00:00,-0.0775520000
2026-06-18 14:00:00,-0.0857540000
2026-06-18 15:00:00,-0.0845310000
2026-06-18 16:00:00,-0.0808480000
2026-06-18 17:00:00,-0.0822390000
2026-06-18 18:00:00,-0.0834390000
2026-06-18 19:00:00,-0.0794810000
2026-06-18 20:00:00,-0.0716200000
2026-06-18 21:00:00,-0.0744410000
2026-06-18 22:00:00,-0.0752790000
2026-06-18 23:00:00,-0.0772470000
2026-06-19 00:00:00,-0.0783070000
2026-06-19 01:00:00,-0.0775930000
2026-06-19 02:00:00,-0.0764470000
2026-06-19 03:00:00,-0.0788650000
2026-06-19 04:00:00,-0.0688990000
2026-06-19 05:00:00,-0.0555940000
2026-06-19 06:00:00,-0.0474800000
2026-06-19 07:00:00,-0.0422400000
2026-06-19 08:00:00,-0.0411800000
2026-06-19 09:00:00,-0.0463290000
2026-06-19 10:00:00,-0.0538600000
2026-06-19 11:00:00,-0.0656270000
2026-06-19 12:00:00,-0.0688330000
2026-06-19 13:00:00,-0.0648750000
2026-06-19 14:00:00,-0.0507520000
2026-06-19 15:00:00,-0.0388050000
2026-06-19 16:00:00,-0.0242280000
2026-06-19 17:00:00,-0.0162810000
2026-06-19 18:00:00,-0.0130960000
2026-06-19 19:00:00,-0.0110470000
2026-06-19 20:00:00,-0.0120410000
2026-06-19 21:00:00,-0.0087350000
2026-06-19 22:00:00,-0.0060230000
2026-06-19 23:00:00,-0.0064700000
2026-06-20 00:00:00,-0.0041100000
2026-06-20 01:00:00,-0.0107030000
2026-06-20 02:00:00,-0.0206740000
2026-06-20 03:00:00,-0.0233820000
2026-06-20 04:00:00,-0.0253080000
2026-06-20 05:00:00,-0.0288570000
2026-06-20 06:00:00,-0.0261900000
2026-06-20 07:00:00,-0.0280120000
2026-06-20 08:00:00,-0.0273990000
2026-06-20 09:00:00,-0.0277300000
2026-06-20 10:00:00,-0.0288740000
2026-06-20 11:00:00,-0.0351650000
2026-06-20 12:00:00,-0.0302480000
2026-06-20 13:00:00,-0.0247090000
2026-06-20 14:00:00,-0.0230150000
2026-06-20 15:00:00,-0.0227190000
2026-06-20 16:00:00,-0.0197520000
2026-06-20 17:00:00,-0.0182730000
2026-06-20 18:00:00,-0.0228030000
2026-06-20 19:00:00,-0.0229690000
2026-06-20 20:00:00,-0.0227800000
2026-06-20 21:00:00,-0.0183450000
2026-06-20 22:00:00,-0.0163860000
2026-06-20 23:00:00,-0.0195500000
2026-06-21 00:00:00,-0.0260810000
2026-06-21 01:00:00,-0.0236180000
2026-06-21 02:00:00,-0.0169360000
2026-06-21 03:00:00,-0.0198500000
2026-06-21 04:00:00,-0.0135520000
2026-06-21 05:00:00,-0.0133580000
2026-06-21 06:00:00,-0.0202910000
2026-06-21 07:00:00,-0.0205930000
2026-06-21 08:00:00,-0.0161270000
2026-06-21 09:00:00,-0.0211660000
2026-06-21 10:00:00,-0.0274740000
2026-06-21 11:00:00,-0.0266650000
2026-06-21 12:00:00,-0.0255450000
2026-06-21 13:00:00,-0.0268730000
2026-06-21 14:00:00,-0.0266590000
2026-06-21 15:00:00,-0.0265320000
2026-06-21 16:00:00,-0.0263060000
2026-06-21 17:00:00,-0.0295270000
2026-06-21 18:00:00,-0.0285390000
2026-06-21 19:00:00,-0.0298030000
2026-06-21 20:00:00,-0.0283960000
2026-06-21 21:00:00,-0.0346800000
2026-06-21 22:00:00,-0.0326900000
2026-06-21 23:00:00,-0.0305830000
2026-06-22 00:00:00,-0.0269470000
2026-06-22 01:00:00,-0.0223010000
2026-06-22 02:00:00,-0.0166250000
2026-06-22 03:00:00,-0.0172490000
2026-06-22 04:00:00,-0.0199200000
2026-06-22 05:00:00,-0.0195370000
2026-06-22 06:00:00,-0.0207250000
2026-06-22 07:00:00,-0.0261160000
2026-06-22 08:00:00,-0.0215970000
2026-06-22 09:00:00,-0.0165780000
2026-06-22 10:00:00,-0.0144590000
2026-06-22 11:00:00,-0.0208180000
2026-06-22 12:00:00,-0.0253190000
2026-06-22 13:00:00,-0.0213180000
2026-06-22 14:00:00,-0.0295110000
2026-06-22 15:00:00,-0.0422950000
2026-06-22 16:00:00,-0.0454190000
2026-06-22 17:00:00,-0.0505690000
2026-06-22 18:00:00,-0.0538190000
2026-06-22 19:00:00,-0.0610350000
2026-06-22 20:00:00,-0.0630380000
2026-06-22 21:00:00,-0.0607580000
2026-06-22 22:00:00,-0.0606830000
2026-06-22 23:00:00,-0.0569440000
2026-06-23 00:00:00,-0.0496410000
2026-06-23 01:00:00,-0.0427690000
2026-06-23 02:00:00,-0.0361680000
2026-06-23 03:00:00,-0.0282270000
2026-06-23 04:00:00,-0.0180860000
2026-06-23 05:00:00,-0.0098080000
2026-06-23 06:00:00,-0.0053680000
2026-06-23 07:00:00,-0.0028120000
2026-06-23 08:00:00,0.0004600000
2026-06-23 09:00:00,-0.0016780000
2026-06-23 10:00:00,-0.0021310000
2026-06-23 11:00:00,-0.0005300000
2026-06-23 12:00:00,-0.0005470000
2026-06-23 13:00:00,-0.0022630000
2026-06-23 14:00:00,-0.0010530000
2026-06-23 15:00:00,-0.0024200000
2026-06-23 16:00:00,-0.0016870000
2026-06-23 17:00:00,-0.0001920000
2026-06-23 18:00:00,-0.0019850000
2026-06-23 19:00:00,-0.0012500000
2026-06-23 20:00:00,0.0020330000
2026-06-23 21:00:00,0.0014800000
2026-06-23 22:00:00,0.0012460000
2026-06-23 23:00:00,0.0037770000
2026-06-24 00:00:00,-0.0015550000
2026-06-24 01:00:00,-0.0029600000
2026-06-24 02:00:00,-0.0030380000
2026-06-24 03:00:00,-0.0032480000
2026-06-24 04:00:00,0.0014690000
2026-06-24 05:00:00,0.0052430000
2026-06-24 06:00:00,0.0058360000
2026-06-24 07:00:00,0.0061650000
2026-06-24 08:00:00,-0.0041080000
2026-06-24 09:00:00,-0.0119240000
2026-06-24 10:00:00,-0.0130430000
2026-06-24 11:00:00,-0.0143540000
2026-06-24 12:00:00,-0.0151380000
2026-06-24 13:00:00,-0.0163450000
2026-06-24 14:00:00,-0.0160820000
2026-06-24 15:00:00,-0.0100990000
2026-06-24 16:00:00,-0.0065540000
2026-06-24 17:00:00,-0.0032920000
2026-06-24 18:00:00,-0.0090020000
2026-06-24 19:00:00,-0.0100790000
2026-06-24 20:00:00,-0.0144630000
2026-06-24 21:00:00,-0.0095830000
2026-06-24 22:00:00,-0.0058340000
2026-06-24 23:00:00,0.0002370000
2026-06-25 00:00:00,0.0030780000
2026-06-25 01:00:00,0.0044170000
2026-06-25 02:00:00,0.0046480000
2026-06-25 03:00:00,0.0080500000
2026-06-25 04:00:00,0.0063730000
2026-06-25 05:00:00,0.0060980000
2026-06-25 06:00:00,0.0078120000
2026-06-25 07:00:00,0.0061640000
2026-06-25 08:00:00,0.0007880000
2026-06-25 09:00:00,-0.0069070000
2026-06-25 10:00:00,-0.0102310000
2026-06-25 11:00:00,-0.0128050000
2026-06-25 12:00:00,-0.0172220000
2026-06-25 13:00:00,-0.0192140000
2026-06-25 14:00:00,-0.0237910000
2026-06-25 15:00:00,-0.0352660000
2026-06-25 16:00:00,-0.0366800000
2026-06-25 17:00:00,-0.0415670000
2026-06-25 18:00:00,-0.0394000000
2026-06-25 19:00:00,-0.0390550000
2026-06-25 20:00:00,-0.0387350000
2026-06-25 21:00:00,-0.0360700000
2026-06-25 22:00:00,-0.0247680000
2026-06-25 23:00:00,-0.0215190000
2026-06-26 00:00:00,-0.0181720000
2026-06-26 01:00:00,-0.0185330000
2026-06-26 02:00:00,-0.0203510000
2026-06-26 03:00:00,-0.0236760000
2026-06-26 04:00:00,-0.0231510000
2026-06-26 05:00:00,-0.0214190000
2026-06-26 06:00:00,-0.0170210000
2026-06-26 07:00:00,-0.0136150000
2026-06-26 08:00:00,-0.0096460000
2026-06-26 09:00:00,-0.0126540000
2026-06-26 10:00:00,-0.0147660000
2026-06-26 11:00:00,-0.0140480000
2026-06-26 12:00:00,-0.0126250000
2026-06-26 13:00:00,-0.0119380000
2026-06-26 14:00:00,-0.0100470000
2026-06-26 15:00:00,-0.0108300000
2026-06-26 16:00:00,-0.0105090000
2026-06-26 17:00:00,-0.0094610000
2026-06-26 18:00:00,-0.0070380000
2026-06-26 19:00:00,-0.0008490000
2026-06-26 20:00:00,0.0009860000
2026-06-26 21:00:00,0.0015180000
2026-06-26 22:00:00,0.0027740000
2026-06-26 23:00:00,0.0018120000
2026-06-27 00:00:00,-0.0026930000
2026-06-27 01:00:00,-0.0045590000
2026-06-27 02:00:00,-0.0092970000
2026-06-27 03:00:00,-0.0064530000
2026-06-27 04:00:00,-0.0091910000
2026-06-27 05:00:00,-0.0063140000
2026-06-27 06:00:00,-0.0098890000
2026-06-27 07:00:00,-0.0102270000
2026-06-27 08:00:00,-0.0137250000
2026-06-27 09:00:00,-0.0187960000
2026-06-27 10:00:00,-0.0195200000
2026-06-27 11:00:00,-0.0212990000
2026-06-27 12:00:00,-0.0181070000
2026-06-27 13:00:00,-0.0158350000
2026-06-27 14:00:00,-0.0149610000
2026-06-27 15:00:00,-0.0184800000
2026-06-27 16:00:00,-0.0207200000
2026-06-27 17:00:00,-0.0239080000
2026-06-27 18:00:00,-0.0272340000
2026-06-27 19:00:00,-0.0353420000
2026-06-27 20:00:00,-0.0435030000
2026-06-27 21:00:00,-0.0447250000
2026-06-27 22:00:00,-0.0439740000
2026-06-27 23:00:00,-0.0409910000
2026-06-28 00:00:00,-0.0347370000
2026-06-28 01:00:00,-0.0355530000
2026-06-28 02:00:00,-0.0378330000
2026-06-28 03:00:00,-0.0382090000
2026-06-28 04:00:00,-0.0397820000
2026-06-28 05:00:00,-0.0347240000
2026-06-28 06:00:00,-0.0295350000
2026-06-28 07:00:00,-0.0238890000
2026-06-28 08:00:00,-0.0206250000
2026-06-28 09:00:00,-0.0131380000
2026-06-28 10:00:00,-0.0139690000
2026-06-28 11:00:00,-0.0248790000
2026-06-28 12:00:00,-0.0317680000
2026-06-28 13:00:00,-0.0321070000
2026-06-28 14:00:00,-0.0322770000
2026-06-28 15:00:00,-0.0301990000
2026-06-28 16:00:00,-0.0234830000
2026-06-28 17:00:00,-0.0216570000
2026-06-28 18:00:00,-0.0226470000
2026-06-28 19:00:00,-0.0210920000
2026-06-28 20:00:00,-0.0227990000
2026-06-28 21:00:00,-0.0193160000
2026-06-28 22:00:00,-0.0191170000
2026-06-28 23:00:00,-0.0238360000
2026-06-29 00:00:00,-0.0222410000
2026-06-29 01:00:00,-0.0182220000
2026-06-29 02:00:00,-0.0141520000
2026-06-29 03:00:00,-0.0124020000
2026-06-29 04:00:00,-0.0076320000
2026-06-29 05:00:00,-0.0076300000
2026-06-29 06:00:00,-0.0081820000
2026-06-29 07:00:00,-0.0055150000
