time,pred_funding
2026-04-04 22:00:00,0.0050000000
2026-04-04 23:00:00,0.0050000000
2026-04-05 00:00:00,0.0050000000
2026-04-05 01:00:00,0.0050000000
2026-04-05 02:00:00,0.0001740000
2026-04-05 03:00:00,-0.0050560000
2026-04-05 04:00:00,-0.0021530000
2026-04-05 05:00:00,0.0046650000
2026-04-05 06:00:00,0.0050000000
2026-04-05 07:00:00,0.0049810000
2026-04-05 08:00:00,-0.0012750000
2026-04-05 09:00:00,-0.0022680000
2026-04-05 10:00:00,-0.0008750000
2026-04-05 11:00:00,-0.0006540000
2026-04-05 12:00:00,0.0044680000
2026-04-05 13:00:00,0.0026600000
2026-04-05 14:00:00,0.0025090000
2026-04-05 15:00:00,0.0043910000
2026-04-05 16:00:00,-0.0001120000
2026-04-05 17:00:00,-0.0029970000
2026-04-05 18:00:00,-0.0021570000
2026-04-05 19:00:00,-0.0005810000
2026-04-05 20:00:00,0.0021450000
2026-04-05 21:00:00,0.0027590000
2026-04-05 22:00:00,0.0050000000
2026-04-05 23:00:00,0.0042990000
2026-04-06 00:00:00,0.0006430000
2026-04-06 01:00:00,0.0012180000
2026-04-06 02:00:00,0.0039030000
2026-04-06 03:00:00,0.0050000000
2026-04-06 04:00:00,0.0050000000
2026-04-06 05:00:00,0.0050000000
2026-04-06 06:00:00,0.0050000000
2026-04-06 07:00:00,0.0050000000
2026-04-06 08:00:00,0.0049850000
2026-04-06 09:00:00,0.0050000000
2026-04-06 10:00:00,0.0038560000
2026-04-06 11:00:00,0.0050000000
2026-04-06 12:00:00,0.0047330000
2026-04-06 13:00:00,0.0041530000
2026-04-06 14:00:00,0.0042400000
2026-04-06 15:00:00,-0.0057020000
2026-04-06 16:00:00,0.0047620000
2026-04-06 17:00:00,0.0050000000
2026-04-06 18:00:00,0.0050000000
2026-04-06 19:00:00,0.0050000000
2026-04-06 20:00:00,0.0050000000
2026-04-06 21:00:00,0.0050000000
2026-04-06 22:00:00,0.0050000000
2026-04-06 23:00:00,0.0048870000
2026-04-07 00:00:00,0.0050000000
2026-04-07 01:00:00,0.0050000000
2026-04-07 02:00:00,0.0050000000
2026-04-07 03:00:00,0.0009800000
2026-04-07 04:00:00,-0.0002140000
2026-04-07 05:00:00,0.0044500000
2026-04-07 06:00:00,0.0050000000
2026-04-07 07:00:00,0.0050000000
2026-04-07 08:00:00,0.0049080000
2026-04-07 09:00:00,0.0036080000
2026-04-07 10:00:00,0.0016630000
2026-04-07 11:00:00,-0.0042750000
2026-04-07 12:00:00,-0.0079310000
2026-04-07 13:00:00,0.0005610000
2026-04-07 14:00:00,0.0035220000
2026-04-07 15:00:00,0.0010750000
2026-04-07 16:00:00,0.0016780000
2026-04-07 17:00:00,0.0050000000
2026-04-07 18:00:00,0.0050000000
2026-04-07 19:00:00,0.0027410000
2026-04-07 20:00:00,-0.0040600000
2026-04-07 21:00:00,0.0011340000
2026-04-07 22:00:00,0.0050000000
2026-04-07 23:00:00,0.0050000000
2026-04-08 00:00:00,0.0050000000
2026-04-08 01:00:00,0.0050000000
2026-04-08 02:00:00,0.0050000000
2026-04-08 03:00:00,0.0050000000
2026-04-08 04:00:00,0.0050000000
2026-04-08 05:00:00,0.0050000000
2026-04-08 06:00:00,0.0050000000
2026-04-08 07:00:00,0.0050000000
2026-04-08 08:00:00,0.0050000000
2026-04-08 09:00:00,0.0050000000
2026-04-08 10:00:00,0.0050000000
2026-04-08 11:00:00,0.0050000000
2026-04-08 12:00:00,0.0050000000
2026-04-08 13:00:00,0.0050000000
2026-04-08 14:00:00,0.0050000000
2026-04-08 15:00:00,0.0050000000
2026-04-08 16:00:00,0.0050000000
2026-04-08 17:00:00,0.0050000000
2026-04-08 18:00:00,0.0050000000
2026-04-08 19:00:00,0.0050000000
2026-04-08 20:00:00,0.0050000000
2026-04-08 21:00:00,0.0050000000
2026-04-08 22:00:00,0.0050000000
2026-04-08 23:00:00,0.0050000000
2026-04-09 00:00:00,0.0050000000
2026-04-09 01:00:00,0.0050000000
2026-04-09 02:00:00,0.0050000000
2026-04-09 03:00:00,0.0050000000
2026-04-09 04:00:00,-0.0053680000
2026-04-09 05:00:00,-0.0013210000
2026-04-09 06:00:00,0.0034820000
2026-04-09 07:00:00,0.0050000000
2026-04-09 08:00:00,0.0050000000
2026-04-09 09:00:00,0.0050000000
2026-04-09 10:00:00,0.0050000000
2026-04-09 11:00:00,0.0050000000
2026-04-09 12:00:00,0.0050000000
2026-04-09 13:00:00,0.0050000000
2026-04-09 14:00:00,0.0050000000
2026-04-09 15:00:00,0.0050000000
2026-04-09 16:00:00,0.0050000000
2026-04-09 17:00:00,0.0050000000
2026-04-09 18:00:00,0.0050000000
2026-04-09 19:00:00,0.0050000000
2026-04-09 20:00:00,0.0050000000
2026-04-09 21:00:00,0.0050000000
2026-04-09 22:00:00,0.0050000000
2026-04-09 23:00:00,0.0050000000
2026-04-10 00:00:00,0.0050000000
2026-04-10 01:00:00,0.0050000000
2026-04-10 02:00:00,0.0050000000
2026-04-10 03:00:00,0.0050000000
2026-04-10 04:00:00,0.0050000000
2026-04-10 05:00:00,0.0050000000
2026-04-10 06:00:00,0.0050000000
2026-04-10 07:00:00,0.0005540000
2026-04-10 08:00:00,0.0050000000
2026-04-10 09:00:00,0.0050000000
2026-04-10 10:00:00,0.0050000000
2026-04-10 11:00:00,0.0050000000
2026-04-10 12:00:00,0.0050000000
2026-04-10 13:00:00,0.0050000000
2026-04-10 14:00:00,0.0050000000
2026-04-10 15:00:00,0.0050000000
2026-04-10 16:00:00,0.0050000000
2026-04-10 17:00:00,0.0050000000
2026-04-10 18:00:00,0.0050000000
2026-04-10 19:00:00,0.0050000000
2026-04-10 20:00:00,0.0050000000
2026-04-10 21:00:00,0.0050000000
2026-04-10 22:00:00,0.0050000000
2026-04-10 23:00:00,0.0050000000
2026-04-11 00:00:00,0.0050000000
2026-04-11 01:00:00,0.0050000000
2026-04-11 02:00:00,0.0050000000
2026-04-11 03:00:00,0.0050000000
2026-04-11 04:00:00,0.0050000000
2026-04-11 05:00:00,0.0050000000
2026-04-11 06:00:00,0.0050000000
2026-04-11 07:00:00,0.0050000000
2026-04-11 08:00:00,0.0050000000
2026-04-11 09:00:00,0.0050000000
2026-04-11 10:00:00,0.0050000000
2026-04-11 11:00:00,0.0050000000
2026-04-11 12:00:00,0.0050000000
2026-04-11 13:00:00,0.0050000000
2026-04-11 14:00:00,0.0050000000
2026-04-11 15:00:00,0.0050000000
2026-04-11 16:00:00,0.0050000000
2026-04-11 17:00:00,0.0050000000
2026-04-11 18:00:00,0.0050000000
2026-04-11 19:00:00,0.0050000000
2026-04-11 20:00:00,0.0050000000
2026-04-11 21:00:00,0.0050000000
2026-04-11 22:00:00,0.0050000000
2026-04-11 23:00:00,0.0050000000
2026-04-12 00:00:00,0.0050000000
2026-04-12 01:00:00,0.0050000000
2026-04-12 02:00:00,0.0050000000
2026-04-12 03:00:00,0.0050000000
2026-04-12 04:00:00,0.0050000000
2026-04-12 05:00:00,0.0050000000
2026-04-12 06:00:00,0.0050000000
2026-04-12 07:00:00,0.0050000000
2026-04-12 08:00:00,0.0050000000
2026-04-12 09:00:00,0.0037330000
2026-04-12 10:00:00,0.0032700000
2026-04-12 11:00:00,0.0033890000
2026-04-12 12:00:00,0.0025670000
2026-04-12 13:00:00,0.0033710000
2026-04-12 14:00:00,0.0020840000
2026-04-12 15:00:00,0.0050000000
2026-04-12 16:00:00,0.0030690000
2026-04-12 17:00:00,0.0000550000
2026-04-12 18:00:00,-0.0020270000
2026-04-12 19:00:00,0.0039590000
2026-04-12 20:00:00,0.0050000000
2026-04-12 21:00:00,0.0041130000
2026-04-12 22:00:00,0.0050000000
2026-04-12 23:00:00,0.0046020000
2026-04-13 00:00:00,0.0050000000
2026-04-13 01:00:00,0.0050000000
2026-04-13 02:00:00,0.0050000000
2026-04-13 03:00:00,0.0050000000
2026-04-13 04:00:00,0.0050000000
2026-04-13 05:00:00,0.0050000000
2026-04-13 06:00:00,0.0050000000
2026-04-13 07:00:00,0.0050000000
2026-04-13 08:00:00,0.0050000000
2026-04-13 09:00:00,0.0050000000
2026-04-13 10:00:00,0.0050000000
2026-04-13 11:00:00,0.0050000000
2026-04-13 12:00:00,0.0050000000
2026-04-13 13:00:00,0.0050000000
2026-04-13 14:00:00,0.0050000000
2026-04-13 15:00:00,0.0050000000
2026-04-13 16:00:00,0.0050000000
2026-04-13 17:00:00,0.0050000000
2026-04-13 18:00:00,0.0050000000
2026-04-13 19:00:00,0.0050000000
2026-04-13 20:00:00,0.0050000000
2026-04-13 21:00:00,0.0050000000
2026-04-13 22:00:00,0.0050000000
2026-04-13 23:00:00,0.0050000000
2026-04-14 00:00:00,0.0050000000
2026-04-14 01:00:00,0.0050000000
2026-04-14 02:00:00,0.0050000000
2026-04-14 03:00:00,0.0050000000
2026-04-14 04:00:00,0.0050000000
2026-04-14 05:00:00,-0.0012510000
2026-04-14 06:00:00,0.0046650000
2026-04-14 07:00:00,0.0050000000
2026-04-14 08:00:00,0.0050000000
2026-04-14 09:00:00,0.0016700000
2026-04-14 10:00:00,0.0032580000
2026-04-14 11:00:00,0.0034340000
2026-04-14 12:00:00,0.0050000000
2026-04-14 13:00:00,0.0050000000
2026-04-14 14:00:00,0.0050000000
2026-04-14 15:00:00,0.0050000000
2026-04-14 16:00:00,0.0050000000
2026-04-14 17:00:00,0.0044340000
2026-04-14 18:00:00,0.0050000000
2026-04-14 19:00:00,0.0050000000
2026-04-14 20:00:00,0.0050000000
2026-04-14 21:00:00,-0.0018410000
2026-04-14 22:00:00,0.0050000000
2026-04-14 23:00:00,0.0050000000
2026-04-15 00:00:00,0.0050000000
2026-04-15 01:00:00,0.0050000000
2026-04-15 02:00:00,0.0050000000
2026-04-15 03:00:00,0.0050000000
2026-04-15 04:00:00,0.0050000000
2026-04-15 05:00:00,0.0050000000
2026-04-15 06:00:00,0.0050000000
2026-04-15 07:00:00,0.0050000000
2026-04-15 08:00:00,0.0050000000
2026-04-15 09:00:00,0.0050000000
2026-04-15 10:00:00,0.0050000000
2026-04-15 11:00:00,0.0050000000
2026-04-15 12:00:00,0.0038940000
2026-04-15 13:00:00,0.0050000000
2026-04-15 14:00:00,0.0050000000
2026-04-15 15:00:00,0.0008520000
2026-04-15 16:00:00,-0.0007160000
2026-04-15 17:00:00,0.0011340000
2026-04-15 18:00:00,-0.0021200000
2026-04-15 19:00:00,-0.0084960000
2026-04-15 20:00:00,-0.0029410000
2026-04-15 21:00:00,-0.0011820000
2026-04-15 22:00:00,0.0050000000
2026-04-15 23:00:00,0.0004070000
2026-04-16 00:00:00,-0.0005360000
2026-04-16 01:00:00,0.0005080000
2026-04-16 02:00:00,-0.0095070000
2026-04-16 03:00:00,-0.0102410000
2026-04-16 04:00:00,-0.0118380000
2026-04-16 05:00:00,-0.0180670000
2026-04-16 06:00:00,-0.0033100000
2026-04-16 07:00:00,0.0007650000
2026-04-16 08:00:00,0.0015390000
2026-04-16 09:00:00,0.0039830000
2026-04-16 10:00:00,-0.0003820000
2026-04-16 11:00:00,0.0042210000
2026-04-16 12:00:00,0.0050000000
2026-04-16 13:00:00,-0.0061460000
2026-04-16 14:00:00,-0.0058910000
2026-04-16 15:00:00,-0.0038190000
2026-04-16 16:00:00,-0.0083260000
2026-04-16 17:00:00,-0.0252090000
2026-04-16 18:00:00,-0.0182020000
2026-04-16 19:00:00,-0.0017990000
2026-04-16 20:00:00,0.0050000000
2026-04-16 21:00:00,0.0050000000
2026-04-16 22:00:00,0.0050000000
2026-04-16 23:00:00,0.0050000000
2026-04-17 00:00:00,0.0050000000
2026-04-17 01:00:00,0.0050000000
2026-04-17 02:00:00,0.0050000000
2026-04-17 03:00:00,0.0050000000
2026-04-17 04:00:00,0.0050000000
2026-04-17 05:00:00,0.0050000000
2026-04-17 06:00:00,0.0050000000
2026-04-17 07:00:00,0.0050000000
2026-04-17 08:00:00,0.0050000000
2026-04-17 09:00:00,0.0050000000
2026-04-17 10:00:00,0.0050000000
2026-04-17 11:00:00,0.0050000000
2026-04-17 12:00:00,0.0050000000
2026-04-17 13:00:00,0.0050000000
2026-04-17 14:00:00,0.0050000000
2026-04-17 15:00:00,0.0050000000
2026-04-17 16:00:00,0.0050000000
2026-04-17 17:00:00,0.0050000000
2026-04-17 18:00:00,0.0050000000
2026-04-17 19:00:00,0.0050000000
2026-04-17 20:00:00,0.0050000000
2026-04-17 21:00:00,0.0050000000
2026-04-17 22:00:00,0.0050000000
2026-04-17 23:00:00,0.0050000000
2026-04-18 00:00:00,0.0050000000
2026-04-18 01:00:00,0.0050000000
2026-04-18 02:00:00,0.0050000000
2026-04-18 03:00:00,0.0050000000
2026-04-18 04:00:00,0.0050000000
2026-04-18 05:00:00,0.0050000000
2026-04-18 06:00:00,0.0050000000
2026-04-18 07:00:00,0.0050000000
2026-04-18 08:00:00,0.0050000000
2026-04-18 09:00:00,0.0050000000
2026-04-18 10:00:00,0.0050000000
2026-04-18 11:00:00,0.0050000000
2026-04-18 12:00:00,0.0050000000
2026-04-18 13:00:00,0.0050000000
2026-04-18 14:00:00,0.0050000000
2026-04-18 15:00:00,0.0050000000
2026-04-18 16:00:00,0.0050000000
2026-04-18 17:00:00,0.0050000000
2026-04-18 18:00:00,0.0045970000
2026-04-18 19:00:00,0.0036110000
2026-04-18 20:00:00,0.0015900000
2026-04-18 21:00:00,-0.0018860000
2026-04-18 22:00:00,0.0017090000
2026-04-18 23:00:00,0.0050000000
2026-04-19 00:00:00,0.0050000000
2026-04-19 01:00:00,0.0050000000
2026-04-19 02:00:00,0.0050000000
2026-04-19 03:00:00,0.0050000000
2026-04-19 04:00:00,0.0039810000
2026-04-19 05:00:00,0.0031990000
2026-04-19 06:00:00,0.0010630000
2026-04-19 07:00:00,0.0045260000
2026-04-19 08:00:00,0.0050000000
2026-04-19 09:00:00,0.0050000000
2026-04-19 10:00:00,0.0049810000
2026-04-19 11:00:00,0.0050000000
2026-04-19 12:00:00,0.0050000000
2026-04-19 13:00:00,-0.0068280000
2026-04-19 14:00:00,-0.0143350000
2026-04-19 15:00:00,-0.0213650000
2026-04-19 16:00:00,-0.0117150000
2026-04-19 17:00:00,-0.0061310000
2026-04-19 18:00:00,0.0029290000
2026-04-19 19:00:00,0.0035540000
2026-04-19 20:00:00,0.0044720000
2026-04-19 21:00:00,0.0011100000
2026-04-19 22:00:00,0.0050000000
2026-04-19 23:00:00,-0.0002760000
2026-04-20 00:00:00,0.0020570000
2026-04-20 01:00:00,0.0007260000
2026-04-20 02:00:00,-0.0022460000
2026-04-20 03:00:00,-0.0036470000
2026-04-20 04:00:00,-0.0010830000
2026-04-20 05:00:00,0.0015910000
2026-04-20 06:00:00,-0.0084760000
2026-04-20 07:00:00,-0.0095480000
2026-04-20 08:00:00,-0.0097210000
2026-04-20 09:00:00,-0.0002930000
2026-04-20 10:00:00,0.0050000000
2026-04-20 11:00:00,0.0050000000
2026-04-20 12:00:00,0.0050000000
2026-04-20 13:00:00,0.0050000000
2026-04-20 14:00:00,0.0050000000
2026-04-20 15:00:00,0.0029860000
2026-04-20 16:00:00,-0.0003930000
2026-04-20 17:00:00,-0.0018210000
2026-04-20 18:00:00,0.0036030000
2026-04-20 19:00:00,0.0050000000
2026-04-20 20:00:00,-0.0003730000
2026-04-20 21:00:00,-0.0019440000
2026-04-20 22:00:00,0.0018440000
2026-04-20 23:00:00,-0.0005380000
2026-04-21 00:00:00,0.0038980000
2026-04-21 01:00:00,0.0019490000
2026-04-21 02:00:00,-0.0021390000
2026-04-21 03:00:00,0.0012520000
2026-04-21 04:00:00,0.0036130000
2026-04-21 05:00:00,-0.0018930000
2026-04-21 06:00:00,0.0018140000
2026-04-21 07:00:00,-0.0003570000
2026-04-21 08:00:00,-0.0072290000
2026-04-21 09:00:00,-0.0158370000
2026-04-21 10:00:00,-0.0154350000
2026-04-21 11:00:00,-0.0100580000
2026-04-21 12:00:00,-0.0029960000
2026-04-21 13:00:00,-0.0037090000
2026-04-21 14:00:00,0.0003690000
2026-04-21 15:00:00,-0.0039490000
2026-04-21 16:00:00,0.0011840000
2026-04-21 17:00:00,-0.0018930000
2026-04-21 18:00:00,-0.0070310000
2026-04-21 19:00:00,-0.0112220000
2026-04-21 20:00:00,-0.0088720000
2026-04-21 21:00:00,-0.0031990000
2026-04-21 22:00:00,0.0001280000
2026-04-21 23:00:00,0.0050000000
2026-04-22 00:00:00,0.0036240000
2026-04-22 01:00:00,0.0009180000
2026-04-22 02:00:00,-0.0006820000
2026-04-22 03:00:00,0.0013290000
2026-04-22 04:00:00,0.0029830000
2026-04-22 05:00:00,0.0050000000
2026-04-22 06:00:00,0.0050000000
2026-04-22 07:00:00,0.0050000000
2026-04-22 08:00:00,0.0050000000
2026-04-22 09:00:00,-0.0042900000
2026-04-22 10:00:00,-0.0133290000
2026-04-22 11:00:00,-0.0088260000
2026-04-22 12:00:00,-0.0073370000
2026-04-22 13:00:00,-0.0092270000
2026-04-22 14:00:00,-0.0012180000
2026-04-22 15:00:00,-0.0089900000
2026-04-22 16:00:00,-0.0073870000
2026-04-22 17:00:00,-0.0040350000
2026-04-22 18:00:00,0.0017720000
2026-04-22 19:00:00,0.0050000000
2026-04-22 20:00:00,0.0005820000
2026-04-22 21:00:00,0.0050000000
2026-04-22 22:00:00,0.0050000000
2026-04-22 23:00:00,0.0050000000
2026-04-23 00:00:00,0.0050000000
2026-04-23 01:00:00,-0.0014460000
2026-04-23 02:00:00,-0.0005170000
2026-04-23 03:00:00,0.0050000000
2026-04-23 04:00:00,0.0030820000
2026-04-23 05:00:00,0.0020160000
2026-04-23 06:00:00,-0.0095690000
2026-04-23 07:00:00,-0.0117860000
2026-04-23 08:00:00,-0.0077280000
2026-04-23 09:00:00,0.0007080000
2026-04-23 10:00:00,0.0050000000
2026-04-23 11:00:00,0.0050000000
2026-04-23 12:00:00,-0.0018380000
2026-04-23 13:00:00,-0.0038470000
2026-04-23 14:00:00,0.0050000000
2026-04-23 15:00:00,0.0050000000
2026-04-23 16:00:00,0.0050000000
2026-04-23 17:00:00,-0.0078010000
2026-04-24 13:00:00,0.0050000000
2026-04-24 14:00:00,0.0050000000
2026-04-24 15:00:00,0.0050000000
2026-04-24 16:00:00,0.0050000000
2026-04-24 17:00:00,0.0016650000
2026-04-24 18:00:00,-0.0011500000
2026-04-24 19:00:00,-0.0040910000
2026-04-24 20:00:00,-0.0003300000
2026-04-24 21:00:00,0.0024020000
2026-04-24 22:00:00,0.0041790000
2026-04-24 23:00:00,-0.0014420000
2026-04-25 00:00:00,-0.0023640000
2026-04-25 01:00:00,-0.0016950000
2026-04-25 02:00:00,-0.0005910000
2026-04-25 03:00:00,-0.0004220000
2026-04-25 04:00:00,-0.0044420000
2026-04-25 05:00:00,-0.0113880000
2026-04-25 06:00:00,-0.0072820000
2026-04-25 07:00:00,-0.0012710000
2026-04-25 08:00:00,0.0014360000
2026-04-25 09:00:00,-0.0018500000
2026-04-25 10:00:00,-0.0051170000
2026-04-25 11:00:00,-0.0012390000
2026-04-25 12:00:00,-0.0023980000
2026-04-25 13:00:00,-0.0013550000
2026-04-25 14:00:00,0.0001310000
2026-04-25 15:00:00,0.0019570000
2026-04-25 16:00:00,0.0004310000
2026-04-25 17:00:00,0.0002520000
2026-04-25 18:00:00,-0.0018440000
2026-04-25 19:00:00,-0.0020570000
2026-04-25 20:00:00,-0.0116290000
2026-04-25 21:00:00,-0.0070320000
2026-04-25 22:00:00,-0.0085200000
2026-04-25 23:00:00,-0.0050900000
2026-04-26 00:00:00,-0.0085920000
2026-04-26 01:00:00,-0.0032950000
2026-04-26 02:00:00,0.0021100000
2026-04-26 03:00:00,0.0037710000
2026-04-26 04:00:00,0.0005550000
2026-04-26 05:00:00,-0.0014070000
2026-04-26 06:00:00,0.0013900000
2026-04-26 07:00:00,0.0020990000
2026-04-26 08:00:00,0.0050000000
2026-04-26 09:00:00,0.0050000000
2026-04-26 10:00:00,0.0050000000
2026-04-26 11:00:00,0.0050000000
2026-04-26 12:00:00,0.0050000000
2026-04-26 13:00:00,0.0050000000
2026-04-26 14:00:00,0.0050000000
2026-04-26 15:00:00,0.0006360000
2026-04-26 16:00:00,-0.0019220000
2026-04-26 17:00:00,-0.0013880000
2026-04-26 18:00:00,-0.0007250000
2026-04-26 19:00:00,-0.0036060000
2026-04-26 20:00:00,-0.0075620000
2026-04-26 21:00:00,0.0029600000
2026-04-26 22:00:00,0.0050000000
2026-04-26 23:00:00,0.0050000000
2026-04-27 00:00:00,0.0019290000
2026-04-27 01:00:00,-0.0011250000
2026-04-27 02:00:00,0.0022360000
2026-04-27 03:00:00,0.0050000000
2026-04-27 04:00:00,0.0025280000
2026-04-27 05:00:00,0.0011620000
2026-04-27 06:00:00,-0.0048530000
2026-04-27 07:00:00,-0.0059040000
2026-04-27 08:00:00,-0.0051050000
2026-04-27 09:00:00,-0.0062290000
2026-04-27 10:00:00,-0.0057440000
2026-04-27 11:00:00,-0.0037600000
2026-04-27 12:00:00,-0.0033720000
2026-04-27 13:00:00,-0.0048450000
2026-04-27 14:00:00,-0.0077020000
2026-04-27 15:00:00,-0.0037590000
2026-04-27 16:00:00,-0.0054500000
2026-04-27 17:00:00,-0.0077670000
2026-04-27 18:00:00,-0.0083640000
2026-04-27 19:00:00,-0.0027230000
2026-04-27 20:00:00,-0.0028940000
2026-04-27 21:00:00,0.0026280000
2026-04-27 22:00:00,0.0026970000
2026-04-27 23:00:00,0.0050000000
2026-04-28 00:00:00,0.0050000000
2026-04-28 01:00:00,0.0050000000
2026-04-28 02:00:00,0.0050000000
2026-04-28 03:00:00,0.0050000000
2026-04-28 04:00:00,0.0050000000
2026-04-28 05:00:00,0.0050000000
2026-04-28 06:00:00,0.0050000000
2026-04-28 07:00:00,0.0050000000
2026-04-28 08:00:00,0.0050000000
2026-04-28 09:00:00,0.0050000000
2026-04-28 10:00:00,0.0050000000
2026-04-28 11:00:00,0.0050000000
2026-04-28 12:00:00,0.0020210000
2026-04-28 13:00:00,-0.0023000000
2026-04-28 14:00:00,-0.0049960000
2026-04-28 15:00:00,0.0003690000
2026-04-28 16:00:00,0.0050000000
2026-04-28 17:00:00,0.0050000000
2026-04-28 18:00:00,0.0050000000
2026-04-28 19:00:00,0.0050000000
2026-04-28 20:00:00,0.0050000000
2026-04-28 21:00:00,0.0050000000
2026-04-28 22:00:00,-0.0002520000
2026-04-28 23:00:00,0.0009150000
2026-04-29 00:00:00,0.0044460000
2026-04-29 01:00:00,0.0039610000
2026-04-29 02:00:00,0.0023180000
2026-04-29 03:00:00,0.0004770000
2026-04-29 04:00:00,0.0023430000
2026-04-29 05:00:00,0.0030930000
2026-04-29 06:00:00,0.0034210000
2026-04-29 07:00:00,0.0050000000
2026-04-29 08:00:00,0.0050000000
2026-04-29 09:00:00,0.0050000000
2026-04-29 10:00:00,0.0050000000
2026-04-29 11:00:00,0.0050000000
2026-04-29 12:00:00,0.0050000000
2026-04-29 13:00:00,0.0050000000
2026-04-29 14:00:00,0.0036880000
2026-04-29 15:00:00,-0.0021480000
2026-04-29 16:00:00,-0.0014810000
2026-04-29 17:00:00,-0.0037090000
2026-04-29 18:00:00,-0.0096290000
2026-04-29 19:00:00,-0.0096840000
2026-04-29 20:00:00,-0.0012020000
2026-04-29 21:00:00,0.0032370000
2026-04-29 22:00:00,-0.0014290000
2026-04-29 23:00:00,0.0008330000
2026-04-30 00:00:00,0.0031400000
2026-04-30 01:00:00,-0.0001750000
2026-04-30 02:00:00,-0.0008370000
2026-04-30 03:00:00,-0.0017000000
2026-04-30 04:00:00,-0.0107320000
2026-04-30 05:00:00,-0.0115480000
2026-04-30 06:00:00,-0.0042060000
2026-04-30 07:00:00,-0.0019320000
2026-04-30 08:00:00,-0.0009140000
2026-04-30 09:00:00,0.0030020000
2026-04-30 10:00:00,0.0050000000
2026-04-30 11:00:00,0.0050000000
2026-04-30 12:00:00,0.0050000000
2026-04-30 13:00:00,0.0050000000
2026-04-30 14:00:00,0.0050000000
2026-04-30 15:00:00,-0.0023940000
2026-04-30 16:00:00,0.0002920000
2026-04-30 17:00:00,0.0025330000
2026-04-30 18:00:00,0.0043450000
2026-04-30 19:00:00,0.0050000000
2026-04-30 20:00:00,0.0029650000
2026-04-30 21:00:00,-0.0000580000
2026-04-30 22:00:00,-0.0034720000
2026-04-30 23:00:00,0.0019460000
2026-05-01 00:00:00,-0.0004770000
2026-05-01 01:00:00,0.0027770000
2026-05-01 02:00:00,0.0050000000
2026-05-01 03:00:00,0.0050000000
2026-05-01 04:00:00,0.0050000000
2026-05-01 05:00:00,0.0050000000
2026-05-01 06:00:00,0.0050000000
2026-05-01 07:00:00,0.0050000000
2026-05-01 08:00:00,0.0050000000
2026-05-01 09:00:00,0.0050000000
2026-05-01 10:00:00,0.0050000000
2026-05-01 11:00:00,0.0050000000
2026-05-01 12:00:00,0.0050000000
2026-05-01 13:00:00,0.0016840000
2026-05-01 14:00:00,0.0020890000
2026-05-01 15:00:00,0.0028140000
2026-05-01 16:00:00,0.0050000000
2026-05-01 17:00:00,0.0050000000
2026-05-01 18:00:00,0.0050000000
2026-05-01 19:00:00,0.0050000000
2026-05-01 20:00:00,0.0050000000
2026-05-01 21:00:00,0.0033630000
2026-05-01 22:00:00,0.0014610000
2026-05-01 23:00:00,-0.0036770000
2026-05-02 00:00:00,-0.0014400000
2026-05-02 01:00:00,-0.0021740000
2026-05-02 02:00:00,-0.0003310000
2026-05-02 03:00:00,0.0002450000
2026-05-02 04:00:00,0.0044620000
2026-05-02 05:00:00,0.0012280000
2026-05-02 06:00:00,-0.0033110000
2026-05-02 07:00:00,-0.0031780000
2026-05-02 08:00:00,-0.0021120000
2026-05-02 09:00:00,-0.0021540000
2026-05-02 10:00:00,0.0003770000
2026-05-02 11:00:00,0.0017690000
2026-05-02 12:00:00,0.0029450000
2026-05-02 13:00:00,0.0048780000
2026-05-02 14:00:00,0.0050000000
2026-05-02 15:00:00,0.0050000000
2026-05-02 16:00:00,0.0050000000
2026-05-02 17:00:00,0.0050000000
2026-05-02 18:00:00,0.0050000000
2026-05-02 19:00:00,0.0050000000
2026-05-02 20:00:00,0.0050000000
2026-05-02 21:00:00,0.0050000000
2026-05-02 22:00:00,0.0050000000
2026-05-02 23:00:00,0.0050000000
2026-05-03 00:00:00,0.0050000000
2026-05-03 01:00:00,0.0050000000
2026-05-03 02:00:00,0.0050000000
2026-05-03 03:00:00,0.0050000000
2026-05-03 04:00:00,0.0045910000
2026-05-03 05:00:00,-0.0043920000
2026-05-03 06:00:00,-0.0012510000
2026-05-03 07:00:00,0.0035170000
2026-05-03 08:00:00,0.0050000000
2026-05-03 09:00:00,0.0029990000
2026-05-03 10:00:00,-0.0020960000
2026-05-03 11:00:00,0.0000510000
2026-05-03 12:00:00,0.0011200000
2026-05-03 13:00:00,0.0041850000
2026-05-03 14:00:00,0.0050000000
2026-05-03 15:00:00,0.0050000000
2026-05-03 16:00:00,0.0018790000
2026-05-03 17:00:00,0.0024160000
2026-05-03 18:00:00,0.0050000000
2026-05-03 19:00:00,0.0037790000
2026-05-03 20:00:00,0.0013170000
2026-05-03 21:00:00,0.0016450000
2026-05-03 22:00:00,0.0024010000
2026-05-03 23:00:00,0.0042700000
2026-05-04 00:00:00,0.0015010000
2026-05-04 01:00:00,-0.0004570000
2026-05-04 02:00:00,0.0039670000
2026-05-04 03:00:00,0.0050000000
2026-05-04 04:00:00,0.0050000000
2026-05-04 05:00:00,0.0050000000
2026-05-04 06:00:00,0.0040110000
2026-05-04 07:00:00,0.0050000000
2026-05-04 08:00:00,0.0040240000
2026-05-04 09:00:00,0.0047170000
2026-05-04 10:00:00,0.0030140000
2026-05-04 11:00:00,-0.0049600000
2026-05-04 12:00:00,-0.0027470000
2026-05-04 13:00:00,0.0009650000
2026-05-04 14:00:00,0.0021640000
2026-05-04 15:00:00,0.0020160000
2026-05-04 16:00:00,0.0001450000
2026-05-04 17:00:00,0.0025450000
2026-05-04 18:00:00,0.0022370000
2026-05-04 19:00:00,0.0007230000
2026-05-04 20:00:00,0.0034420000
2026-05-04 21:00:00,0.0042530000
2026-05-04 22:00:00,0.0050000000
2026-05-04 23:00:00,0.0027040000
2026-05-05 00:00:00,-0.0013910000
2026-05-05 01:00:00,-0.0004930000
2026-05-05 02:00:00,0.0050000000
2026-05-05 03:00:00,0.0050000000
2026-05-05 04:00:00,0.0050000000
2026-05-05 05:00:00,0.0050000000
2026-05-05 06:00:00,0.0050000000
2026-05-05 07:00:00,0.0050000000
2026-05-05 08:00:00,0.0050000000
2026-05-05 09:00:00,-0.0019570000
2026-05-05 10:00:00,-0.0490950000
2026-05-05 11:00:00,-0.0349950000
2026-05-05 12:00:00,-0.0116080000
2026-05-05 13:00:00,0.0050000000
2026-05-05 14:00:00,0.0050000000
2026-05-05 15:00:00,0.0050000000
2026-05-05 16:00:00,0.0050000000
2026-05-05 17:00:00,0.0050000000
2026-05-05 18:00:00,0.0034670000
2026-05-05 19:00:00,-0.0034990000
2026-05-05 20:00:00,-0.0032700000
2026-05-05 21:00:00,0.0003420000
2026-05-05 22:00:00,0.0000130000
2026-05-05 23:00:00,0.0050000000
2026-05-06 00:00:00,0.0043330000
2026-05-06 01:00:00,0.0050000000
2026-05-06 02:00:00,0.0028950000
2026-05-06 03:00:00,-0.0015700000
2026-05-06 04:00:00,-0.0012760000
2026-05-06 05:00:00,0.0050000000
2026-05-06 06:00:00,0.0050000000
2026-05-06 07:00:00,0.0050000000
2026-05-06 08:00:00,0.0045900000
2026-05-06 09:00:00,0.0002300000
2026-05-06 10:00:00,-0.0019610000
2026-05-06 11:00:00,-0.0001420000
2026-05-06 12:00:00,0.0019830000
2026-05-06 13:00:00,0.0043060000
2026-05-06 14:00:00,0.0046020000
2026-05-06 15:00:00,0.0004190000
2026-05-06 16:00:00,-0.0006330000
2026-05-06 17:00:00,-0.0005600000
2026-05-06 18:00:00,0.0007590000
2026-05-06 19:00:00,0.0007890000
2026-05-06 20:00:00,-0.0002040000
2026-05-06 21:00:00,-0.0008830000
2026-05-06 22:00:00,0.0014800000
2026-05-06 23:00:00,0.0008990000
2026-05-07 00:00:00,0.0034330000
2026-05-07 01:00:00,0.0014090000
2026-05-07 02:00:00,0.0038240000
2026-05-07 03:00:00,0.0043800000
2026-05-07 04:00:00,0.0014270000
2026-05-07 05:00:00,-0.0021940000
2026-05-07 06:00:00,-0.0011290000
2026-05-07 07:00:00,0.0047150000
2026-05-07 08:00:00,0.0050000000
2026-05-07 09:00:00,0.0050000000
2026-05-07 10:00:00,0.0050000000
2026-05-07 11:00:00,0.0050000000
2026-05-07 12:00:00,0.0050000000
2026-05-07 13:00:00,0.0050000000
2026-05-07 14:00:00,0.0021050000
2026-05-07 15:00:00,0.0012190000
2026-05-07 16:00:00,-0.0024690000
2026-05-07 17:00:00,0.0021740000
2026-05-07 18:00:00,-0.0019560000
2026-05-07 19:00:00,0.0034450000
2026-05-07 20:00:00,0.0021930000
2026-05-07 21:00:00,0.0031630000
2026-05-07 22:00:00,0.0050000000
2026-05-07 23:00:00,0.0050000000
2026-05-08 00:00:00,0.0050000000
2026-05-08 01:00:00,0.0050000000
2026-05-08 02:00:00,0.0038560000
2026-05-08 03:00:00,0.0020770000
2026-05-08 04:00:00,0.0023480000
2026-05-08 05:00:00,-0.0002160000
2026-05-08 06:00:00,-0.0024500000
2026-05-08 07:00:00,-0.0009950000
2026-05-08 08:00:00,0.0050000000
2026-05-08 09:00:00,0.0050000000
2026-05-08 10:00:00,0.0044020000
2026-05-08 11:00:00,-0.0004440000
2026-05-08 12:00:00,-0.0022550000
2026-05-08 13:00:00,0.0050000000
2026-05-08 14:00:00,0.0050000000
2026-05-08 15:00:00,0.0050000000
2026-05-08 16:00:00,0.0050000000
2026-05-08 17:00:00,0.0050000000
2026-05-08 18:00:00,0.0050000000
2026-05-08 19:00:00,0.0050000000
2026-05-08 20:00:00,0.0050000000
2026-05-08 21:00:00,0.0050000000
2026-05-08 22:00:00,0.0050000000
2026-05-08 23:00:00,0.0050000000
2026-05-09 00:00:00,-0.0016670000
2026-05-09 01:00:00,0.0031510000
2026-05-09 02:00:00,0.0050000000
2026-05-09 03:00:00,0.0050000000
2026-05-09 04:00:00,0.0050000000
2026-05-09 05:00:00,0.0029040000
2026-05-09 06:00:00,0.0050000000
2026-05-09 07:00:00,0.0050000000
2026-05-09 08:00:00,0.0050000000
2026-05-09 09:00:00,0.0050000000
2026-05-09 10:00:00,0.0050000000
2026-05-09 11:00:00,0.0050000000
2026-05-09 12:00:00,0.0038670000
2026-05-09 13:00:00,0.0050000000
2026-05-09 14:00:00,0.0050000000
2026-05-09 15:00:00,0.0047510000
2026-05-09 16:00:00,0.0009110000
2026-05-09 17:00:00,0.0011290000
2026-05-09 18:00:00,0.0001950000
2026-05-09 19:00:00,0.0050000000
2026-05-09 20:00:00,0.0050000000
2026-05-09 21:00:00,0.0050000000
2026-05-09 22:00:00,0.0050000000
2026-05-09 23:00:00,0.0050000000
2026-05-10 00:00:00,0.0007930000
2026-05-10 01:00:00,-0.0052750000
2026-05-10 02:00:00,-0.0054040000
2026-05-10 03:00:00,-0.0061900000
2026-05-10 04:00:00,-0.0063550000
2026-05-10 05:00:00,-0.0067790000
2026-05-10 06:00:00,-0.0027140000
2026-05-10 07:00:00,-0.0021470000
2026-05-10 08:00:00,0.0024700000
2026-05-10 09:00:00,0.0042030000
2026-05-10 10:00:00,-0.0007200000
2026-05-10 11:00:00,0.0008780000
2026-05-10 12:00:00,0.0039210000
2026-05-10 13:00:00,0.0050000000
2026-05-10 14:00:00,0.0036100000
2026-05-10 15:00:00,0.0015180000
2026-05-10 16:00:00,0.0050000000
2026-05-10 17:00:00,0.0050000000
2026-05-10 18:00:00,0.0050000000
2026-05-10 19:00:00,0.0050000000
2026-05-10 20:00:00,0.0050000000
2026-05-10 21:00:00,0.0050000000
2026-05-10 22:00:00,0.0050000000
2026-05-10 23:00:00,0.0050000000
2026-05-11 00:00:00,0.0050000000
2026-05-11 01:00:00,0.0050000000
2026-05-11 02:00:00,0.0050000000
2026-05-11 03:00:00,0.0050000000
2026-05-11 04:00:00,0.0050000000
2026-05-11 05:00:00,0.0050000000
2026-05-11 06:00:00,0.0050000000
2026-05-11 07:00:00,0.0050000000
2026-05-11 08:00:00,0.0050000000
2026-05-11 09:00:00,0.0050000000
2026-05-11 10:00:00,0.0050000000
2026-05-11 11:00:00,0.0050000000
2026-05-11 12:00:00,0.0050000000
2026-05-11 13:00:00,0.0022900000
2026-05-11 14:00:00,0.0040780000
2026-05-11 15:00:00,0.0040060000
2026-05-11 16:00:00,0.0027490000
2026-05-11 17:00:00,0.0008330000
2026-05-11 18:00:00,0.0039420000
2026-05-11 19:00:00,0.0050000000
2026-05-11 20:00:00,0.0050000000
2026-05-11 21:00:00,0.0050000000
2026-05-11 22:00:00,0.0050000000
2026-05-11 23:00:00,0.0050000000
2026-05-12 00:00:00,0.0050000000
2026-05-12 01:00:00,0.0025500000
2026-05-12 02:00:00,0.0017510000
2026-05-12 03:00:00,0.0050000000
2026-05-12 04:00:00,0.0047740000
2026-05-12 05:00:00,0.0050000000
2026-05-12 06:00:00,0.0050000000
2026-05-12 07:00:00,0.0050000000
2026-05-12 08:00:00,0.0050000000
2026-05-12 09:00:00,0.0050000000
2026-05-12 10:00:00,0.0050000000
2026-05-12 11:00:00,0.0049210000
2026-05-12 12:00:00,0.0030950000
2026-05-12 13:00:00,-0.0008400000
2026-05-12 14:00:00,0.0037420000
2026-05-12 15:00:00,0.0027910000
2026-05-12 16:00:00,0.0017950000
2026-05-12 17:00:00,0.0042420000
2026-05-12 18:00:00,0.0050000000
2026-05-12 19:00:00,0.0038900000
2026-05-12 20:00:00,0.0038910000
2026-05-12 21:00:00,0.0024940000
2026-05-12 22:00:00,0.0050000000
2026-05-12 23:00:00,0.0050000000
2026-05-13 00:00:00,0.0030040000
2026-05-13 01:00:00,0.0014250000
2026-05-13 02:00:00,0.0050000000
2026-05-13 03:00:00,0.0050000000
2026-05-13 04:00:00,0.0050000000
2026-05-13 05:00:00,0.0050000000
2026-05-13 06:00:00,0.0050000000
2026-05-13 07:00:00,0.0050000000
2026-05-13 08:00:00,0.0050000000
2026-05-13 09:00:00,0.0050000000
2026-05-13 10:00:00,0.0050000000
2026-05-13 11:00:00,0.0050000000
2026-05-13 12:00:00,0.0050000000
2026-05-13 13:00:00,0.0050000000
2026-05-13 14:00:00,0.0050000000
2026-05-13 15:00:00,0.0024680000
2026-05-13 16:00:00,-0.0021870000
2026-05-13 17:00:00,0.0026010000
2026-05-13 18:00:00,0.0045070000
2026-05-13 19:00:00,0.0039550000
2026-05-13 20:00:00,0.0014920000
2026-05-13 21:00:00,0.0047310000
2026-05-13 22:00:00,0.0035650000
2026-05-13 23:00:00,0.0050000000
2026-05-14 00:00:00,0.0023250000
2026-05-14 01:00:00,-0.0008800000
2026-05-14 02:00:00,-0.0022310000
2026-05-14 03:00:00,0.0039000000
2026-05-14 04:00:00,0.0047410000
2026-05-14 05:00:00,0.0028940000
2026-05-14 06:00:00,0.0018590000
2026-05-14 07:00:00,0.0009320000
2026-05-14 08:00:00,0.0024900000
2026-05-14 09:00:00,0.0028810000
2026-05-14 10:00:00,0.0040760000
2026-05-14 11:00:00,0.0045610000
2026-05-14 12:00:00,0.0029380000
2026-05-14 13:00:00,0.0050000000
2026-05-14 14:00:00,0.0050000000
2026-05-14 15:00:00,0.0050000000
2026-05-14 16:00:00,0.0050000000
2026-05-14 17:00:00,0.0050000000
2026-05-14 18:00:00,0.0050000000
2026-05-14 19:00:00,0.0050000000
2026-05-14 20:00:00,0.0050000000
2026-05-14 21:00:00,0.0050000000
2026-05-14 22:00:00,0.0050000000
2026-05-14 23:00:00,0.0050000000
2026-05-15 00:00:00,0.0050000000
2026-05-15 01:00:00,0.0050000000
2026-05-15 02:00:00,0.0050000000
2026-05-15 03:00:00,0.0050000000
2026-05-15 04:00:00,0.0050000000
2026-05-15 05:00:00,0.0050000000
2026-05-15 06:00:00,0.0050000000
2026-05-15 07:00:00,0.0050000000
2026-05-15 08:00:00,0.0050000000
2026-05-15 09:00:00,0.0049790000
2026-05-15 10:00:00,0.0036970000
2026-05-15 11:00:00,0.0046150000
2026-05-15 12:00:00,0.0044270000
2026-05-15 13:00:00,0.0037780000
2026-05-15 14:00:00,-0.0015450000
2026-05-15 15:00:00,-0.0050760000
2026-05-15 16:00:00,-0.0071660000
2026-05-15 17:00:00,-0.0044240000
2026-05-15 18:00:00,-0.0003060000
2026-05-15 19:00:00,-0.0015100000
2026-05-15 20:00:00,-0.0036790000
2026-05-15 21:00:00,0.0022180000
2026-05-15 22:00:00,0.0050000000
2026-05-15 23:00:00,0.0050000000
2026-05-16 00:00:00,0.0028250000
2026-05-16 01:00:00,0.0006220000
2026-05-16 02:00:00,0.0050000000
2026-05-16 03:00:00,0.0050000000
2026-05-16 04:00:00,0.0050000000
2026-05-16 05:00:00,0.0050000000
2026-05-16 06:00:00,0.0018380000
2026-05-16 07:00:00,0.0011770000
2026-05-16 08:00:00,-0.0020590000
2026-05-16 09:00:00,-0.0014260000
2026-05-16 10:00:00,0.0011810000
2026-05-16 11:00:00,0.0032320000
2026-05-16 12:00:00,-0.0041390000
2026-05-16 13:00:00,-0.0065070000
2026-05-16 14:00:00,-0.0017860000
2026-05-16 15:00:00,0.0035920000
2026-05-16 16:00:00,0.0042210000
2026-05-16 17:00:00,0.0006790000
2026-05-16 18:00:00,0.0006390000
2026-05-16 19:00:00,0.0007870000
2026-05-16 20:00:00,0.0050000000
2026-05-16 21:00:00,0.0050000000
2026-05-16 22:00:00,0.0050000000
2026-05-16 23:00:00,0.0050000000
2026-05-17 00:00:00,0.0050000000
2026-05-17 01:00:00,0.0050000000
2026-05-17 02:00:00,0.0050000000
2026-05-17 03:00:00,0.0050000000
2026-05-17 04:00:00,0.0050000000
2026-05-17 05:00:00,0.0050000000
2026-05-17 06:00:00,0.0050000000
2026-05-17 07:00:00,0.0050000000
2026-05-17 08:00:00,0.0050000000
2026-05-17 09:00:00,0.0050000000
2026-05-17 10:00:00,0.0050000000
2026-05-17 11:00:00,0.0050000000
2026-05-17 12:00:00,0.0050000000
2026-05-17 13:00:00,0.0050000000
2026-05-17 14:00:00,0.0050000000
2026-05-17 15:00:00,0.0050000000
2026-05-17 16:00:00,0.0050000000
2026-05-17 17:00:00,0.0050000000
2026-05-17 18:00:00,0.0050000000
2026-05-17 19:00:00,0.0050000000
2026-05-17 20:00:00,0.0050000000
2026-05-17 21:00:00,0.0050000000
2026-05-17 22:00:00,0.0050000000
2026-05-17 23:00:00,0.0050000000
2026-05-18 00:00:00,0.0050000000
2026-05-18 01:00:00,0.0047080000
2026-05-18 02:00:00,0.0043260000
2026-05-18 03:00:00,0.0045760000
2026-05-18 04:00:00,0.0050000000
2026-05-18 05:00:00,0.0041390000
2026-05-18 06:00:00,0.0033870000
2026-05-18 07:00:00,0.0050000000
2026-05-18 08:00:00,0.0022850000
2026-05-18 09:00:00,0.0029400000
2026-05-18 10:00:00,0.0050000000
2026-05-18 11:00:00,0.0050000000
2026-05-18 12:00:00,0.0050000000
2026-05-18 13:00:00,0.0050000000
2026-05-18 14:00:00,0.0050000000
2026-05-18 15:00:00,0.0048590000
2026-05-18 16:00:00,0.0050000000
2026-05-18 17:00:00,0.0022460000
2026-05-18 18:00:00,0.0019060000
2026-05-18 19:00:00,0.0043210000
2026-05-18 20:00:00,0.0044910000
2026-05-18 21:00:00,-0.0019490000
2026-05-18 22:00:00,0.0024420000
2026-05-18 23:00:00,0.0050000000
2026-05-19 00:00:00,0.0034530000
2026-05-19 01:00:00,0.0045830000
2026-05-19 02:00:00,0.0047440000
2026-05-19 03:00:00,0.0015250000
2026-05-19 04:00:00,0.0021160000
2026-05-19 05:00:00,-0.0012980000
2026-05-19 06:00:00,0.0036290000
2026-05-19 07:00:00,0.0047390000
2026-05-19 08:00:00,0.0050000000
2026-05-19 09:00:00,0.0050000000
2026-05-19 10:00:00,0.0027990000
2026-05-19 11:00:00,0.0020000000
2026-05-19 12:00:00,-0.0001280000
2026-05-19 13:00:00,0.0036690000
2026-05-19 14:00:00,0.0042340000
2026-05-19 15:00:00,0.0050000000
2026-05-19 16:00:00,0.0050000000
2026-05-19 17:00:00,0.0050000000
2026-05-19 18:00:00,0.0050000000
2026-05-19 19:00:00,0.0050000000
2026-05-19 20:00:00,0.0039750000
2026-05-19 21:00:00,0.0050000000
2026-05-19 22:00:00,0.0050000000
2026-05-19 23:00:00,0.0039950000
2026-05-20 00:00:00,0.0028720000
2026-05-20 01:00:00,0.0023600000
2026-05-20 02:00:00,0.0050000000
2026-05-20 03:00:00,0.0050000000
2026-05-20 04:00:00,0.0050000000
2026-05-20 05:00:00,0.0050000000
2026-05-20 06:00:00,0.0050000000
2026-05-20 07:00:00,0.0050000000
2026-05-20 08:00:00,0.0050000000
2026-05-20 09:00:00,0.0050000000
2026-05-20 10:00:00,0.0025550000
2026-05-20 11:00:00,-0.0009330000
2026-05-20 12:00:00,0.0027040000
2026-05-20 13:00:00,0.0050000000
2026-05-20 14:00:00,0.0050000000
2026-05-20 15:00:00,0.0050000000
2026-05-20 16:00:00,0.0050000000
2026-05-20 17:00:00,0.0050000000
2026-05-20 18:00:00,0.0050000000
2026-05-20 19:00:00,0.0050000000
2026-05-20 20:00:00,0.0050000000
2026-05-20 21:00:00,0.0050000000
2026-05-20 22:00:00,0.0050000000
2026-05-20 23:00:00,0.0050000000
2026-05-21 00:00:00,0.0050000000
2026-05-21 01:00:00,0.0050000000
2026-05-21 02:00:00,0.0050000000
2026-05-21 03:00:00,0.0050000000
2026-05-21 04:00:00,0.0050000000
2026-05-21 05:00:00,0.0050000000
2026-05-21 06:00:00,0.0050000000
2026-05-21 07:00:00,0.0050000000
2026-05-21 08:00:00,0.0050000000
2026-05-21 09:00:00,0.0050000000
2026-05-21 10:00:00,0.0050000000
2026-05-21 11:00:00,0.0050000000
2026-05-21 12:00:00,0.0050000000
2026-05-21 13:00:00,0.0050000000
2026-05-21 14:00:00,0.0050000000
2026-05-21 15:00:00,0.0050000000
2026-05-21 16:00:00,0.0050000000
2026-05-21 17:00:00,0.0050000000
2026-05-21 18:00:00,0.0050000000
2026-05-21 19:00:00,0.0050000000
2026-05-21 20:00:00,0.0050000000
2026-05-21 21:00:00,0.0050000000
2026-05-21 22:00:00,0.0050000000
2026-05-21 23:00:00,0.0050000000
2026-05-22 00:00:00,0.0050000000
2026-05-22 01:00:00,0.0050000000
2026-05-22 02:00:00,0.0050000000
2026-05-22 03:00:00,0.0050000000
2026-05-22 04:00:00,0.0050000000
2026-05-22 05:00:00,0.0050000000
2026-05-22 06:00:00,0.0050000000
2026-05-22 07:00:00,0.0050000000
2026-05-22 08:00:00,0.0050000000
2026-05-22 09:00:00,0.0050000000
2026-05-22 10:00:00,0.0050000000
2026-05-22 11:00:00,0.0050000000
2026-05-22 12:00:00,0.0050000000
2026-05-22 13:00:00,0.0050000000
2026-05-22 14:00:00,0.0050000000
2026-05-22 15:00:00,0.0050000000
2026-05-22 16:00:00,0.0050000000
2026-05-22 17:00:00,0.0050000000
2026-05-22 18:00:00,0.0050000000
2026-05-22 19:00:00,0.0050000000
2026-05-22 20:00:00,0.0037050000
2026-05-22 21:00:00,0.0032120000
2026-05-22 22:00:00,0.0008510000
2026-05-22 23:00:00,0.0037360000
2026-05-23 00:00:00,0.0050000000
2026-05-23 01:00:00,0.0050000000
2026-05-23 02:00:00,0.0050000000
2026-05-23 03:00:00,0.0027010000
2026-05-23 04:00:00,-0.0016470000
2026-05-23 05:00:00,-0.0057620000
2026-05-23 06:00:00,0.0039060000
2026-05-23 07:00:00,0.0046420000
2026-05-23 08:00:00,0.0045790000
2026-05-23 09:00:00,0.0028400000
2026-05-23 10:00:00,-0.0010590000
2026-05-23 11:00:00,0.0030430000
2026-05-23 12:00:00,0.0045080000
2026-05-23 13:00:00,0.0042670000
2026-05-23 14:00:00,0.0040100000
2026-05-23 15:00:00,0.0050000000
2026-05-23 16:00:00,0.0050000000
2026-05-23 17:00:00,0.0050000000
2026-05-23 18:00:00,-0.0002620000
2026-05-23 19:00:00,0.0035730000
2026-05-23 20:00:00,0.0025600000
2026-05-23 21:00:00,0.0050000000
2026-05-23 22:00:00,0.0050000000
2026-05-23 23:00:00,0.0050000000
2026-05-24 00:00:00,0.0050000000
2026-05-24 01:00:00,0.0050000000
2026-05-24 02:00:00,0.0050000000
2026-05-24 03:00:00,0.0050000000
2026-05-24 04:00:00,0.0050000000
2026-05-24 05:00:00,0.0050000000
2026-05-24 06:00:00,0.0050000000
2026-05-24 07:00:00,0.0050000000
2026-05-24 08:00:00,0.0018690000
2026-05-24 09:00:00,0.0016470000
2026-05-24 10:00:00,0.0036000000
2026-05-24 11:00:00,0.0034730000
2026-05-24 12:00:00,0.0024520000
2026-05-24 13:00:00,0.0042740000
2026-05-24 14:00:00,0.0006930000
2026-05-24 15:00:00,0.0050000000
2026-05-24 16:00:00,0.0046540000
2026-05-24 17:00:00,-0.0008690000
2026-05-24 18:00:00,-0.0027620000
2026-05-24 19:00:00,-0.0022890000
2026-05-24 20:00:00,0.0001240000
2026-05-24 21:00:00,0.0004680000
2026-05-24 22:00:00,0.0036100000
2026-05-24 23:00:00,0.0047600000
2026-05-25 00:00:00,0.0019720000
2026-05-25 01:00:00,0.0041490000
2026-05-25 02:00:00,0.0028890000
2026-05-25 03:00:00,0.0015960000
2026-05-25 04:00:00,0.0012200000
2026-05-25 05:00:00,0.0016530000
2026-05-25 06:00:00,0.0005880000
2026-05-25 07:00:00,-0.0010810000
2026-05-25 08:00:00,0.0047390000
2026-05-25 09:00:00,0.0050000000
2026-05-25 10:00:00,0.0050000000
2026-05-25 11:00:00,0.0050000000
2026-05-25 12:00:00,0.0048500000
2026-05-25 13:00:00,0.0050000000
2026-05-25 14:00:00,0.0050000000
2026-05-25 15:00:00,0.0050000000
2026-05-25 16:00:00,0.0050000000
2026-05-25 17:00:00,0.0050000000
2026-05-25 18:00:00,0.0050000000
2026-05-25 19:00:00,0.0050000000
2026-05-25 20:00:00,0.0050000000
2026-05-25 21:00:00,0.0050000000
2026-05-25 22:00:00,0.0050000000
2026-05-25 23:00:00,0.0050000000
2026-05-26 00:00:00,0.0050000000
2026-05-26 01:00:00,0.0050000000
2026-05-26 02:00:00,0.0050000000
2026-05-26 03:00:00,0.0050000000
2026-05-26 04:00:00,0.0050000000
2026-05-26 05:00:00,0.0037680000
2026-05-26 06:00:00,0.0050000000
2026-05-26 07:00:00,0.0050000000
2026-05-26 08:00:00,0.0050000000
2026-05-26 09:00:00,0.0040090000
2026-05-26 10:00:00,0.0001410000
2026-05-26 11:00:00,0.0050000000
2026-05-26 12:00:00,0.0050000000
2026-05-26 13:00:00,0.0050000000
2026-05-26 14:00:00,0.0050000000
2026-05-26 15:00:00,0.0050000000
2026-05-26 16:00:00,0.0050000000
2026-05-26 17:00:00,0.0050000000
2026-05-26 18:00:00,0.0032440000
2026-05-26 19:00:00,-0.0004670000
2026-05-26 20:00:00,-0.0000480000
2026-05-26 21:00:00,-0.0004410000
2026-05-26 22:00:00,0.0013470000
2026-05-26 23:00:00,0.0017910000
2026-05-27 00:00:00,0.0037540000
2026-05-27 01:00:00,0.0025090000
2026-05-27 02:00:00,-0.0047120000
2026-05-27 03:00:00,-0.0019530000
2026-05-27 04:00:00,0.0019800000
2026-05-27 05:00:00,0.0007390000
2026-05-27 06:00:00,-0.0007260000
2026-05-27 07:00:00,0.0006370000
2026-05-27 08:00:00,0.0003930000
2026-05-27 09:00:00,-0.0056910000
2026-05-27 10:00:00,-0.0024080000
2026-05-27 11:00:00,-0.0055380000
2026-05-27 12:00:00,-0.0007640000
2026-05-27 13:00:00,0.0044440000
2026-05-27 14:00:00,0.0050000000
2026-05-27 15:00:00,0.0050000000
2026-05-27 16:00:00,0.0021760000
2026-05-27 17:00:00,-0.0015860000
2026-05-27 18:00:00,-0.0016940000
2026-05-27 19:00:00,0.0021200000
2026-05-27 20:00:00,0.0008580000
2026-05-27 21:00:00,-0.0010540000
2026-05-27 22:00:00,-0.0033910000
2026-05-27 23:00:00,-0.0017340000
2026-05-28 00:00:00,0.0034710000
2026-05-28 01:00:00,0.0044590000
2026-05-28 02:00:00,0.0050000000
2026-05-28 03:00:00,0.0050000000
2026-05-28 04:00:00,0.0029700000
2026-05-28 05:00:00,0.0026570000
2026-05-28 06:00:00,0.0005810000
2026-05-28 07:00:00,0.0020650000
2026-05-28 08:00:00,0.0027750000
2026-05-28 09:00:00,0.0007680000
2026-05-28 10:00:00,0.0008110000
2026-05-28 11:00:00,-0.0028350000
2026-05-28 12:00:00,0.0003050000
2026-05-28 13:00:00,0.0035910000
2026-05-28 14:00:00,0.0023980000
2026-05-28 15:00:00,0.0050000000
2026-05-28 16:00:00,0.0039240000
2026-05-28 17:00:00,0.0018420000
2026-05-28 18:00:00,-0.0007100000
2026-05-28 19:00:00,0.0014270000
2026-05-28 20:00:00,-0.0020000000
2026-05-28 21:00:00,-0.0011300000
2026-05-28 22:00:00,0.0020920000
2026-05-28 23:00:00,0.0050000000
2026-05-29 00:00:00,0.0050000000
2026-05-29 01:00:00,0.0050000000
2026-05-29 02:00:00,0.0050000000
2026-05-29 03:00:00,0.0050000000
2026-05-29 04:00:00,0.0050000000
2026-05-29 05:00:00,0.0050000000
2026-05-29 06:00:00,0.0050000000
2026-05-29 07:00:00,0.0050000000
2026-05-29 08:00:00,-0.0022230000
2026-05-29 09:00:00,-0.0037550000
2026-05-29 10:00:00,0.0030710000
2026-05-29 11:00:00,0.0050000000
2026-05-29 12:00:00,0.0050000000
2026-05-29 13:00:00,0.0050000000
2026-05-29 14:00:00,0.0050000000
2026-05-29 15:00:00,0.0050000000
2026-05-29 16:00:00,0.0040620000
2026-05-29 17:00:00,0.0050000000
2026-05-29 18:00:00,0.0050000000
2026-05-29 19:00:00,0.0050000000
2026-05-29 20:00:00,0.0050000000
2026-05-29 21:00:00,0.0050000000
2026-05-29 22:00:00,0.0047420000
2026-05-29 23:00:00,0.0050000000
2026-05-30 00:00:00,0.0050000000
2026-05-30 01:00:00,0.0050000000
2026-05-30 02:00:00,0.0050000000
2026-05-30 03:00:00,0.0050000000
2026-05-30 04:00:00,0.0050000000
2026-05-30 05:00:00,0.0050000000
2026-05-30 06:00:00,0.0050000000
2026-05-30 07:00:00,0.0032330000
2026-05-30 08:00:00,0.0036950000
2026-05-30 09:00:00,0.0039420000
2026-05-30 10:00:00,0.0047550000
2026-05-30 11:00:00,0.0050000000
2026-05-30 12:00:00,0.0050000000
2026-05-30 13:00:00,0.0050000000
2026-05-30 14:00:00,0.0050000000
2026-05-30 15:00:00,0.0050000000
2026-05-30 16:00:00,-0.0007960000
2026-05-30 17:00:00,0.0019010000
2026-05-30 18:00:00,0.0045510000
2026-05-30 19:00:00,0.0050000000
2026-05-30 20:00:00,0.0040580000
2026-05-30 21:00:00,0.0016870000
2026-05-30 22:00:00,0.0045220000
2026-05-30 23:00:00,0.0041080000
2026-05-31 00:00:00,0.0050000000
2026-05-31 01:00:00,0.0050000000
2026-05-31 02:00:00,0.0050000000
2026-05-31 03:00:00,0.0050000000
2026-05-31 04:00:00,0.0050000000
2026-05-31 05:00:00,0.0050000000
2026-05-31 06:00:00,0.0050000000
2026-05-31 07:00:00,0.0050000000
2026-05-31 08:00:00,0.0050000000
2026-05-31 09:00:00,0.0050000000
2026-05-31 10:00:00,0.0050000000
2026-05-31 11:00:00,0.0050000000
2026-05-31 12:00:00,0.0050000000
2026-05-31 13:00:00,0.0046920000
2026-05-31 14:00:00,0.0050000000
2026-05-31 15:00:00,0.0050000000
2026-05-31 16:00:00,0.0050000000
2026-05-31 17:00:00,0.0050000000
2026-05-31 18:00:00,0.0050000000
2026-05-31 19:00:00,0.0034340000
2026-05-31 20:00:00,0.0002250000
2026-05-31 21:00:00,0.0050000000
2026-05-31 22:00:00,0.0050000000
2026-05-31 23:00:00,0.0050000000
2026-06-01 00:00:00,0.0050000000
2026-06-01 01:00:00,0.0050000000
2026-06-01 02:00:00,0.0050000000
2026-06-01 03:00:00,0.0050000000
2026-06-01 04:00:00,0.0050000000
2026-06-01 05:00:00,0.0050000000
2026-06-01 06:00:00,0.0050000000
2026-06-01 07:00:00,0.0050000000
2026-06-01 08:00:00,0.0050000000
2026-06-01 09:00:00,0.0050000000
2026-06-01 10:00:00,0.0050000000
2026-06-01 11:00:00,0.0050000000
2026-06-01 12:00:00,0.0050000000
2026-06-01 13:00:00,0.0050000000
2026-06-01 14:00:00,0.0050000000
2026-06-01 15:00:00,0.0050000000
2026-06-01 16:00:00,0.0050000000
2026-06-01 17:00:00,0.0050000000
2026-06-01 18:00:00,0.0050000000
2026-06-01 19:00:00,0.0050000000
2026-06-01 20:00:00,0.0050000000
2026-06-01 21:00:00,0.0050000000
2026-06-01 22:00:00,0.0050000000
2026-06-01 23:00:00,0.0050000000
2026-06-02 00:00:00,0.0050000000
2026-06-02 01:00:00,0.0050000000
2026-06-02 02:00:00,0.0050000000
2026-06-02 03:00:00,0.0050000000
2026-06-02 04:00:00,0.0050000000
2026-06-02 05:00:00,0.0050000000
2026-06-02 06:00:00,0.0050000000
2026-06-02 07:00:00,0.0050000000
2026-06-02 08:00:00,0.0050000000
2026-06-02 09:00:00,0.0050000000
2026-06-02 10:00:00,0.0050000000
2026-06-02 11:00:00,0.0050000000
2026-06-02 12:00:00,0.0050000000
2026-06-02 13:00:00,0.0050000000
2026-06-02 14:00:00,0.0050000000
2026-06-02 15:00:00,0.0050000000
2026-06-02 16:00:00,0.0015010000
2026-06-02 17:00:00,-0.0030690000
2026-06-02 18:00:00,-0.0003060000
2026-06-02 19:00:00,0.0041170000
2026-06-02 20:00:00,0.0050000000
2026-06-02 21:00:00,0.0046480000
2026-06-02 22:00:00,0.0048410000
2026-06-02 23:00:00,0.0040640000
2026-06-03 00:00:00,0.0050000000
2026-06-03 01:00:00,0.0050000000
2026-06-03 02:00:00,-0.0001190000
2026-06-03 03:00:00,-0.0021760000
2026-06-03 04:00:00,0.0027130000
2026-06-03 05:00:00,0.0050000000
2026-06-03 06:00:00,0.0050000000
2026-06-03 07:00:00,0.0050000000
2026-06-03 08:00:00,0.0050000000
2026-06-03 09:00:00,0.0050000000
2026-06-03 10:00:00,0.0050000000
2026-06-03 11:00:00,0.0050000000
2026-06-03 12:00:00,0.0050000000
2026-06-03 13:00:00,0.0050000000
2026-06-03 14:00:00,0.0050000000
2026-06-03 15:00:00,0.0050000000
2026-06-03 16:00:00,0.0050000000
2026-06-03 17:00:00,0.0050000000
2026-06-03 18:00:00,0.0050000000
2026-06-03 19:00:00,0.0050000000
2026-06-03 20:00:00,0.0050000000
2026-06-03 21:00:00,0.0050000000
2026-06-03 22:00:00,0.0050000000
2026-06-03 23:00:00,0.0050000000
2026-06-04 00:00:00,0.0050000000
2026-06-04 01:00:00,0.0050000000
2026-06-04 02:00:00,0.0032620000
2026-06-04 03:00:00,0.0028820000
2026-06-04 04:00:00,0.0050000000
2026-06-04 05:00:00,0.0050000000
2026-06-04 06:00:00,0.0050000000
2026-06-04 07:00:00,0.0050000000
2026-06-04 08:00:00,0.0050000000
2026-06-04 09:00:00,0.0050000000
2026-06-04 10:00:00,0.0027380000
2026-06-04 11:00:00,0.0021570000
2026-06-04 12:00:00,0.0032500000
2026-06-04 13:00:00,0.0050000000
2026-06-04 14:00:00,0.0050000000
2026-06-04 15:00:00,0.0050000000
2026-06-04 16:00:00,0.0050000000
2026-06-04 17:00:00,0.0050000000
2026-06-04 18:00:00,0.0049180000
2026-06-04 19:00:00,0.0050000000
2026-06-04 20:00:00,0.0010220000
2026-06-04 21:00:00,0.0050000000
2026-06-04 22:00:00,0.0050000000
2026-06-04 23:00:00,0.0029840000
2026-06-05 00:00:00,0.0018570000
2026-06-05 01:00:00,0.0025160000
2026-06-05 02:00:00,0.0009320000
2026-06-05 03:00:00,-0.0011000000
2026-06-05 04:00:00,0.0037900000
2026-06-05 05:00:00,0.0050000000
2026-06-05 06:00:00,0.0050000000
2026-06-05 07:00:00,0.0034590000
2026-06-05 08:00:00,0.0050000000
2026-06-05 09:00:00,0.0050000000
2026-06-05 10:00:00,0.0050000000
2026-06-05 11:00:00,0.0050000000
2026-06-05 12:00:00,0.0035390000
2026-06-05 13:00:00,0.0039000000
2026-06-05 14:00:00,0.0050000000
2026-06-05 15:00:00,0.0044470000
2026-06-05 16:00:00,0.0042420000
2026-06-05 17:00:00,0.0006820000
2026-06-05 18:00:00,0.0050000000
2026-06-05 19:00:00,0.0050000000
2026-06-05 20:00:00,0.0050000000
2026-06-05 21:00:00,0.0048890000
2026-06-05 22:00:00,0.0037550000
2026-06-05 23:00:00,0.0050000000
2026-06-06 00:00:00,0.0037520000
2026-06-06 01:00:00,0.0050000000
2026-06-06 02:00:00,0.0050000000
2026-06-06 03:00:00,-0.0004930000
2026-06-06 04:00:00,-0.0035540000
2026-06-06 05:00:00,-0.0019140000
2026-06-06 06:00:00,0.0043800000
2026-06-06 07:00:00,0.0050000000
2026-06-06 08:00:00,0.0050000000
2026-06-06 09:00:00,0.0050000000
2026-06-06 10:00:00,0.0050000000
2026-06-06 11:00:00,0.0050000000
2026-06-06 12:00:00,0.0050000000
2026-06-06 13:00:00,0.0017830000
2026-06-06 14:00:00,0.0041860000
2026-06-06 15:00:00,0.0050000000
2026-06-06 16:00:00,0.0050000000
2026-06-06 17:00:00,0.0050000000
2026-06-06 18:00:00,0.0050000000
2026-06-06 19:00:00,0.0050000000
2026-06-06 20:00:00,0.0050000000
2026-06-06 21:00:00,0.0050000000
2026-06-06 22:00:00,0.0050000000
2026-06-06 23:00:00,0.0050000000
2026-06-07 00:00:00,0.0050000000
2026-06-07 01:00:00,0.0050000000
2026-06-07 02:00:00,0.0050000000
2026-06-07 03:00:00,0.0050000000
2026-06-07 04:00:00,0.0050000000
2026-06-07 05:00:00,0.0050000000
2026-06-07 06:00:00,0.0050000000
2026-06-07 07:00:00,0.0050000000
2026-06-07 08:00:00,0.0050000000
2026-06-07 09:00:00,0.0050000000
2026-06-07 10:00:00,0.0050000000
2026-06-07 11:00:00,0.0050000000
2026-06-07 12:00:00,0.0050000000
2026-06-07 13:00:00,0.0050000000
2026-06-07 14:00:00,0.0050000000
2026-06-07 15:00:00,0.0001030000
2026-06-07 16:00:00,0.0000810000
2026-06-07 17:00:00,0.0035500000
2026-06-07 18:00:00,0.0050000000
2026-06-07 19:00:00,0.0050000000
2026-06-07 20:00:00,0.0035980000
2026-06-07 21:00:00,0.0028900000
2026-06-07 22:00:00,0.0008990000
2026-06-07 23:00:00,0.0050000000
2026-06-08 00:00:00,0.0050000000
2026-06-08 01:00:00,0.0050000000
2026-06-08 02:00:00,0.0024270000
2026-06-08 03:00:00,0.0030000000
2026-06-08 04:00:00,-0.0010960000
2026-06-08 05:00:00,0.0050000000
2026-06-08 06:00:00,0.0050000000
2026-06-08 07:00:00,0.0050000000
2026-06-08 08:00:00,0.0050000000
2026-06-08 09:00:00,0.0027270000
2026-06-08 10:00:00,0.0034880000
2026-06-08 11:00:00,0.0050000000
2026-06-08 12:00:00,0.0050000000
2026-06-08 13:00:00,0.0050000000
2026-06-08 14:00:00,0.0028840000
2026-06-08 15:00:00,0.0031160000
2026-06-08 16:00:00,-0.0008810000
2026-06-08 17:00:00,-0.0038690000
2026-06-08 18:00:00,-0.0027560000
2026-06-08 19:00:00,-0.0028960000
2026-06-08 20:00:00,0.0006890000
2026-06-08 21:00:00,0.0014100000
2026-06-08 22:00:00,-0.0050140000
2026-06-08 23:00:00,-0.0049940000
2026-06-09 00:00:00,-0.0038010000
2026-06-09 01:00:00,0.0033850000
2026-06-09 02:00:00,0.0050000000
2026-06-09 03:00:00,0.0050000000
2026-06-09 04:00:00,0.0050000000
2026-06-09 05:00:00,0.0044790000
2026-06-09 06:00:00,-0.0090620000
2026-06-09 07:00:00,-0.0084780000
2026-06-09 08:00:00,-0.0001520000
2026-06-09 09:00:00,0.0050000000
2026-06-09 10:00:00,0.0050000000
2026-06-09 11:00:00,0.0050000000
2026-06-09 12:00:00,0.0050000000
2026-06-09 13:00:00,0.0050000000
2026-06-09 14:00:00,0.0050000000
2026-06-09 15:00:00,0.0050000000
2026-06-09 16:00:00,0.0040280000
2026-06-09 17:00:00,0.0044320000
2026-06-09 18:00:00,0.0019980000
2026-06-09 19:00:00,0.0036960000
2026-06-09 20:00:00,0.0050000000
2026-06-09 21:00:00,0.0035140000
2026-06-09 22:00:00,0.0036250000
2026-06-09 23:00:00,0.0050000000
2026-06-10 00:00:00,0.0031830000
2026-06-10 01:00:00,-0.0026180000
2026-06-10 02:00:00,0.0010670000
2026-06-10 03:00:00,0.0042190000
2026-06-10 04:00:00,0.0050000000
2026-06-10 05:00:00,0.0046060000
2026-06-10 06:00:00,0.0010780000
2026-06-10 07:00:00,0.0004680000
2026-06-10 08:00:00,0.0041610000
2026-06-10 09:00:00,0.0050000000
2026-06-10 10:00:00,0.0044850000
2026-06-10 11:00:00,-0.0001140000
2026-06-10 12:00:00,0.0024430000
2026-06-10 13:00:00,0.0026460000
2026-06-10 14:00:00,0.0011080000
2026-06-10 15:00:00,0.0030350000
2026-06-10 16:00:00,0.0050000000
2026-06-10 17:00:00,0.0050000000
2026-06-10 18:00:00,0.0050000000
2026-06-10 19:00:00,-0.0020890000
2026-06-10 20:00:00,-0.0000450000
2026-06-10 21:00:00,0.0004320000
2026-06-10 22:00:00,0.0018620000
2026-06-10 23:00:00,0.0050000000
2026-06-11 00:00:00,0.0050000000
2026-06-11 01:00:00,0.0010320000
2026-06-11 02:00:00,0.0004910000
2026-06-11 03:00:00,-0.0010700000
2026-06-11 04:00:00,0.0031780000
2026-06-11 05:00:00,0.0050000000
2026-06-11 06:00:00,0.0050000000
2026-06-11 07:00:00,-0.0003360000
2026-06-11 08:00:00,0.0014480000
2026-06-11 09:00:00,-0.0007270000
2026-06-11 10:00:00,0.0050000000
2026-06-11 11:00:00,0.0050000000
2026-06-11 12:00:00,0.0050000000
2026-06-11 13:00:00,0.0050000000
2026-06-11 14:00:00,0.0050000000
2026-06-11 15:00:00,0.0050000000
2026-06-11 16:00:00,0.0050000000
2026-06-11 17:00:00,0.0050000000
2026-06-11 18:00:00,0.0050000000
2026-06-11 19:00:00,0.0050000000
2026-06-11 20:00:00,0.0050000000
2026-06-11 21:00:00,0.0050000000
2026-06-11 22:00:00,0.0050000000
2026-06-11 23:00:00,0.0050000000
2026-06-12 00:00:00,0.0050000000
2026-06-12 01:00:00,0.0050000000
2026-06-12 02:00:00,0.0050000000
2026-06-12 03:00:00,0.0050000000
2026-06-12 04:00:00,0.0050000000
2026-06-12 05:00:00,0.0050000000
2026-06-12 06:00:00,0.0050000000
2026-06-12 07:00:00,0.0050000000
2026-06-12 08:00:00,0.0050000000
2026-06-12 09:00:00,0.0050000000
2026-06-12 10:00:00,0.0050000000
2026-06-12 11:00:00,0.0050000000
2026-06-12 12:00:00,0.0050000000
2026-06-12 13:00:00,0.0050000000
2026-06-12 14:00:00,0.0050000000
2026-06-12 15:00:00,0.0050000000
2026-06-12 16:00:00,0.0050000000
2026-06-12 17:00:00,0.0050000000
2026-06-12 18:00:00,0.0050000000
2026-06-12 19:00:00,0.0050000000
2026-06-12 20:00:00,0.0050000000
2026-06-12 21:00:00,0.0050000000
2026-06-12 22:00:00,0.0050000000
2026-06-12 23:00:00,0.0050000000
2026-06-13 00:00:00,0.0050000000
2026-06-13 01:00:00,0.0050000000
2026-06-13 02:00:00,0.0050000000
2026-06-13 03:00:00,0.0050000000
2026-06-13 04:00:00,0.0050000000
2026-06-13 05:00:00,0.0050000000
2026-06-13 06:00:00,0.0050000000
2026-06-13 07:00:00,0.0050000000
2026-06-13 08:00:00,0.0050000000
2026-06-13 09:00:00,0.0050000000
2026-06-13 10:00:00,0.0050000000
2026-06-13 11:00:00,0.0050000000
2026-06-13 12:00:00,0.0050000000
2026-06-13 13:00:00,0.0050000000
2026-06-13 14:00:00,0.0050000000
2026-06-13 15:00:00,0.0050000000
2026-06-13 16:00:00,0.0050000000
2026-06-13 17:00:00,0.0050000000
2026-06-13 18:00:00,0.0050000000
2026-06-13 19:00:00,0.0050000000
2026-06-13 20:00:00,0.0050000000
2026-06-13 21:00:00,0.0050000000
2026-06-13 22:00:00,0.0050000000
2026-06-13 23:00:00,0.0050000000
2026-06-14 00:00:00,0.0050000000
2026-06-14 01:00:00,0.0050000000
2026-06-14 02:00:00,0.0050000000
2026-06-14 03:00:00,0.0050000000
2026-06-14 04:00:00,0.0050000000
2026-06-14 05:00:00,0.0050000000
2026-06-14 06:00:00,0.0050000000
2026-06-14 07:00:00,0.0050000000
2026-06-14 08:00:00,0.0050000000
2026-06-14 09:00:00,0.0050000000
2026-06-14 10:00:00,0.0050000000
2026-06-14 11:00:00,0.0050000000
2026-06-14 12:00:00,0.0050000000
2026-06-14 13:00:00,0.0050000000
2026-06-14 14:00:00,0.0050000000
2026-06-14 15:00:00,0.0050000000
2026-06-14 16:00:00,0.0050000000
2026-06-14 17:00:00,0.0050000000
2026-06-14 18:00:00,0.0050000000
2026-06-14 19:00:00,0.0050000000
2026-06-14 20:00:00,0.0026180000
2026-06-14 21:00:00,0.0017300000
2026-06-14 22:00:00,0.0050000000
2026-06-14 23:00:00,0.0050000000
2026-06-15 00:00:00,0.0050000000
2026-06-15 01:00:00,0.0050000000
2026-06-15 02:00:00,0.0050000000
2026-06-15 03:00:00,0.0050000000
2026-06-15 04:00:00,0.0050000000
2026-06-15 05:00:00,0.0050000000
2026-06-15 06:00:00,0.0050000000
2026-06-15 07:00:00,0.0050000000
2026-06-15 08:00:00,0.0050000000
2026-06-15 09:00:00,0.0050000000
2026-06-15 10:00:00,0.0050000000
2026-06-15 11:00:00,0.0050000000
2026-06-15 12:00:00,0.0050000000
2026-06-15 13:00:00,0.0050000000
2026-06-15 14:00:00,0.0050000000
2026-06-15 15:00:00,0.0050000000
2026-06-15 16:00:00,0.0050000000
2026-06-15 17:00:00,0.0050000000
2026-06-15 18:00:00,0.0044400000
2026-06-15 19:00:00,0.0046430000
2026-06-15 20:00:00,0.0007010000
2026-06-15 21:00:00,-0.0012180000
2026-06-15 22:00:00,0.0004810000
2026-06-15 23:00:00,0.0003730000
2026-06-16 00:00:00,0.0028690000
2026-06-16 01:00:00,-0.0011500000
2026-06-16 02:00:00,-0.0001190000
2026-06-16 03:00:00,0.0032640000
2026-06-16 04:00:00,0.0023850000
2026-06-16 05:00:00,-0.0001980000
2026-06-16 06:00:00,0.0008550000
2026-06-16 07:00:00,-0.0026640000
2026-06-16 08:00:00,0.0002150000
2026-06-16 09:00:00,0.0020470000
2026-06-16 10:00:00,0.0036860000
2026-06-16 11:00:00,0.0025150000
2026-06-16 12:00:00,0.0025720000
2026-06-16 13:00:00,0.0025590000
2026-06-16 14:00:00,0.0050000000
2026-06-16 15:00:00,0.0050000000
2026-06-16 16:00:00,0.0050000000
2026-06-16 17:00:00,0.0050000000
2026-06-16 18:00:00,0.0037960000
2026-06-16 19:00:00,0.0028400000
2026-06-16 20:00:00,0.0042230000
2026-06-16 21:00:00,0.0028950000
2026-06-16 22:00:00,0.0050000000
2026-06-16 23:00:00,0.0050000000
2026-06-17 00:00:00,-0.0032290000
2026-06-17 01:00:00,-0.0035670000
2026-06-17 02:00:00,-0.0015030000
2026-06-17 03:00:00,0.0013410000
2026-06-17 04:00:00,0.0018000000
2026-06-17 05:00:00,0.0036610000
2026-06-17 06:00:00,0.0024820000
2026-06-17 07:00:00,0.0025060000
2026-06-17 08:00:00,0.0045310000
2026-06-17 09:00:00,0.0027900000
2026-06-17 10:00:00,-0.0053720000
2026-06-17 11:00:00,-0.0038940000
2026-06-17 12:00:00,-0.0006080000
2026-06-17 13:00:00,0.0033900000
2026-06-17 14:00:00,0.0040750000
2026-06-17 15:00:00,0.0028440000
2026-06-17 16:00:00,0.0030530000
2026-06-17 17:00:00,0.0016190000
2026-06-17 18:00:00,0.0016910000
2026-06-17 19:00:00,0.0000730000
2026-06-17 20:00:00,-0.0020630000
2026-06-17 21:00:00,-0.0032510000
2026-06-17 22:00:00,-0.0007010000
2026-06-17 23:00:00,0.0030010000
2026-06-18 00:00:00,-0.0019580000
2026-06-18 01:00:00,-0.0027420000
2026-06-18 02:00:00,-0.0025290000
2026-06-18 03:00:00,0.0031570000
2026-06-18 04:00:00,-0.0011990000
2026-06-18 05:00:00,-0.0051630000
2026-06-18 06:00:00,-0.0066010000
2026-06-18 07:00:00,-0.0051130000
2026-06-18 08:00:00,-0.0037460000
2026-06-18 09:00:00,-0.0000320000
2026-06-18 10:00:00,0.0033190000
2026-06-18 11:00:00,0.0038440000
2026-06-18 12:00:00,-0.0007960000
2026-06-18 13:00:00,-0.0003680000
2026-06-18 14:00:00,-0.0052810000
2026-06-18 15:00:00,-0.0060930000
2026-06-18 16:00:00,-0.0078510000
2026-06-18 17:00:00,-0.0073480000
2026-06-18 18:00:00,-0.0045820000
2026-06-18 19:00:00,-0.0030010000
2026-06-18 20:00:00,0.0044580000
2026-06-18 21:00:00,0.0020350000
2026-06-18 22:00:00,0.0016130000
2026-06-18 23:00:00,0.0004640000
2026-06-19 00:00:00,-0.0007700000
2026-06-19 01:00:00,-0.0028530000
2026-06-19 02:00:00,0.0014130000
2026-06-19 03:00:00,0.0008300000
2026-06-19 04:00:00,0.0039630000
2026-06-19 05:00:00,0.0029070000
2026-06-19 06:00:00,0.0048330000
2026-06-19 07:00:00,0.0045130000
2026-06-19 08:00:00,0.0030070000
2026-06-19 09:00:00,-0.0001500000
2026-06-19 10:00:00,-0.0009740000
2026-06-19 11:00:00,0.0001370000
2026-06-19 12:00:00,-0.0009130000
2026-06-19 13:00:00,0.0004470000
2026-06-19 14:00:00,0.0009170000
2026-06-19 15:00:00,-0.0031650000
2026-06-19 16:00:00,-0.0016630000
2026-06-19 17:00:00,-0.0051510000
2026-06-19 18:00:00,-0.0032640000
2026-06-19 19:00:00,0.0022530000
2026-06-19 20:00:00,0.0027460000
2026-06-19 21:00:00,0.0049150000
2026-06-19 22:00:00,0.0016180000
2026-06-19 23:00:00,0.0045920000
2026-06-20 00:00:00,0.0050000000
2026-06-20 01:00:00,0.0050000000
2026-06-20 02:00:00,0.0050000000
2026-06-20 03:00:00,0.0050000000
2026-06-20 04:00:00,0.0050000000
2026-06-20 05:00:00,0.0050000000
2026-06-20 06:00:00,0.0041800000
2026-06-20 07:00:00,0.0039300000
2026-06-20 08:00:00,-0.0007600000
2026-06-20 09:00:00,0.0012820000
2026-06-20 10:00:00,0.0050000000
2026-06-20 11:00:00,0.0050000000
2026-06-20 12:00:00,0.0050000000
2026-06-20 13:00:00,0.0050000000
2026-06-20 14:00:00,0.0050000000
2026-06-20 15:00:00,0.0050000000
2026-06-20 16:00:00,0.0050000000
2026-06-20 17:00:00,0.0050000000
2026-06-20 18:00:00,0.0050000000
2026-06-20 19:00:00,0.0050000000
2026-06-20 20:00:00,0.0050000000
2026-06-20 21:00:00,0.0050000000
2026-06-20 22:00:00,0.0050000000
2026-06-20 23:00:00,0.0050000000
2026-06-21 00:00:00,0.0050000000
2026-06-21 01:00:00,0.0050000000
2026-06-21 02:00:00,0.0050000000
2026-06-21 03:00:00,0.0050000000
2026-06-21 04:00:00,0.0050000000
2026-06-21 05:00:00,0.0045070000
2026-06-21 06:00:00,0.0004650000
2026-06-21 07:00:00,0.0022730000
2026-06-21 08:00:00,0.0050000000
2026-06-21 09:00:00,0.0050000000
2026-06-21 10:00:00,0.0050000000
2026-06-21 11:00:00,0.0050000000
2026-06-21 12:00:00,0.0050000000
2026-06-21 13:00:00,0.0050000000
2026-06-21 14:00:00,0.0050000000
2026-06-21 15:00:00,0.0040320000
2026-06-21 16:00:00,0.0037610000
2026-06-21 17:00:00,0.0021920000
2026-06-21 18:00:00,0.0014030000
2026-06-21 19:00:00,-0.0005630000
2026-06-21 20:00:00,0.0038660000
2026-06-21 21:00:00,0.0050000000
2026-06-21 22:00:00,0.0050000000
2026-06-21 23:00:00,0.0050000000
2026-06-22 00:00:00,0.0050000000
2026-06-22 01:00:00,0.0045920000
2026-06-22 02:00:00,-0.0004440000
2026-06-22 03:00:00,0.0004730000
2026-06-22 04:00:00,-0.0023140000
2026-06-22 05:00:00,0.0003140000
2026-06-22 06:00:00,-0.0003180000
2026-06-22 07:00:00,0.0024500000
2026-06-22 08:00:00,0.0001250000
2026-06-22 09:00:00,0.0010970000
2026-06-22 10:00:00,0.0030210000
2026-06-22 11:00:00,0.0050000000
2026-06-22 12:00:00,0.0046990000
2026-06-22 13:00:00,0.0041840000
2026-06-22 14:00:00,-0.0043550000
2026-06-22 15:00:00,-0.0065310000
2026-06-22 16:00:00,-0.0062230000
2026-06-22 17:00:00,-0.0031970000
2026-06-22 18:00:00,-0.0009510000
2026-06-22 19:00:00,-0.0014320000
2026-06-22 20:00:00,-0.0045590000
2026-06-22 21:00:00,-0.0023700000
2026-06-22 22:00:00,0.0021650000
2026-06-22 23:00:00,0.0012480000
2026-06-23 00:00:00,-0.0017530000
2026-06-23 01:00:00,-0.0047540000
2026-06-23 02:00:00,-0.0085700000
2026-06-23 03:00:00,-0.0025890000
2026-06-23 04:00:00,0.0004880000
2026-06-23 05:00:00,0.0018620000
2026-06-23 06:00:00,0.0015840000
2026-06-23 07:00:00,-0.0041910000
2026-06-23 08:00:00,-0.0056120000
2026-06-23 09:00:00,-0.0058290000
2026-06-23 10:00:00,-0.0059870000
2026-06-23 11:00:00,-0.0062190000
2026-06-23 12:00:00,-0.0026000000
2026-06-23 13:00:00,0.0019430000
2026-06-23 14:00:00,0.0050000000
2026-06-23 15:00:00,0.0030210000
2026-06-23 16:00:00,-0.0005110000
2026-06-23 17:00:00,-0.0004110000
2026-06-23 18:00:00,0.0007400000
2026-06-23 19:00:00,-0.0021330000
2026-06-23 20:00:00,0.0050000000
2026-06-23 21:00:00,0.0010000000
2026-06-23 22:00:00,-0.0005080000
2026-06-23 23:00:00,-0.0004280000
2026-06-24 00:00:00,-0.0032270000
2026-06-24 01:00:00,-0.0016570000
2026-06-24 02:00:00,-0.0030270000
2026-06-24 03:00:00,-0.0030020000
2026-06-24 04:00:00,0.0017980000
2026-06-24 05:00:00,0.0005720000
2026-06-24 06:00:00,0.0014240000
2026-06-24 07:00:00,0.0014470000
2026-06-24 08:00:00,0.0004300000
2026-06-24 09:00:00,0.0034730000
2026-06-24 10:00:00,0.0037920000
2026-06-24 11:00:00,0.0009640000
2026-06-24 12:00:00,0.0016420000
2026-06-24 13:00:00,-0.0030180000
2026-06-24 14:00:00,-0.0031670000
2026-06-24 15:00:00,0.0009570000
2026-06-24 16:00:00,0.0015380000
2026-06-24 17:00:00,-0.0024770000
2026-06-24 18:00:00,-0.0096920000
2026-06-24 19:00:00,-0.0091900000
2026-06-24 20:00:00,-0.0097960000
2026-06-24 21:00:00,-0.0043410000
2026-06-24 22:00:00,0.0012410000
2026-06-24 23:00:00,0.0005260000
2026-06-25 00:00:00,-0.0014290000
2026-06-25 01:00:00,-0.0008230000
2026-06-25 02:00:00,-0.0005280000
2026-06-25 03:00:00,-0.0016550000
2026-06-25 04:00:00,0.0007560000
2026-06-25 05:00:00,0.0022410000
2026-06-25 06:00:00,0.0041430000
2026-06-25 07:00:00,0.0050000000
2026-06-25 08:00:00,0.0013390000
2026-06-25 09:00:00,-0.0000400000
2026-06-25 10:00:00,-0.0027360000
2026-06-25 11:00:00,-0.0100290000
2026-06-25 12:00:00,-0.0074240000
2026-06-25 13:00:00,-0.0048940000
2026-06-25 14:00:00,-0.0046840000
2026-06-25 15:00:00,-0.0055980000
2026-06-25 16:00:00,-0.0003220000
2026-06-25 17:00:00,-0.0009760000
2026-06-25 18:00:00,-0.0009480000
2026-06-25 19:00:00,-0.0015670000
2026-06-25 20:00:00,-0.0017190000
2026-06-25 21:00:00,-0.0008730000
2026-06-25 22:00:00,0.0012830000
2026-06-25 23:00:00,-0.0018650000
2026-06-26 00:00:00,-0.0045180000
2026-06-26 01:00:00,0.0024260000
2026-06-26 02:00:00,0.0050000000
2026-06-26 03:00:00,0.0042950000
2026-06-26 04:00:00,0.0036430000
2026-06-26 05:00:00,0.0050000000
2026-06-26 06:00:00,0.0050000000
2026-06-26 07:00:00,0.0050000000
2026-06-26 08:00:00,0.0050000000
2026-06-26 09:00:00,0.0050000000
2026-06-26 10:00:00,0.0050000000
2026-06-26 11:00:00,0.0050000000
2026-06-26 12:00:00,0.0050000000
2026-06-26 13:00:00,0.0050000000
2026-06-26 14:00:00,0.0050000000
2026-06-26 15:00:00,0.0050000000
2026-06-26 16:00:00,0.0050000000
2026-06-26 17:00:00,0.0050000000
2026-06-26 18:00:00,0.0050000000
2026-06-26 19:00:00,0.0050000000
2026-06-26 20:00:00,0.0050000000
2026-06-26 21:00:00,0.0050000000
2026-06-26 22:00:00,0.0050000000
2026-06-26 23:00:00,0.0050000000
2026-06-27 00:00:00,0.0044820000
2026-06-27 01:00:00,-0.0007240000
2026-06-27 02:00:00,-0.0016400000
2026-06-27 03:00:00,0.0009580000
2026-06-27 04:00:00,-0.0023220000
2026-06-27 05:00:00,-0.0041770000
2026-06-27 06:00:00,-0.0032350000
2026-06-27 07:00:00,-0.0029920000
2026-06-27 08:00:00,-0.0028890000
2026-06-27 09:00:00,-0.0042730000
2026-06-27 10:00:00,-0.0028830000
2026-06-27 11:00:00,-0.0028890000
2026-06-27 12:00:00,-0.0028630000
2026-06-27 13:00:00,-0.0004070000
2026-06-27 14:00:00,-0.0028710000
2026-06-27 15:00:00,-0.0013330000
2026-06-27 16:00:00,-0.0002560000
2026-06-27 17:00:00,-0.0012890000
2026-06-27 18:00:00,0.0008340000
2026-06-27 19:00:00,0.0027560000
2026-06-27 20:00:00,0.0015100000
2026-06-27 21:00:00,-0.0029330000
2026-06-27 22:00:00,-0.0046470000
2026-06-27 23:00:00,-0.0010960000
2026-06-28 00:00:00,-0.0015050000
2026-06-28 01:00:00,-0.0037140000
2026-06-28 02:00:00,-0.0041380000
2026-06-28 03:00:00,-0.0082930000
2026-06-28 04:00:00,-0.0032040000
2026-06-28 05:00:00,-0.0038470000
2026-06-28 06:00:00,-0.0015150000
2026-06-28 07:00:00,-0.0014580000
