date,tvl,fees,revenue,dex_vol,stbl
2023-05-07,32758798.00,,,,
2023-05-08,36013054.00,,,,
2023-05-09,35861775.00,,,,
2023-05-10,25818062.00,,,,
2023-05-11,21522827.00,,,,
2023-05-12,28456415.00,,,,
2023-05-13,28284770.00,,,,
2023-05-14,27970966.00,,,,
2023-05-15,32111901.00,,,,
2023-05-16,34480692.00,,,,
2023-05-17,35744906.00,,,,
2023-05-18,31569288.00,,,,
2023-05-19,28011461.00,,,,
2023-05-20,24216269.00,,,,
2023-05-21,23568789.00,,,,
2023-05-22,22463448.00,,,,
2023-05-23,24487537.00,,,,
2023-05-24,23197441.00,,,,
2023-05-25,22592813.00,,,,
2023-05-26,20071804.00,,,,
2023-05-27,20051612.00,,,,
2023-05-28,18298812.00,,,,
2023-05-29,19027776.00,,,,
2023-05-30,19107846.00,,,,
2023-05-31,19064402.00,,,,
2023-06-01,18755207.00,,,,
2023-06-02,19340985.00,,,,
2023-06-03,19111565.00,,,,
2023-06-04,19311608.00,,,,
2023-06-05,19371151.00,,,,
2023-06-06,19472879.00,,,,
2023-06-07,18148857.00,,,,
2023-06-08,18264434.00,,,,
2023-06-09,18440043.00,,,,
2023-06-10,16368744.00,,,,
2023-06-11,18090753.00,,,,
2023-06-12,12890888.00,,,,
2023-06-13,13588133.00,,,,
2023-06-14,13885956.00,,,,
2023-06-15,13603855.00,,,,
2023-06-16,13458911.00,,,,
2023-06-17,11581207.00,,,,
2023-06-18,11581567.00,,,,
2023-06-19,11871084.00,,,,
2023-06-20,11508733.00,,,,
2023-06-21,11815581.00,,,,
2023-06-22,12036183.00,,,,
2023-06-23,12335549.00,,,,
2023-06-24,12194446.00,,,,
2023-06-25,12254913.00,,,,
2023-06-26,12113435.00,,,,
2023-06-27,12063299.00,,,,
2023-06-28,11889398.00,,,,
2023-06-29,11656550.00,,,,
2023-06-30,11617402.00,,,,
2023-07-01,11765521.00,,,,
2023-07-02,11822521.00,,,,
2023-07-03,11830202.00,,,,
2023-07-04,12140242.00,,,,
2023-07-05,12744193.00,,,,
2023-07-06,12670187.00,,,,
2023-07-07,13087089.00,,,,
2023-07-08,12972354.00,,,,
2023-07-09,13057457.00,,,,
2023-07-10,13234634.00,,,,
2023-07-11,13220216.00,,,,
2023-07-12,13112608.00,,,,
2023-07-13,13024148.00,,,,
2023-07-14,12976036.00,,,,
2023-07-15,13217266.00,,,,
2023-07-16,12983375.00,,,,
2023-07-17,13151079.00,,,,
2023-07-18,13121697.00,,,,
2023-07-19,13079135.00,,,,
2023-07-20,13136149.00,,,,
2023-07-21,14365537.00,,,,
2023-07-22,14929718.00,,,,
2023-07-23,15674615.00,,,,
2023-07-24,15509153.00,,,,
2023-07-25,15475670.00,,,,
2023-07-26,15435485.00,,,,
2023-07-27,15464619.00,,,,
2023-07-28,15270816.00,,,,
2023-07-29,15318332.00,,,,
2023-07-30,14851622.00,,,,
2023-07-31,12654741.00,,,,
2023-08-01,12601716.00,,,,
2023-08-02,12727370.00,,,,
2023-08-03,13162363.00,,,,
2023-08-04,14003112.00,,,,
2023-08-05,14157534.00,,,,
2023-08-06,14881076.00,,,,
2023-08-07,15471010.00,,,,
2023-08-08,15883493.00,,,,
2023-08-09,15927598.00,,,,
2023-08-10,17064270.00,,,,
2023-08-11,17317563.00,,,,
2023-08-12,18087655.00,,,,
2023-08-13,18294730.00,,,,
2023-08-14,18461652.00,,,,
2023-08-15,18203293.00,,,,
2023-08-16,18987062.00,,,,
2023-08-17,19561940.00,,,,
2023-08-18,19498308.00,,,,
2023-08-19,17558982.00,,,,
2023-08-20,19078306.00,,,,
2023-08-21,20414476.00,,,,
2023-08-22,20416095.00,,,,
2023-08-23,21358757.00,,,,
2023-08-24,21318002.00,,,,
2023-08-25,23055865.00,,,,
2023-08-26,23005321.00,,,,
2023-08-27,23234867.00,,,,
2023-08-28,23937625.00,,,,
2023-08-29,24372766.00,,,,
2023-08-30,24724046.00,,,,
2023-08-31,25113111.00,,,,
2023-09-01,24988788.00,,,,
2023-09-02,24529218.00,,,,
2023-09-03,24526806.00,,,,
2023-09-04,24992476.00,,,,
2023-09-05,25126380.00,,,,
2023-09-06,24776717.00,,,,
2023-09-07,25346137.00,,,,
2023-09-08,23796716.00,,,,
2023-09-09,23826683.00,,,,
2023-09-10,23688400.00,,,,
2023-09-11,23612811.00,,,,
2023-09-12,23764749.00,,,,
2023-09-13,23740004.00,,,,
2023-09-14,23986629.00,,,,
2023-09-15,24189972.00,,,,
2023-09-16,24308740.00,,,,
2023-09-17,25718491.00,,,,
2023-09-18,25930951.00,,,,
2023-09-19,25503559.00,,,,
2023-09-20,26090084.00,,,,
2023-09-21,26264197.00,,,,
2023-09-22,26446473.00,,,,
2023-09-23,26355629.00,,,,
2023-09-24,26589966.00,,,,
2023-09-25,26594552.00,,,,
2023-09-26,26559089.00,,,,
2023-09-27,29724954.00,,,,
2023-09-28,31236053.00,,,,
2023-09-29,32316868.00,,,,
2023-09-30,33273707.00,,,,
2023-10-01,34293583.00,,,,
2023-10-02,34342295.00,,,,
2023-10-03,36464739.00,,,,
2023-10-04,36904686.00,,,,
2023-10-05,37777092.00,,,,
2023-10-06,38088133.00,,,,
2023-10-07,38276065.00,,,,
2023-10-08,37837974.00,,,,
2023-10-09,39747139.00,,,,
2023-10-10,39645062.00,,,,
2023-10-11,40878723.00,,,,
2023-10-12,41652635.00,,,,
2023-10-13,42928078.00,,,,
2023-10-14,48719533.00,,,,
2023-10-15,51080684.00,,,,
2023-10-16,52188902.00,,,,
2023-10-17,54391873.00,,,,
2023-10-18,54981159.00,,,,
2023-10-19,59044564.00,,,,
2023-10-20,57864227.00,,,,
2023-10-21,59106982.00,,,,
2023-10-22,59637601.00,,,,
2023-10-23,59771459.00,,,,
2023-10-24,69681552.00,,,,
2023-10-25,71839860.00,,,,
2023-10-26,74354355.00,,,,
2023-10-27,74670235.00,,,,
2023-10-28,78798006.00,,,,
2023-10-29,78896461.00,,,,
2023-10-30,79966766.00,,,,
2023-10-31,82891066.00,,,,
2023-11-01,91444813.00,,,,
2023-11-02,88946340.00,,,,
2023-11-03,95279156.00,,,,
2023-11-04,92512108.00,,,,
2023-11-05,94023410.00,,,,
2023-11-06,94791394.00,,,,
2023-11-07,94399011.00,,,,
2023-11-08,101252914.00,,,,
2023-11-09,108572158.00,,,,
2023-11-10,116838572.00,,,,
2023-11-11,126499428.00,,,,
2023-11-12,127397242.00,,,,
2023-11-13,132993936.00,,,,
2023-11-14,137629420.00,,,,
2023-11-15,136631801.00,,,,
2023-11-16,137573310.00,,,,
2023-11-17,140848597.00,,,,
2023-11-18,137928155.00,,,,
2023-11-19,136855385.00,,,,
2023-11-20,138260510.00,,,,
2023-11-21,139698048.00,,,,
2023-11-22,143691343.00,,,,
2023-11-23,143177744.00,,,,
2023-11-24,147069009.00,,,,
2023-11-25,147997821.00,,,,
2023-11-26,148862442.00,,,,
2023-11-27,155733788.00,,,,
2023-11-28,156649236.00,,,,
2023-11-29,157482074.00,,,,
2023-11-30,158084564.00,,,,
2023-12-01,161244206.00,,,,
2023-12-02,165247175.00,,,,
2023-12-03,166319027.00,,,,
2023-12-04,165151435.00,,,,
2023-12-05,165814069.00,,,,
2023-12-06,164622235.00,,,,
2023-12-07,172999587.00,,,,
2023-12-08,177625063.00,,,,
2023-12-09,169816190.00,,,,
2023-12-10,190141581.00,,,,
2023-12-11,189753998.00,,,,
2023-12-12,191127394.00,,,,
2023-12-13,158297191.00,,,,
2023-12-14,150143575.00,,,,
2023-12-15,153206867.00,,,,
2023-12-16,156490265.00,,,,
2023-12-17,155792495.00,,,,
2023-12-18,157969694.00,,,,
2023-12-19,162441588.00,,,,
2023-12-20,176593618.00,,,,
2023-12-21,178903546.00,,,,
2023-12-22,189558106.00,,,,
2023-12-23,195089757.00,,,,
2023-12-24,196912230.00,,,,
2023-12-25,199621724.00,,,,
2023-12-26,197119615.00,,,,
2023-12-27,204589195.00,,,,
2023-12-28,207411416.00,,,,
2023-12-29,203511057.00,,,,
2023-12-30,204464125.00,,,,
2023-12-31,210088919.00,,,,
2024-01-01,212750772.00,,,,
2024-01-02,211642131.00,,,,
2024-01-03,217884171.00,,,,
2024-01-04,228190966.00,,,,
2024-01-05,221214173.00,,,,
2024-01-06,222375881.00,,,,
2024-01-07,226059408.00,,,,
2024-01-08,225987163.00,,,,
2024-01-09,223031269.00,,,,
2024-01-10,232456803.00,,,,
2024-01-11,235779051.00,,,,
2024-01-12,240560142.00,,,,
2024-01-13,266273822.00,,,,
2024-01-14,286304559.00,,,,
2024-01-15,309254608.00,,,,
2024-01-16,335190383.00,,,,
2024-01-17,329349234.00,,,,
2024-01-18,324070872.00,,,,
2024-01-19,332472730.00,,,,
2024-01-20,319829873.00,,,,
2024-01-21,323669628.00,,,,
2024-01-22,326991432.00,,,,
2024-01-23,323928206.00,,,,
2024-01-24,326338013.00,,,,5279804.00
2024-01-25,344144907.00,,,,5335151.00
2024-01-26,357766262.00,,,,5421588.00
2024-01-27,356351764.00,,,,5403282.00
2024-01-28,407213851.00,,,,5491112.00
2024-01-29,408430696.00,,,,5608338.00
2024-01-30,407561786.00,,,,5692632.00
2024-01-31,439191014.00,,,,5634924.00
2024-02-01,443868214.00,,,,5630032.00
2024-02-02,439143691.00,,,,5658390.00
2024-02-03,455697811.00,,,,5926352.00
2024-02-04,490396054.00,,,,5959881.00
2024-02-05,490540843.00,,,,5979338.00
2024-02-06,486433012.00,,,,6007422.00
2024-02-07,509557443.00,,,,6007537.00
2024-02-08,508071557.00,,,,6021520.00
2024-02-09,523446930.00,,,,6048608.00
2024-02-10,502548135.00,,,,6108524.00
2024-02-11,530158097.00,,,,6189838.00
2024-02-12,557238703.00,,,,7204520.00
2024-02-13,542793812.00,,,,8456205.00
2024-02-14,574796095.00,,,,8697952.00
2024-02-15,570827247.00,,,,8677898.00
2024-02-16,605401721.00,,,,320310501.00
2024-02-17,586034559.00,,,,314681999.00
2024-02-18,578199037.00,,,,312544846.00
2024-02-19,589396549.00,,,,309185165.00
2024-02-20,580522103.00,,,,308247918.00
2024-02-21,608874569.00,,,,314113579.00
2024-02-22,592329661.00,,,,310698017.00
2024-02-23,572183340.00,,,,291061101.00
2024-02-24,565528216.00,,,,295551682.00
2024-02-25,547772265.00,,,,297870763.00
2024-02-26,567994639.00,,,,296955149.00
2024-02-27,572179112.00,,,,291500541.00
2024-02-28,570793035.00,,,,291426359.00
2024-02-29,564035120.00,,,,293201557.00
2024-03-01,548835205.00,,,,292356811.00
2024-03-02,559842814.00,,,,292746584.00
2024-03-03,593515673.00,,,,302053902.00
2024-03-04,582390277.00,,,,299262900.00
2024-03-05,564586978.00,,,,295845267.00
2024-03-06,546088217.00,,,,286944285.00
2024-03-07,526218310.00,,,,284057934.00
2024-03-08,536644038.00,,,,282392061.00
2024-03-09,539986691.00,,,,279658755.00
2024-03-10,524017713.00,,,,283442633.00
2024-03-11,529399783.00,,,,283080262.00
2024-03-12,522657626.00,,,,277870071.00
2024-03-13,537926740.00,,,,274001095.00
2024-03-14,551041821.00,,,,280002062.00
2024-03-15,553529755.00,,,,275240447.00
2024-03-16,530291790.00,,,,267801408.00
2024-03-17,525112103.00,,,,262962411.00
2024-03-18,538333600.00,,,,264256999.00
2024-03-19,553341465.00,,,,263066658.00
2024-03-20,558748737.00,,,,262899369.00
2024-03-21,587205472.00,,,,289951051.00
2024-03-22,626793418.00,,,,301461209.00
2024-03-23,625766360.00,,,,327419386.00
2024-03-24,626129361.00,,,,331782379.00
2024-03-25,619842199.00,,,,331730512.00
2024-03-26,629606143.00,,,,329748593.00
2024-03-27,615350567.00,,,,332113701.00
2024-03-28,654549796.00,,,,342971411.00
2024-03-29,704521444.00,,,,357424349.00
2024-03-30,699687094.00,,,,375272558.00
2024-03-31,681444663.00,,,,366084335.00
2024-04-01,676051107.00,,,,364028299.00
2024-04-02,682905430.00,,,,361222599.00
2024-04-03,693292655.00,,,,360499873.00
2024-04-04,661611254.00,,,,357203286.00
2024-04-05,631316340.00,,,,353370805.00
2024-04-06,629330402.00,,,,348482622.00
2024-04-07,613419714.00,,,,346365166.00
2024-04-08,622273997.00,,,,347031943.00
2024-04-09,625806885.00,,,,344816868.00
2024-04-10,647620353.00,,,,345814886.00
2024-04-11,639665524.00,,,,349913944.00
2024-04-12,627733298.00,,,,346550091.00
2024-04-13,628329426.00,,,,344970482.00
2024-04-14,552811357.00,,,,332677150.00
2024-04-15,500781343.00,,,,326014138.00
2024-04-16,530889887.00,,,,322897673.00
2024-04-17,527891465.00,,,,322647839.00
2024-04-18,547490104.00,,,,320538317.00
2024-04-19,568805436.00,,,,324745629.00
2024-04-20,560974832.00,,,,325673878.00
2024-04-21,594661781.00,,,,327329940.00
2024-04-22,612260092.00,,,,328926415.00
2024-04-23,614155309.00,,,,336537334.00
2024-04-24,614364557.00,,,,340554346.00
2024-04-25,595805312.00,,,,341506580.00
2024-04-26,580683922.00,,,,341589655.00
2024-04-27,569842542.00,,,,342324584.00
2024-04-28,559700508.00,,,,341483321.00
2024-04-29,568818989.00,,,,343850987.00
2024-04-30,588041312.00,,,,345663463.00
2024-05-01,574312502.00,,,,350071157.00
2024-05-02,570062474.00,,,,354554024.00
2024-05-03,575188426.00,,,,355027102.00
2024-05-04,580432377.00,,,,362220881.00
2024-05-05,584568589.00,,,,367798851.00
2024-05-06,590231206.00,,,,368616190.00
2024-05-07,596638048.00,,,,368030683.00
2024-05-08,608348551.00,,,,368424109.00
2024-05-09,620160546.00,,,,369670503.00
2024-05-10,608857447.00,,,,379854038.00
2024-05-11,618005037.00,,,,381207109.00
2024-05-12,623974341.00,,,,385991692.00
2024-05-13,622534322.00,,,,386493092.00
2024-05-14,623473344.00,,,,385764260.00
2024-05-15,619460722.00,,,,386167240.00
2024-05-16,600686113.00,,,,387074902.00
2024-05-17,635825285.00,,,,389631698.00
2024-05-18,649208674.00,,,,393734916.00
2024-05-19,674645729.00,,,,398252524.00
2024-05-20,684718207.00,,,,405856421.00
2024-05-21,673225648.00,,,,407051090.00
2024-05-22,712103888.00,,,,414847162.00
2024-05-23,720632496.00,,,,425566007.00
2024-05-24,719171739.00,,,,424795496.00
2024-05-25,704832087.00,,,,422228692.00
2024-05-26,701831461.00,,,,420433570.00
2024-05-27,700922390.00,,,,419774577.00
2024-05-28,701289677.00,,,,420278503.00
2024-05-29,713595007.00,,,,423084740.00
2024-05-30,693576987.00,,,,415421675.00
2024-05-31,678339081.00,,,,419469384.00
2024-06-01,667678022.00,,,,413203140.00
2024-06-02,678894788.00,,,,417100643.00
2024-06-03,682139523.00,,,,413880425.00
2024-06-04,675030673.00,,,,410081628.00
2024-06-05,679047251.00,,,,411968690.00
2024-06-06,679030508.00,,,,410183901.00
2024-06-07,685080635.00,,,,407817773.00
2024-06-08,690879096.00,,,,401924966.00
2024-06-09,691834290.00,,,,398121459.00
2024-06-10,681669807.00,,,,396498852.00
2024-06-11,664023968.00,,,,395293339.00
2024-06-12,647934771.00,,,,392178765.00
2024-06-13,629658954.00,,,,388402019.00
2024-06-14,627913793.00,,,,384502852.00
2024-06-15,622363640.00,,,,381090866.00
2024-06-16,628457362.00,,,,377575371.00
2024-06-17,630251683.00,,,,378619940.00
2024-06-18,610165878.00,,,,379999490.00
2024-06-19,571981386.00,,,,377152616.00
2024-06-20,580699773.00,,,,371459880.00
2024-06-21,604773734.00,,,,374762580.00
2024-06-22,615199690.00,,,,372637678.00
2024-06-23,607667261.00,,,,369040436.00
2024-06-24,610317905.00,,,,368056288.00
2024-06-25,598850393.00,,,,367315520.00
2024-06-26,600813716.00,,,,362634518.00
2024-06-27,593619195.00,,,,361833059.00
2024-06-28,579900531.00,,,,360485240.00
2024-06-29,581826396.00,,,,359957662.00
2024-06-30,566327095.00,,,,357538998.00
2024-07-01,564016677.00,,,,355235436.00
2024-07-02,567811439.00,,,,350424804.00
2024-07-03,569759093.00,,,,349820891.00
2024-07-04,560113553.00,,,,340258015.00
2024-07-05,542419495.00,,,,339048507.00
2024-07-06,502556337.00,,,,325097459.00
2024-07-07,473275308.00,,,,316286012.00
2024-07-08,486742930.00,,,,312145462.00
2024-07-09,468012743.00,,,,314094323.00
2024-07-10,478801622.00,,,,311615683.00
2024-07-11,493812289.00,,,,306461858.00
2024-07-12,485515441.00,,,,300322105.00
2024-07-13,496368693.00,,,,301818227.00
2024-07-14,491004296.00,,,,301889042.00
2024-07-15,492284285.00,,,,298452677.00
2024-07-16,505896498.00,,,,299919703.00
2024-07-17,519132799.00,,,,301276099.00
2024-07-18,531690488.00,,,,299917221.00
2024-07-19,519715388.00,,,,301250052.00
2024-07-20,496864873.00,,,,294908527.00
2024-07-21,511024912.00,,,,294905824.00
2024-07-22,512443610.00,,,,297863180.00
2024-07-23,510506228.00,,,,295797063.00
2024-07-24,502312965.00,,,,294902122.00
2024-07-25,493250039.00,,,,291559123.00
2024-07-26,479742558.00,,,,288805441.00
2024-07-27,465611862.00,,,,283490237.00
2024-07-28,477782106.00,,,,282915712.00
2024-07-29,473932163.00,,,,278874113.00
2024-07-30,456536746.00,,,,19524062.00
2024-07-31,447624645.00,,,,273871909.00
2024-08-01,412124691.00,,,,253692756.00
2024-08-02,416425241.00,,,,252773438.00
2024-08-03,413566055.00,,,,253304069.00
2024-08-04,393663800.00,,,,250467747.00
2024-08-05,379413589.00,,,,250113726.00
2024-08-06,370283746.00,,,,247337653.00
2024-08-07,339189656.00,,,,240383074.00
2024-08-08,381700387.00,,,,252823548.00
2024-08-09,387197628.00,,,,258903160.00
2024-08-10,448865365.00,,,,269717907.00
2024-08-11,492483110.00,,,,294766242.00
2024-08-12,527103069.00,,,,308720867.00
2024-08-13,524091877.00,,,,316667736.00
2024-08-14,598810980.00,,,,355070959.00
2024-08-15,601639197.00,,,,371372500.00
2024-08-16,586506453.00,,,,371936503.00
2024-08-17,567184521.00,,,,370824904.00
2024-08-18,562463014.00,,,,369169044.00
2024-08-19,562521165.00,,,,368292745.00
2024-08-20,566133787.00,,,,366701924.00
2024-08-21,587417023.00,,,,366653483.00
2024-08-22,574657504.00,,,,351196198.00
2024-08-23,571819103.00,,,,350472579.00
2024-08-24,566276513.00,,,,345977063.00
2024-08-25,621131157.00,,,,351262264.00
2024-08-26,621747100.00,,,,360015801.00
2024-08-27,625862607.00,,,,362536222.00
2024-08-28,626871257.00,,,,371975435.00
2024-08-29,601135271.00,,,,365612745.00
2024-08-30,572355280.00,,,,358899513.00
2024-08-31,580002228.00,,,,359869269.00
2024-09-01,590009520.00,,,,360058911.00
2024-09-02,582658999.00,,,,360300261.00
2024-09-03,573292449.00,,,,360716707.00
2024-09-04,578560554.00,,,,359636582.00
2024-09-05,581614993.00,,,,362087581.00
2024-09-06,587547812.00,,,,362382608.00
2024-09-07,587446622.00,,,,365017000.00
2024-09-08,594224595.00,,,,367110396.00
2024-09-09,618240300.00,,,,367383978.00
2024-09-10,638611053.00,,,,371967457.00
2024-09-11,650560133.00,,,,374961240.00
2024-09-12,650625726.00,,,,385276323.00
2024-09-13,648076642.00,,,,386386881.00
2024-09-14,690419871.00,,,,358829533.00
2024-09-15,676348043.00,,,,360853712.00
2024-09-16,675745829.00,,,,364199027.00
2024-09-17,680987884.00,,,,362054493.00
2024-09-18,662057417.00,,,,360803793.00
2024-09-19,707533175.00,,,,364333077.00
2024-09-20,742832396.00,,,,366199881.00
2024-09-21,784153437.00,,,,377486118.00
2024-09-22,833801589.00,,,,389176585.00
2024-09-23,844794497.00,,,,403314570.00
2024-09-24,864785223.00,,,,408388615.00
2024-09-25,878104954.00,,,,416844231.00
2024-09-26,933104793.00,,,,413519271.00
2024-09-27,920171535.00,,,,420393652.00
2024-09-28,932565951.00,,,,429064441.00
2024-09-29,925792403.00,,,,410906798.00
2024-09-30,919348167.00,,,,410068163.00
2024-10-01,974436265.00,,,,417010795.00
2024-10-02,1020196438.00,,,,418595430.00
2024-10-03,968182320.00,,,,425943213.00
2024-10-04,984611126.00,,,,430928184.00
2024-10-05,961849471.00,,,,434250260.00
2024-10-06,990853808.00,,,,437497306.00
2024-10-07,976524646.00,,,,436785605.00
2024-10-08,1008139913.00,,,,433860959.00
2024-10-09,1079593255.00,,,,438644515.00
2024-10-10,1026978308.00,,,,410592501.00
2024-10-11,988846609.00,,,,395268421.00
2024-10-12,975143069.00,,,,383953594.00
2024-10-13,1039087243.00,,,,381090046.00
2024-10-14,1117906243.00,,,,368483770.00
2024-10-15,1125088832.00,,,,370303210.00
2024-10-16,1110666220.00,,,,360131027.00
2024-10-17,1049832668.00,,,,358542887.00
2024-10-18,1079127025.00,,,,353533039.00
2024-10-19,1053039256.00,,,,348735070.00
2024-10-20,1071625071.00,,,,343585865.00
2024-10-21,1061455886.00,,,,342964500.00
2024-10-22,1088607603.00,,,,344911189.00
2024-10-23,1050767117.00,,,,335520588.00
2024-10-24,1017098567.00,,,,330777361.00
2024-10-25,1019156382.00,,,,326562656.00
2024-10-26,1018823863.00,,,,325444501.00
2024-10-27,966644599.00,,,,318464061.00
2024-10-28,926730755.00,,,,311116133.00
2024-10-29,915753260.00,,,,316269654.00
2024-10-30,911269448.00,,,,297867703.00
2024-10-31,1030871055.00,,,,301312614.00
2024-11-01,1046870256.00,,,,300244287.00
2024-11-02,1006238285.00,,,,304543661.00
2024-11-03,1026544294.00,,,,309835257.00
2024-11-04,1006517994.00,,,,394232454.00
2024-11-05,992245857.00,,,,385007950.00
2024-11-06,969172352.00,,,,385379022.00
2024-11-07,1000421039.00,,,,381901201.00
2024-11-08,1114229768.00,,,,392433833.00
2024-11-09,1127263250.00,,,,388025670.00
2024-11-10,1122477687.00,,,,384751907.00
2024-11-11,1259848750.00,,,,386221478.00
2024-11-12,1322759728.00,,,,390761952.00
2024-11-13,1367650892.00,,,,374311919.00
2024-11-14,1492753106.00,,,,378789868.00
2024-11-15,1378166927.00,,,,379315894.00
2024-11-16,1365593766.00,,,,357819874.00
2024-11-17,1453480275.00,,,,363290754.00
2024-11-18,1505224285.00,,,,370514455.00
2024-11-19,1636493562.00,,,,374295348.00
2024-11-20,1627541373.00,,,,367460270.00
2024-11-21,1490552811.00,,,,362064911.00
2024-11-22,1572672438.00,,,,369508230.00
2024-11-23,1659841954.00,,,,376710864.00
2024-11-24,1630352099.00,,,,363594335.00
2024-11-25,1475794661.00,,,,344942292.00
2024-11-26,1575037173.00,,,,342879892.00
2024-11-27,1403266438.00,,,,333144473.00
2024-11-28,1422943423.00,,,,334135693.00
2024-11-29,1443599460.00,,,,340138649.00
2024-11-30,1449181512.00,,,,330315758.00
2024-12-01,1457089488.00,,,,332809566.00
2024-12-02,1524666503.00,,,,322594228.00
2024-12-03,1510106668.00,,,,316240981.00
2024-12-04,1445823571.00,,,,309857885.00
2024-12-05,1582547841.00,,,,317973904.00
2024-12-06,1561611828.00,,,,310737556.00
2024-12-07,1701721900.00,,,,315373962.00
2024-12-08,1669425723.00,,,,309841517.00
2024-12-09,1736519143.00,,,,310978356.00
2024-12-10,1711203776.00,,,,311079113.00
2024-12-11,1582135225.00,,,,310689980.00
2024-12-12,1552364837.00,,,,304984578.00
2024-12-13,1741348064.00,,,,312045038.00
2024-12-14,1776308971.00,,,,336198649.00
2024-12-15,1821608489.00,,,,348506566.00
2024-12-16,1737253545.00,,,,346238195.00
2024-12-17,1822225256.00,,,,355872096.00
2024-12-18,1823464980.00,,,,355347220.00
2024-12-19,1823088133.00,,,,371830272.00
2024-12-20,1740876257.00,,,,369452676.00
2024-12-21,1615663342.00,,,,361053427.00
2024-12-22,1759684540.00,,,,364472515.00
2024-12-23,1696230875.00,,,,380959656.00
2024-12-24,1681509606.00,,,,378963253.00
2024-12-25,1784926165.00,,,,380404742.00
2024-12-26,1781792550.00,,,,391515933.00
2024-12-27,1751683330.00,,,,385469057.00
2024-12-28,1656090650.00,,,,371274496.00
2024-12-29,1625061984.00,,,,371803592.00
2024-12-30,1667544828.00,,,,374114844.00
2024-12-31,1629224513.00,,,,381250325.00
2025-01-01,1643896218.00,,,,370765231.00
2025-01-02,1639128335.00,,,,373743702.00
2025-01-03,1695309253.00,,,,366441847.00
2025-01-04,1725227563.00,,,,396789511.00
2025-01-05,1883053071.00,,,,405938932.00
2025-01-06,2045280534.00,,,,414716622.00
2025-01-07,2036725570.00,,,,419604945.00
2025-01-08,1997705667.00,,,,428278872.00
2025-01-09,1904106626.00,,,,414001344.00
2025-01-10,1878209366.00,,,,411683029.00
2025-01-11,1854394298.00,,,,424449476.00
2025-01-12,1970257194.00,,,,435760973.00
2025-01-13,1938400599.00,,,,437547446.00
2025-01-14,1841858163.00,,,,428242447.00
2025-01-15,1821501106.00,,,,403021291.00
2025-01-16,1817384575.00,,,,416796258.00
2025-01-17,1906262218.00,,,,423126184.00
2025-01-18,1901676354.00,,,,441065885.00
2025-01-19,1979560837.00,,,,473088354.00
2025-01-20,2019152985.00,,,,455047849.00
2025-01-21,1903114746.00,,,,428024525.00
2025-01-22,1824710732.00,,,,421649241.00
2025-01-23,1927981661.00,,,,448460341.00
2025-01-24,1866730572.00,,,,488883326.00
2025-01-25,1810049758.00,,,,492057070.00
2025-01-26,1768205052.00,,,,481566297.00
2025-01-27,1764512828.00,,,,464981626.00
2025-01-28,1682636266.00,,,,475573813.00
2025-01-29,1701152523.00,,,,474253860.00
2025-01-30,1596486084.00,,,,473539218.00
2025-01-31,1638027613.00,,,,476378847.00
2025-02-01,1762427389.00,,,,489231088.00
2025-02-02,1753946332.00,,,,477353861.00
2025-02-03,1639970469.00,,,,464667906.00
2025-02-04,1429642456.00,,,,464570792.00
2025-02-05,1554937391.00,,,,477999060.00
2025-02-06,1555225717.00,,,,493193655.00
2025-02-07,1460046244.00,,,,478520521.00
2025-02-08,1404387025.00,,,,478944151.00
2025-02-09,1366648110.00,,,,484127639.00
2025-02-10,1374654300.00,,,,477229587.00
2025-02-11,1361046700.00,,,,483204026.00
2025-02-12,1430560989.00,,,,490391121.00
2025-02-13,1449833273.00,,,,494947401.00
2025-02-14,1540430172.00,,,,495279519.00
2025-02-15,1488817425.00,,,,499620343.00
2025-02-16,1518436141.00,,,,498561471.00
2025-02-17,1476184560.00,,,,486594853.00
2025-02-18,1418220706.00,,,,476915740.00
2025-02-19,1407907196.00,,,,468195655.00
2025-02-20,1333049771.00,,,,461981081.00
2025-02-21,1395153679.00,,,,479282663.00
2025-02-22,1487546111.00,,,,489894635.00
2025-02-23,1427919308.00,,,,506296358.00
2025-02-24,1484262351.00,,,,516394383.00
2025-02-25,1472942210.00,,,,514321206.00
2025-02-26,1303126702.00,,,,481765328.00
2025-02-27,1279431217.00,,,,497313366.00
2025-02-28,1244929812.00,,,,495008273.00
2025-03-01,1213299863.00,,,,546396757.00
2025-03-02,1285194952.00,,,,607900739.00
2025-03-03,1295901293.00,,,,613156409.00
2025-03-04,1435665497.00,,,,613974284.00
2025-03-05,1240580123.00,,,,644888137.00
2025-03-06,1193676362.00,,,,642515044.00
2025-03-07,1224059974.00,,,,648421827.00
2025-03-08,1239137618.00,,,,650142232.00
2025-03-09,1214685305.00,,,,648087693.00
2025-03-10,1192275874.00,,,,648887404.00
2025-03-11,1107226161.00,,,,646511018.00
2025-03-12,1021288032.00,,,,636420471.00
2025-03-13,1084991321.00,,,,637717430.00
2025-03-14,1109754036.00,,,,636359568.00
2025-03-15,1087400379.00,,,,637386986.00
2025-03-16,1148707393.00,,,,635616108.00
2025-03-17,1174096756.00,,,,638681202.00
2025-03-18,1127402065.00,,,,638913744.00
2025-03-19,1171704064.00,,,,653622068.00
2025-03-20,1148846170.00,,,,688230357.00
2025-03-21,1196957283.00,,,,689064496.00
2025-03-22,1125902744.00,,,,687493198.00
2025-03-23,1095290432.00,,,,684604767.00
2025-03-24,1111817585.00,,,,684089598.00
2025-03-25,1150377201.00,,,,691426698.00
2025-03-26,1209249848.00,,,,695080528.00
2025-03-27,1234058302.00,,,,673637794.00
2025-03-28,1304793344.00,,,,578567639.00
2025-03-29,1341841369.00,,,,581468570.00
2025-03-30,1252932154.00,,,,584274157.00
2025-03-31,1181061615.00,,,,583088791.00
2025-04-01,1216823573.00,,,,582060468.00
2025-04-02,1220164267.00,,,,688570528.00
2025-04-03,1268726605.00,,,,689617768.00
2025-04-04,1242494856.00,,,,691784428.00
2025-04-05,1217483582.00,,,,724326848.00
2025-04-06,1228700889.00,,,,718377107.00
2025-04-07,1214930096.00,,,,718965500.00
2025-04-08,1097309424.00,,,,718819026.00
2025-04-09,1130018501.00,,,,718142196.00
2025-04-10,1092092750.00,,,,721233363.00
2025-04-11,1197037729.00,,,,718259122.00
2025-04-12,1176047185.00,,,,720499748.00
2025-04-13,1164617535.00,,,,714431157.00
2025-04-14,1235743111.00,,,,716456556.00
2025-04-15,1198929519.00,,,,714431889.00
2025-04-16,1204718525.00,,,,715174150.00
2025-04-17,1182468802.00,,,,746951031.00
2025-04-18,1165508518.00,,,,802491079.00
2025-04-19,1177462148.00,,,,800028807.00
2025-04-20,1187813932.00,,,,823057027.00
2025-04-21,1207200250.00,,,,824017976.00
2025-04-22,1204809510.00,,,,880927094.00
2025-04-23,1233050045.00,,,,877877786.00
2025-04-24,1432862503.00,,,,888705435.00
2025-04-25,1518982280.00,,,,865278988.00
2025-04-26,1657667877.00,,,,879272760.00
2025-04-27,1724136668.00,,,,876517440.00
2025-04-28,1718713891.00,,,,879770802.00
2025-04-29,1763505104.00,,,,879813443.00
2025-04-30,1772096306.00,,,,882853411.00
2025-05-01,1769670134.00,,,,885488870.00
2025-05-02,1761643630.00,,,,888668466.00
2025-05-03,1796280156.00,,,,892568095.00
2025-05-04,1732320120.00,,,,891293200.00
2025-05-05,1706245131.00,,,,898903256.00
2025-05-06,1697100450.00,,,,908046781.00
2025-05-07,1732814549.00,,,,918239440.00
2025-05-08,1704091303.00,,,,917647561.00
2025-05-09,1741441637.00,,,,913222166.00
2025-05-10,1988561156.00,,,,905089410.00
2025-05-11,1991532695.00,,,,897698342.00
2025-05-12,2068310994.00,,,,891416783.00
2025-05-13,2061767976.00,,,,885864111.00
2025-05-14,2013893931.00,,,,900218912.00
2025-05-15,2072550422.00,,,,942583784.00
2025-05-16,2045614760.00,,,,952360976.00
2025-05-17,2009797531.00,,,,1027314345.00
2025-05-18,2004164610.00,,,,1044744090.00
2025-05-19,2008759692.00,,,,1042697660.00
2025-05-20,2038288390.00,,,,1094261196.00
2025-05-21,2055039191.00,,,,1131163482.00
2025-05-22,2063783370.00,,,,1156459942.00
2025-05-23,1892715464.00,,,,1156347568.00
2025-05-24,1507448725.00,,,,1079146963.00
2025-05-25,1537762978.00,,,,1021064534.00
2025-05-26,1565721442.00,,,,1010416056.00
2025-05-27,1597758031.00,,,,1011702539.00
2025-05-28,1637046679.00,,,,1015830381.00
2025-05-29,1733818320.00,,,,1025828269.00
2025-05-30,1742769944.00,,,,1039345738.00
2025-05-31,1720116061.00,,,,1064108321.00
2025-06-01,1639660052.00,,,,1094542442.00
2025-06-02,1661110809.00,,,,1100014110.00
2025-06-03,1700786789.00,,,,1099427840.00
2025-06-04,1716692349.00,,,,1101122396.00
2025-06-05,1710952147.00,,,,1106785409.00
2025-06-06,1711618490.00,,,,1106825323.00
2025-06-07,1631601682.00,,,,1114772855.00
2025-06-08,1719338937.00,,,,1108512013.00
2025-06-09,1897172699.00,,,,1107831417.00
2025-06-10,1777024913.00,,,,1107516928.00
2025-06-11,1901666049.00,,,,1104495920.00
2025-06-12,1914782248.00,,,,1114336924.00
2025-06-13,1905371896.00,,,,1144148261.00
2025-06-14,1800462800.00,,,,1145052554.00
2025-06-15,1772002725.00,,,,1136908379.00
2025-06-16,1737316236.00,,,,1131253496.00
2025-06-17,1765400783.00,,,,1139162446.00
2025-06-18,1771433732.00,,,,1137959411.00
2025-06-19,1715950797.00,,,,1144041936.00
2025-06-20,1711701149.00,,,,1146650983.00
2025-06-21,1705474059.00,,,,1131500861.00
2025-06-22,1663120448.00,,,,1121356708.00
2025-06-23,1611813515.00,,,,1114068895.00
2025-06-24,1563187816.00,,,,1103974679.00
2025-06-25,1703119044.00,,,,1101439006.00
2025-06-26,1714848345.00,,,,1096052369.00
2025-06-27,1702079409.00,,,,1086676982.00
2025-06-28,1636892766.00,,,,1076129245.00
2025-06-29,1682302603.00,,,,1067142966.00
2025-06-30,1719862051.00,,,,1060416722.00
2025-07-01,1755458173.00,,,,1052417109.00
2025-07-02,1713249380.00,,,,1054356204.00
2025-07-03,1675641567.00,,,,1050940362.00
2025-07-04,1708859279.00,,,,1098472411.00
2025-07-05,1823500723.00,,,,1095690623.00
2025-07-06,1776515529.00,,,,1103233961.00
2025-07-07,1785540303.00,,,,1103162860.00
2025-07-08,1798800203.00,,,,1104299800.00
2025-07-09,1774588891.00,,,,1116573929.00
2025-07-10,1793802200.00,,,,1109421270.00
2025-07-11,1866106884.00,,,,1101180476.00
2025-07-12,2004903839.00,,,,1129554250.00
2025-07-13,1992964254.00,,,,1207215106.00
2025-07-14,1988975385.00,,,,1202224782.00
2025-07-15,2019498474.00,,,,1193824230.00
2025-07-16,2155532892.00,,,,1225185107.00
2025-07-17,2223282512.00,,,,1242752027.00
2025-07-18,2200795135.00,,,,1152473837.00
2025-07-19,2226476543.00,,,,975573675.00
2025-07-20,2138837548.00,,,,984797302.00
2025-07-21,2165352597.00,,,,972813639.00
2025-07-22,2189632392.00,,,,965914312.00
2025-07-23,2209770547.00,,,,977639709.00
2025-07-24,2226524618.00,,,,983019205.00
2025-07-25,2092939125.00,,,,977489384.00
2025-07-26,2094609662.00,,,,974947311.00
2025-07-27,2157130753.00,,,,952530391.00
2025-07-28,2225616792.00,,,,968381026.00
2025-07-29,2295482560.00,,,,1002060631.00
2025-07-30,2130782689.00,,,,1016691457.00
2025-07-31,2121156533.00,,,,1036434598.00
2025-08-01,2098686880.00,,,,1083890888.00
2025-08-02,2034536679.00,,,,925182994.00
2025-08-03,1957113089.00,,,,910495545.00
2025-08-04,1914136971.00,,,,901798150.00
2025-08-05,1981076859.00,,,,896535991.00
2025-08-06,2025121049.00,,,,893613652.00
2025-08-07,1967345339.00,,,,885050208.00
2025-08-08,2011442812.00,,,,884650568.00
2025-08-09,2119346613.00,,,,910960188.00
2025-08-10,2152608944.00,,,,925613361.00
2025-08-11,2172493751.00,,,,919810838.00
2025-08-12,2170994477.00,,,,919002357.00
2025-08-13,2078730353.00,,,,880996285.00
2025-08-14,2165712124.00,,,,916090592.00
2025-08-15,2234824352.00,,,,929135851.00
2025-08-16,2119830957.00,,,,773256233.00
2025-08-17,2112057702.00,,,,768997995.00
2025-08-18,2135408628.00,,,,769324602.00
2025-08-19,2124542169.00,,,,812972434.00
2025-08-20,2064466471.00,,,,823519349.00
2025-08-21,1986995352.00,,,,826748529.00
2025-08-22,2041843196.00,,,,833338342.00
2025-08-23,1995184628.00,,,,804543417.00
2025-08-24,2116970212.00,,,,807410185.00
2025-08-25,2110560276.00,,,,811995020.00
2025-08-26,2104875758.00,,,,808112117.00
2025-08-27,1985987059.00,,,,838490053.00
2025-08-28,2060335026.00,,,,825935543.00
2025-08-29,2062903927.00,,,,852985725.00
2025-08-30,2093132335.00,,,,843286400.00
2025-08-31,2005229409.00,,,,821858857.00
2025-09-01,2019414753.00,,,,809417612.00
2025-09-02,1997329081.00,,,,810472383.00
2025-09-03,1959978225.00,,,,811853076.00
2025-09-04,2015124845.00,,,,873128679.00
2025-09-05,2032436962.00,,,,784176874.00
2025-09-06,1952151841.00,,,,788305932.00
2025-09-07,1941346493.00,,,,817237109.00
2025-09-08,1938118242.00,,,,826262106.00
2025-09-09,1957877755.00,,,,833253861.00
2025-09-10,1990031044.00,,,,849287990.00
2025-09-11,1976483757.00,,,,837282352.00
2025-09-12,2037350824.00,,,,827317700.00
2025-09-13,2053364279.00,,,,783939510.00
2025-09-14,2082109547.00,,,,778940132.00
2025-09-15,2106345702.00,,,,775475970.00
2025-09-16,2057129089.00,,,,783055549.00
2025-09-17,2001832845.00,,,,696057758.00
2025-09-18,2048435623.00,,,,683507345.00
2025-09-19,2104369989.00,,,,665650054.00
2025-09-20,2152729225.00,,,,638055944.00
2025-09-21,2067565244.00,,,,633891759.00
2025-09-22,2066725776.00,,,,624945525.00
2025-09-23,2015253336.00,,,,607941610.00
2025-09-24,1947158068.00,,,,597897214.00
2025-09-25,1940315639.00,,,,576969110.00
2025-09-26,1982069005.00,,,,575323992.00
2025-09-27,1834568297.00,,,,568892863.00
2025-09-28,1891117617.00,,,,555232254.00
2025-09-29,1898523188.00,,,,535803272.00
2025-09-30,2065199516.00,,,,550909165.00
2025-10-01,2105190496.00,,,,556423623.00
2025-10-02,2144888568.00,,,,677716003.00
2025-10-03,2341595150.00,,,,680897079.00
2025-10-04,2422849042.00,,,,731935199.00
2025-10-05,2465757439.00,,,,885519551.00
2025-10-06,2511769469.00,,,,886684500.00
2025-10-07,2519437794.00,,,,896183445.00
2025-10-08,2623812164.00,,,,921420356.00
2025-10-09,2575527477.00,,,,925775521.00
2025-10-10,2636094260.00,,,,961891810.00
2025-10-11,2595271121.00,,,,963102868.00
2025-10-12,2079748647.00,,,,1011621847.00
2025-10-13,1920838980.00,,,,1028971175.00
2025-10-14,2043707506.00,,,,1057354374.00
2025-10-15,2254220544.00,,,,1091994922.00
2025-10-16,2193162834.00,,,,1114090643.00
2025-10-17,2022105405.00,,,,1107538765.00
2025-10-18,1954639721.00,,,,1017223007.00
2025-10-19,1910707876.00,,,,1050535509.00
2025-10-20,1945841548.00,,,,1050223734.00
2025-10-21,1987108729.00,,,,1029611032.00
2025-10-22,2013983431.00,,,,1108205294.00
2025-10-23,1978828009.00,,,,1119499351.00
2025-10-24,1943525220.00,,,,1130619768.00
2025-10-25,2109911741.00,,,,1150770792.00
2025-10-26,2244211356.00,,,,1173472890.00
2025-10-27,2104160133.00,,,,1185581537.00
2025-10-28,2152011474.00,,,,1195867011.00
2025-10-29,1924604543.00,,,,1149949638.00
2025-10-30,1850149478.00,,,,999572755.00
2025-10-31,1824805672.00,,,,982488922.00
2025-11-01,1711862976.00,,,,935040759.00
2025-11-02,1719217899.00,,,,922330798.00
2025-11-03,1695381176.00,,,,885296369.00
2025-11-04,1680279468.00,,,,857773708.00
2025-11-05,1559518275.00,,,,844461439.00
2025-11-06,1423573285.00,,,,799666926.00
2025-11-07,1530832445.00,,,,675232282.00
2025-11-08,1448303325.00,,,,683052750.00
2025-11-09,1427073209.00,,,,671120831.00
2025-11-10,1450380297.00,,,,678530184.00
2025-11-11,1369753358.00,,,,673544843.00
2025-11-12,1578104548.00,,,,663699290.00
2025-11-13,1440327530.00,,,,656240293.00
2025-11-14,1333044191.00,,,,655108745.00
2025-11-15,1367308481.00,,,,673103616.00
2025-11-16,1293254201.00,,,,609824404.00
2025-11-17,1311625303.00,,,,617999484.00
2025-11-18,1175189115.00,,,,617443060.00
2025-11-19,1128000702.00,,,,641568742.00
2025-11-20,1137245282.00,,,,643090797.00
2025-11-21,1080664643.00,,,,643336948.00
2025-11-22,1027619658.00,,,,646756724.00
2025-11-23,957048991.00,,,,649789143.00
2025-11-24,949830152.00,,,,657157743.00
2025-11-25,963429074.00,,,,653306326.00
2025-11-26,1003195583.00,,,,664107972.00
2025-11-27,1003859485.00,,,,673599282.00
2025-11-28,1096961746.00,,,,695508675.00
2025-11-29,1025573557.00,,,,701725503.00
2025-11-30,1013046125.00,,,,679761249.00
2025-12-01,908135223.00,,,,652144757.00
2025-12-02,889801193.00,,,,653824971.00
2025-12-03,830839453.00,,,,694971346.00
2025-12-04,1010569431.00,,,,717750830.00
2025-12-05,1036569511.00,,,,720377017.00
2025-12-06,961472432.00,,,,703058829.00
2025-12-07,918380431.00,,,,687394875.00
2025-12-08,924135701.00,,,,696998916.00
2025-12-09,931662199.00,,,,694234817.00
2025-12-10,933851125.00,,,,702938721.00
2025-12-11,941048317.00,,,,520705933.00
2025-12-12,918526848.00,,,,507789511.00
2025-12-13,923195585.00,,,,514040836.00
2025-12-14,904840946.00,,,,516788951.00
2025-12-15,922843876.00,,,,520032524.00
2025-12-16,902535235.00,,,,519382792.00
2025-12-17,874056120.00,,,,522220493.00
2025-12-18,882149661.00,,,,526729226.00
2025-12-19,863600212.00,,,,525226547.00
2025-12-20,896673870.00,,,,504996834.00
2025-12-21,943088293.00,,,,513911355.00
2025-12-22,934200272.00,,,,509763275.00
2025-12-23,930244413.00,,,,501410289.00
2025-12-24,940863534.00,,,,495673004.00
2025-12-25,934447428.00,,,,496290319.00
2025-12-26,912617367.00,,,,492313812.00
2025-12-27,897451342.00,,,,491097153.00
2025-12-28,912289859.00,,,,491656551.00
2025-12-29,930545398.00,,,,487823747.00
2025-12-30,927466904.00,,,,491271595.00
2025-12-31,911671260.00,,,,489925929.00
2026-01-01,914865638.00,,,,485026722.00
2026-01-02,896200764.00,,,,488421181.00
2026-01-03,906612202.00,,,,490955774.00
2026-01-04,968320621.00,,,,484946169.00
2026-01-05,981091741.00,,,,482483439.00
2026-01-06,993797411.00,,,,480604331.00
2026-01-07,1050368740.00,,,,475009078.00
2026-01-08,1058911957.00,,,,480228625.00
2026-01-09,1034733018.00,,,,481259434.00
2026-01-10,1040287218.00,,,,489360137.00
2026-01-11,1036370388.00,,,,483652876.00
2026-01-12,1026062922.00,,,,485738866.00
2026-01-13,1036222614.00,,,,496369841.00
2026-01-14,1027727346.00,,,,497956029.00
2026-01-15,1071494751.00,,,,484854849.00
2026-01-16,1069169594.00,,,,476851823.00
2026-01-17,1041434526.00,,,,476874432.00
2026-01-18,1047238040.00,,,,504546419.00
2026-01-19,1056276758.00,,,,509631779.00
2026-01-20,999201990.00,,,,506064241.00
2026-01-21,968955920.00,,,,490590392.00
2026-01-22,922332688.00,,,,510955805.00
2026-01-23,927292668.00,,,,507474275.00
2026-01-24,915884590.00,,,,501122042.00
2026-01-25,899570796.00,,,,504736589.00
2026-01-26,898919080.00,,,,504865052.00
2026-01-27,848752674.00,,,,507422359.00
2026-01-28,865501012.00,,,,505423785.00
2026-01-29,868063838.00,,,,510879513.00
2026-01-30,858560899.00,,,,512095860.00
2026-01-31,813857594.00,,,,513786525.00
2026-02-01,791344979.00,,,,517372735.00
2026-02-02,727186367.00,,,,515987736.00
2026-02-03,710038873.00,,,,518435949.00
2026-02-04,726246145.00,,,,521177897.00
2026-02-05,710608135.00,,,,528139222.00
2026-02-06,684747269.00,,,,539424993.00
2026-02-07,599211625.00,,,,555968321.00
2026-02-08,597774408.00,,,,554617663.00
2026-02-09,648089433.00,,,,559954206.00
2026-02-10,583459749.00,,,,560644023.00
2026-02-11,581016680.00,,,,562162404.00
2026-02-12,566222586.00,,,,559729381.00
2026-02-13,553296375.00,,,,562756978.00
2026-02-14,567677866.00,,,,578319347.00
2026-02-15,587732012.00,,,,566195338.00
2026-02-16,657938813.00,,,,565277663.00
2026-02-17,592309735.00,,,,564096841.00
2026-02-18,592608189.00,,,,560816345.00
2026-02-19,580881268.00,,,,557758295.00
2026-02-20,565250467.00,,,,556961373.00
2026-02-21,565455037.00,,,,554214047.00
2026-02-22,568631070.00,,,,557398792.00
2026-02-23,569816885.00,,,,561982874.00
2026-02-24,559403586.00,,,,564590291.00
2026-02-25,542495705.00,,,,564976631.00
2026-02-26,542249187.00,,,,568059959.00
2026-02-27,576272916.00,,,,571810696.00
2026-02-28,572216589.00,,,,581850000.00
2026-03-01,559644837.00,,,,587177660.00
2026-03-02,613994510.00,,,,585096136.00
2026-03-03,554570775.00,,,,587199009.00
2026-03-04,568016534.00,,,,587461751.00
2026-03-05,617284428.00,,,,597857565.00
2026-03-06,630279709.00,,,,604646097.00
2026-03-07,583285298.00,,,,600858698.00
2026-03-08,566102594.00,,,,557772788.00
2026-03-09,564352231.00,,,,555829922.00
2026-03-10,558814498.00,,,,553091694.00
2026-03-11,644361610.00,,,,555251811.00
2026-03-12,645411236.00,,,,554535469.00
2026-03-13,598829378.00,,,,558369519.00
2026-03-14,600452247.00,,,,565517043.00
2026-03-15,607111392.00,,,,580787418.00
2026-03-16,610199153.00,,,,579073749.00
2026-03-17,619021762.00,,,,580559569.00
2026-03-18,635921243.00,,,,583596445.00
2026-03-19,620107224.00,,,,509956621.00
2026-03-20,610102980.00,,,,497179635.00
2026-03-21,595914358.00,,,,497489775.00
2026-03-22,599660439.00,,,,497083593.00
2026-03-23,589456273.00,,,,499180390.00
2026-03-24,581879157.00,,,,499177425.00
2026-03-25,594463896.00,,,,501971595.00
2026-03-26,597680445.00,,,,506003277.00
2026-03-27,604856264.00,,,,508847537.00
2026-03-28,590563733.00,,,,503603967.00
2026-03-29,565552379.00,,,,500619320.00
2026-03-30,563928696.00,,,,500587372.00
2026-03-31,560980354.00,,,,497263916.00
2026-04-01,568504168.00,,,,492668309.00
2026-04-02,570803776.00,,,,492827949.00
2026-04-03,599332367.00,,,,529260383.00
2026-04-04,568363745.00,,,,531113197.00
2026-04-05,550553614.00,,,,530546898.00
2026-04-06,531903599.00,,,,531533675.00
2026-04-07,556028088.00,,,,532471974.00
2026-04-08,561621875.00,,,,531391635.00
2026-04-09,584527860.00,,,,527670539.00
2026-04-10,569700797.00,,,,524642295.00
2026-04-11,573993361.00,,,,523152749.00
2026-04-12,586906328.00,,,,519849553.00
2026-04-13,585443944.00,,,,516818894.00
2026-04-14,569879146.00,,,,517948753.00
2026-04-15,597142585.00,,,,519632043.00
2026-04-16,584408873.00,,,,514272104.00
2026-04-17,590182447.00,,,,518607916.00
2026-04-18,610061803.00,,,,523407032.00
2026-04-19,609795801.00,,,,527663593.00
2026-04-20,587034982.00,,,,525746555.00
2026-04-21,550665118.00,,,,525102746.00
2026-04-22,586432109.00,,,,525585455.00
2026-04-23,560947349.00,,,,529346392.00
2026-04-24,569467968.00,,,,528697917.00
2026-04-25,572607543.00,,,,532443982.00
2026-04-26,566402079.00,,,,533043410.00
2026-04-27,554412822.00,,,,530035606.00
2026-04-28,568294644.00,,,,531190845.00
2026-04-29,560648627.00,,,,527610801.00
2026-04-30,555505245.00,,,,549183364.00
2026-05-01,536219918.00,,,,551384987.00
2026-05-02,541971097.00,,,,557550647.00
2026-05-03,547362374.00,,,,563155242.00
2026-05-04,547631508.00,,,,562978529.00
2026-05-05,548146746.00,,,,564314196.00
2026-05-06,551598943.00,,,,571282180.00
2026-05-07,556941760.00,,,,581668039.00
2026-05-08,576029285.00,,,,583546711.00
2026-05-09,568414539.00,,,,580913385.00
2026-05-10,575759314.00,,,,587966626.00
2026-05-11,594883698.00,,,,589196816.00
2026-05-12,663149859.00,,,,589196816.00
2026-05-13,650407363.00,,,,594070250.00
2026-05-14,632759043.00,,,,591575015.00
2026-05-15,635959136.00,,,,589560035.00
2026-05-16,631509441.00,,,,593400599.00
2026-05-17,595093377.00,,,,587237508.00
2026-05-18,582302121.00,,,,586361611.00
2026-05-19,584050789.00,,,,589120177.00
2026-05-20,590670431.00,,,,588763306.00
2026-05-21,583920741.00,,,,597156322.00
2026-05-22,591028088.00,,,,597073771.00
2026-05-23,594204667.00,,,,590828438.00
2026-05-24,580306568.00,,,,595939010.00
2026-05-25,586657526.00,,,,599734372.00
2026-05-26,569124135.00,,,,606442571.00
2026-05-27,577217901.00,,,,478500776.00
2026-05-28,563288619.00,,,,479668400.00
2026-05-29,549318643.00,,,,478526188.00
2026-05-30,540139322.00,,,,466364885.00
2026-05-31,531022005.00,,,,473372329.00
2026-06-01,532510364.00,,,,473949865.00
2026-06-02,521465863.00,,,,474136369.00
2026-06-03,507957403.00,,,,491271025.00
2026-06-04,476631532.00,,,,505424814.00
2026-06-05,533598345.00,,,,509529967.00
2026-06-06,455588210.00,,,,512512473.00
2026-06-07,433398898.00,,,,501427356.00
2026-06-08,439601800.00,,,,502287857.00
2026-06-09,449542064.00,,,,503693450.00
2026-06-10,436009744.00,,,,497919211.00
2026-06-11,431141055.00,,,,498062855.00
2026-06-12,429277415.00,,,,486159476.00
2026-06-13,434737214.00,,,,478983601.00
2026-06-14,436774352.00,,,,484897971.00
2026-06-15,448730015.00,,,,484922190.00
2026-06-16,457305351.00,,,,485752771.00
2026-06-17,459105817.00,,,,487302206.00
2026-06-18,454293825.00,,,,489183578.00
2026-06-19,448845057.00,,,,486056361.00
2026-06-20,438087914.00,,,,485461832.00
2026-06-21,434461881.00,,,,486034347.00
2026-06-22,434450119.00,,,,485998411.00
2026-06-23,430138604.00,,,,487814222.00
2026-06-24,430218917.00,,,,484683382.00
2026-06-25,429064438.00,,,,486741109.00
2026-06-26,425469962.00,,,,487009669.00
2026-06-27,417796008.00,,,,471979515.00
2026-06-28,422918459.00,,,,469102267.00
