time,oi_A,oi_6,oi_3
2023-11-01 00:00:00,,8873648.81,
2023-11-02 00:00:00,,12822611.27,
2023-11-03 00:00:00,,11210338.18,
2023-11-04 00:00:00,,12075213.90,
2023-11-05 00:00:00,,12615476.68,
2023-11-06 00:00:00,,10562108.17,
2023-11-07 00:00:00,,10493891.74,
2023-11-08 00:00:00,,10285153.73,
2023-11-09 00:00:00,,9566020.85,
2023-11-10 00:00:00,,10322852.73,
2023-11-11 00:00:00,,14255082.72,
2023-11-12 00:00:00,,21844856.98,
2023-11-13 00:00:00,,29680782.22,
2023-11-14 00:00:00,,29840595.51,
2023-11-15 00:00:00,,46117771.20,
2023-11-16 00:00:00,,45960267.49,
2023-11-17 00:00:00,,39290806.57,
2023-11-18 00:00:00,,53952728.78,
2023-11-19 00:00:00,,59430011.85,
2023-11-20 00:00:00,,53643608.22,
2023-11-21 00:00:00,,42433064.48,
2023-11-22 00:00:00,,35391288.36,
2023-11-23 00:00:00,,43144345.20,
2023-11-24 00:00:00,,40316762.50,
2023-11-25 00:00:00,,36934535.11,
2023-11-26 00:00:00,,41950130.79,
2023-11-27 00:00:00,,37982903.58,
2023-11-28 00:00:00,,42919025.88,
2023-11-29 00:00:00,,46426196.87,
2023-11-30 00:00:00,,41763503.24,
2023-12-01 00:00:00,,43531210.89,
2023-12-02 00:00:00,,51235982.72,
2023-12-03 00:00:00,,66952630.29,
2023-12-04 00:00:00,,62763387.15,
2023-12-05 00:00:00,,61169300.97,
2023-12-06 00:00:00,,63497294.65,
2023-12-07 00:00:00,,54924560.55,
2023-12-08 00:00:00,,57752933.35,
2023-12-09 00:00:00,,57342282.11,
2023-12-10 00:00:00,,60933533.98,
2023-12-11 00:00:00,,65775163.69,
2023-12-12 00:00:00,,76584285.76,
2023-12-13 00:00:00,,73387498.71,
2023-12-14 00:00:00,,64424404.14,
2023-12-15 00:00:00,,77759031.96,
2023-12-16 00:00:00,,71434465.58,
2023-12-17 00:00:00,,66410530.20,
2023-12-18 00:00:00,,61454567.65,
2023-12-19 00:00:00,,63258780.70,
2023-12-20 00:00:00,,53012773.10,
2023-12-21 00:00:00,,56572013.58,
2023-12-22 00:00:00,,64102781.62,
2023-12-23 00:00:00,,61456165.18,
2023-12-24 00:00:00,,57588337.19,
2023-12-25 00:00:00,,67085343.48,
2023-12-26 00:00:00,,60038591.49,
2023-12-27 00:00:00,,54534901.75,
2023-12-28 00:00:00,,52537182.64,
2023-12-29 00:00:00,,52158505.42,
2023-12-30 00:00:00,,55597026.89,
2023-12-31 00:00:00,,51491258.50,
2024-01-01 00:00:00,,47193121.56,
2024-01-02 00:00:00,,52876844.53,
2024-01-03 00:00:00,,46957483.89,
2024-01-04 00:00:00,,38674593.72,
2024-01-05 00:00:00,,63874365.44,
2024-01-06 00:00:00,,54754961.83,
2024-01-07 00:00:00,,51403702.89,
2024-01-08 00:00:00,,49959048.28,
2024-01-09 00:00:00,,46481500.55,
2024-01-10 00:00:00,,48041164.72,
2024-01-11 00:00:00,,46541746.55,
2024-01-12 00:00:00,,46375737.44,
2024-01-13 00:00:00,,51000083.06,
2024-01-14 00:00:00,,60303765.67,
2024-01-15 00:00:00,,61663183.89,
2024-01-16 00:00:00,,62793514.86,
2024-01-17 00:00:00,,63042837.26,
2024-01-18 00:00:00,,58553445.29,
2024-01-19 00:00:00,,49331640.02,
2024-01-20 00:00:00,,57336574.06,
2024-01-21 00:00:00,,55434728.28,
2024-01-22 00:00:00,,49677180.13,
2024-01-23 00:00:00,,43442430.47,
2024-01-24 00:00:00,,47024573.88,
2024-01-25 00:00:00,,46107656.06,
2024-01-26 00:00:00,,40985675.86,
2024-01-27 00:00:00,,41383502.94,
2024-01-28 00:00:00,,44546988.71,
2024-01-29 00:00:00,,43984608.20,
2024-01-30 00:00:00,,49583096.67,
2024-01-31 00:00:00,,47168554.79,
2024-02-01 00:00:00,,43634575.95,
2024-02-02 00:00:00,,45272520.13,
2024-02-03 00:00:00,,50043249.25,
2024-02-04 00:00:00,,56795198.78,
2024-02-05 00:00:00,,49583206.27,
2024-02-06 00:00:00,,50845884.45,
2024-02-07 00:00:00,,50160674.17,
2024-02-08 00:00:00,,56511450.21,
2024-02-09 00:00:00,,59795790.31,
2024-02-10 00:00:00,,53453883.90,
2024-02-11 00:00:00,,56710666.92,
2024-02-12 00:00:00,,53354580.22,
2024-02-13 00:00:00,,54174228.37,
2024-02-14 00:00:00,,52347128.80,
2024-02-15 00:00:00,,55190742.03,
2024-02-16 00:00:00,,59250465.96,
2024-02-17 00:00:00,,59382158.53,
2024-02-18 00:00:00,,67673768.07,
2024-02-19 00:00:00,,65763801.57,
2024-02-20 00:00:00,,70772776.29,
2024-02-21 00:00:00,,67724778.87,
2024-02-22 00:00:00,,60525810.16,
2024-02-23 00:00:00,,62993655.36,
2024-02-24 00:00:00,,52216660.61,
2024-02-25 00:00:00,,56450766.79,
2024-02-26 00:00:00,,54828933.83,
2024-02-27 00:00:00,,53011740.97,
2024-02-28 00:00:00,,56221680.79,
2024-02-29 00:00:00,,48502055.81,
2024-03-01 00:00:00,,57517048.09,
2024-03-02 00:00:00,,57891572.70,
2024-03-03 00:00:00,,59066689.52,
2024-03-04 00:00:00,,61250463.36,
2024-03-05 00:00:00,,64953027.39,
2024-03-06 00:00:00,,54006212.86,
2024-03-07 00:00:00,,56694232.88,
2024-03-08 00:00:00,,65767418.12,
2024-03-09 00:00:00,,66508528.28,
2024-03-10 00:00:00,,69830944.72,
2024-03-11 00:00:00,,63321752.55,
2024-03-12 00:00:00,,67134721.10,
2024-03-13 00:00:00,,69899034.20,
2024-03-14 00:00:00,,69421537.10,
2024-03-15 00:00:00,,65408826.59,
2024-03-16 00:00:00,,53067841.16,
2024-03-17 00:00:00,,46952261.24,
2024-03-18 00:00:00,,49745368.79,
2024-03-19 00:00:00,,47514260.32,
2024-03-20 00:00:00,,46178572.00,
2024-03-21 00:00:00,,48293580.78,
2024-03-22 00:00:00,,47512688.88,
2024-03-23 00:00:00,,47467290.75,
2024-03-24 00:00:00,,53122808.91,
2024-03-25 00:00:00,,54994995.08,
2024-03-26 00:00:00,,54292259.67,
2024-03-27 00:00:00,,55699754.28,
2024-03-28 00:00:00,,56509038.58,
2024-03-29 00:00:00,,59663576.04,
2024-03-30 00:00:00,,72644227.62,
2024-03-31 00:00:00,,64494051.80,
2024-04-01 00:00:00,,65497027.06,
2024-04-02 00:00:00,,55987619.67,
2024-04-03 00:00:00,,50212600.33,
2024-04-04 00:00:00,,49258516.46,
2024-04-05 00:00:00,,50294426.73,
2024-04-06 00:00:00,,46611337.54,
2024-04-07 00:00:00,,48012157.64,
2024-04-08 00:00:00,,50658524.65,
2024-04-09 00:00:00,,51133259.25,
2024-04-10 00:00:00,,49263934.01,
2024-04-11 00:00:00,,50621097.98,
2024-04-12 00:00:00,,50953159.16,
2024-04-13 00:00:00,,32335519.73,
2024-04-14 00:00:00,,33676705.58,
2024-04-15 00:00:00,,33504746.28,
2024-04-16 00:00:00,,28655074.03,
2024-04-17 00:00:00,,38722218.22,
2024-04-18 00:00:00,,30179669.05,
2024-04-19 00:00:00,,30538857.79,
2024-04-20 00:00:00,,36748367.83,
2024-04-21 00:00:00,,41523638.27,
2024-04-22 00:00:00,,38569265.79,
2024-04-23 00:00:00,,37773331.60,
2024-04-24 00:00:00,,39077060.51,
2024-04-25 00:00:00,,34282052.91,
2024-04-26 00:00:00,,32493685.74,
2024-04-27 00:00:00,,32028657.58,
2024-04-28 00:00:00,,31172447.45,
2024-04-29 00:00:00,,29541385.89,
2024-04-30 00:00:00,,28992054.62,
2024-05-01 00:00:00,,27919461.05,
2024-05-02 00:00:00,,28044340.37,
2024-05-03 00:00:00,,29275105.28,
2024-05-04 00:00:00,,29564561.26,
2024-05-05 00:00:00,,28947039.50,
2024-05-06 00:00:00,,29250109.94,
2024-05-07 00:00:00,,28746001.43,
2024-05-08 00:00:00,,27791233.66,
2024-05-09 00:00:00,,26479096.53,
2024-05-10 00:00:00,,29769368.88,
2024-05-11 00:00:00,,27621175.49,
2024-05-12 00:00:00,,27277527.67,
2024-05-13 00:00:00,,27120466.37,
2024-05-14 00:00:00,,26436477.37,
2024-05-15 00:00:00,,25484844.70,
2024-05-16 00:00:00,,28437466.11,
2024-05-17 00:00:00,,28188454.84,
2024-05-18 00:00:00,,30120973.31,
2024-05-19 00:00:00,,29253433.31,
2024-05-20 00:00:00,,27334874.95,
2024-05-21 00:00:00,,29193025.03,
2024-05-22 00:00:00,,30275534.13,
2024-05-23 00:00:00,,30731129.36,
2024-05-24 00:00:00,,26928137.56,
2024-05-25 00:00:00,,28059891.19,
2024-05-26 00:00:00,,28998232.55,
2024-05-27 00:00:00,,29253229.30,
2024-05-28 00:00:00,,33773426.95,
2024-05-29 00:00:00,,40800074.40,
2024-05-30 00:00:00,,37422111.31,
2024-05-31 00:00:00,,34011484.37,
2024-06-01 00:00:00,,33771030.22,
2024-06-02 00:00:00,,36469816.67,
2024-06-03 00:00:00,,39945751.88,
2024-06-04 00:00:00,,36329243.21,
2024-06-05 00:00:00,,39003138.42,
2024-06-06 00:00:00,,40981908.85,
2024-06-07 00:00:00,,40484750.02,
2024-06-08 00:00:00,,31548480.40,
2024-06-09 00:00:00,,29715002.02,
2024-06-10 00:00:00,,29210812.94,
2024-06-11 00:00:00,,28584115.45,
2024-06-12 00:00:00,,26330787.56,
2024-06-13 00:00:00,,28560641.39,
2024-06-14 00:00:00,,25941916.92,
2024-06-15 00:00:00,,24601861.28,
2024-06-16 00:00:00,,24559431.49,
2024-06-17 00:00:00,,28147326.36,
2024-06-18 00:00:00,,26699309.02,
2024-06-19 00:00:00,,20639363.63,
2024-06-20 00:00:00,,21490223.10,
2024-06-21 00:00:00,,22087231.05,
2024-06-22 00:00:00,,23414410.18,
2024-06-23 00:00:00,,22964905.83,
2024-06-24 00:00:00,,20155864.93,
2024-06-25 00:00:00,,23513108.57,
2024-06-26 00:00:00,,21843132.93,
2024-06-27 00:00:00,,21176357.87,
2024-06-28 00:00:00,,22751803.53,
2024-06-29 00:00:00,,22206548.07,
2024-06-30 00:00:00,,22067329.12,
2024-07-01 00:00:00,,24644125.68,
2024-07-02 00:00:00,,24355655.13,
2024-07-03 00:00:00,,24234127.87,
2024-07-04 00:00:00,,20753691.55,
2024-07-05 00:00:00,,24777391.43,
2024-07-06 00:00:00,,22468138.43,
2024-07-07 00:00:00,,20967405.78,
2024-07-08 00:00:00,,19217951.46,
2024-07-09 00:00:00,,32387921.93,
2024-07-10 00:00:00,,58114846.16,
2024-07-11 00:00:00,,44240621.17,
2024-07-12 00:00:00,,46446116.12,
2024-07-13 00:00:00,,49373317.41,
2024-07-14 00:00:00,,47878707.64,
2024-07-15 00:00:00,,46438371.19,
2024-07-16 00:00:00,,47325078.21,
2024-07-17 00:00:00,,40835882.56,
2024-07-18 00:00:00,,35090045.96,
2024-07-19 00:00:00,,33600907.47,
2024-07-20 00:00:00,,38145885.40,
2024-07-21 00:00:00,,41535105.88,
2024-07-22 00:00:00,,62229757.97,
2024-07-23 00:00:00,,52570702.66,
2024-07-24 00:00:00,,43237226.07,
2024-07-25 00:00:00,,45952027.56,
2024-07-26 00:00:00,,32722092.36,
2024-07-27 00:00:00,,35851675.90,
2024-07-28 00:00:00,,33423270.98,
2024-07-29 00:00:00,,31881301.02,
2024-07-30 00:00:00,,31909330.73,
2024-07-31 00:00:00,,32243436.37,
2024-08-01 00:00:00,,30709152.94,
2024-08-02 00:00:00,,33058895.00,
2024-08-03 00:00:00,,30913991.34,
2024-08-04 00:00:00,,28549345.99,
2024-08-05 00:00:00,,26777810.86,
2024-08-06 00:00:00,,28629327.51,
2024-08-07 00:00:00,,32295069.29,
2024-08-08 00:00:00,,29593191.29,
2024-08-09 00:00:00,,39964455.21,
2024-08-10 00:00:00,,42935486.94,
2024-08-11 00:00:00,,40308650.60,
2024-08-12 00:00:00,,33512567.30,
2024-08-13 00:00:00,,36389997.01,
2024-08-14 00:00:00,,42504276.90,
2024-08-15 00:00:00,,37363496.82,
2024-08-16 00:00:00,,38388375.78,
2024-08-17 00:00:00,,35506269.42,
2024-08-18 00:00:00,,35190431.98,
2024-08-19 00:00:00,,34525087.35,
2024-08-20 00:00:00,,36136438.44,
2024-08-21 00:00:00,,36653560.32,
2024-08-22 00:00:00,,35480875.52,
2024-08-23 00:00:00,,32918187.76,
2024-08-24 00:00:00,,43692680.67,
2024-08-25 00:00:00,,40467089.44,
2024-08-26 00:00:00,,37707218.37,
2024-08-27 00:00:00,,34623381.52,
2024-08-28 00:00:00,,31753034.20,
2024-08-29 00:00:00,,28825837.05,
2024-08-30 00:00:00,,29465481.70,
2024-08-31 00:00:00,,29710520.79,
2024-09-01 00:00:00,,28967834.72,
2024-09-02 00:00:00,,26576915.42,
2024-09-03 00:00:00,,28416074.08,
2024-09-04 00:00:00,,32609400.12,
2024-09-05 00:00:00,,35980324.87,
2024-09-06 00:00:00,,32952959.41,
2024-09-07 00:00:00,,29673981.53,
2024-09-08 00:00:00,,28984358.79,
2024-09-09 00:00:00,,31577235.86,
2024-09-10 00:00:00,,31924333.71,
2024-09-11 00:00:00,,33122860.18,
2024-09-12 00:00:00,,33813070.01,
2024-09-13 00:00:00,,37829721.47,
2024-09-14 00:00:00,,39623775.75,
2024-09-15 00:00:00,,45680862.50,
2024-09-16 00:00:00,,54798821.12,
2024-09-17 00:00:00,,49070011.34,
2024-09-18 00:00:00,,64372673.08,
2024-09-19 00:00:00,,69418086.82,
2024-09-20 00:00:00,,79591101.13,
2024-09-21 00:00:00,,84780791.27,
2024-09-22 00:00:00,,85280348.72,
2024-09-23 00:00:00,,71541147.81,
2024-09-24 00:00:00,,108587365.89,
2024-09-25 00:00:00,,101683534.42,
2024-09-26 00:00:00,,83733448.64,
2024-09-27 00:00:00,,93536561.54,
2024-09-28 00:00:00,,96586836.41,
2024-09-29 00:00:00,,93233479.42,
2024-09-30 00:00:00,,90814864.04,
2024-10-01 00:00:00,,81220412.31,
2024-10-02 00:00:00,,73570849.09,
2024-10-03 00:00:00,,68009613.53,
2024-10-04 00:00:00,,65300546.85,
2024-10-05 00:00:00,,73232498.48,
2024-10-06 00:00:00,,72164404.13,
2024-10-07 00:00:00,,71582254.31,
2024-10-08 00:00:00,,66442418.98,
2024-10-09 00:00:00,,66553921.30,
2024-10-10 00:00:00,,68823221.23,
2024-10-11 00:00:00,,75298742.30,
2024-10-12 00:00:00,,79363588.46,
2024-10-13 00:00:00,,83835653.26,
2024-10-14 00:00:00,,108532031.39,
2024-10-15 00:00:00,,101341656.44,
2024-10-16 00:00:00,,92307391.21,
2024-10-17 00:00:00,,88592479.14,
2024-10-18 00:00:00,,90339191.14,
2024-10-19 00:00:00,,93563306.58,
2024-10-20 00:00:00,,95627102.40,
2024-10-21 00:00:00,,98931707.47,
2024-10-22 00:00:00,,90582836.85,
2024-10-23 00:00:00,,96583955.69,
2024-10-24 00:00:00,,103124146.12,
2024-10-25 00:00:00,,108990002.82,
2024-10-26 00:00:00,,89191176.10,
2024-10-27 00:00:00,,93950171.59,
2024-10-28 00:00:00,,87238968.03,
2024-10-29 00:00:00,,88535710.45,
2024-10-30 00:00:00,,99883082.05,
2024-10-31 00:00:00,,94462613.45,
2024-11-01 00:00:00,,100781784.49,
2024-11-02 00:00:00,,91194207.42,
2024-11-03 00:00:00,,99544697.53,
2024-11-04 00:00:00,,86354840.63,
2024-11-05 00:00:00,,76452300.14,
2024-11-06 00:00:00,,75442252.04,
2024-11-07 00:00:00,,111988307.36,
2024-11-08 00:00:00,,87707632.07,
2024-11-09 00:00:00,,86624986.54,
2024-11-10 00:00:00,,87700451.93,
2024-11-11 00:00:00,,87912496.72,
2024-11-12 00:00:00,,97918748.19,
2024-11-13 00:00:00,,91408120.34,
2024-11-14 00:00:00,,82640844.13,
2024-11-15 00:00:00,,79495296.36,
2024-11-16 00:00:00,,88069917.69,
2024-11-17 00:00:00,,90862196.88,
2024-11-18 00:00:00,,88293224.25,
2024-11-19 00:00:00,,98334311.69,
2024-11-20 00:00:00,,93197469.90,
2024-11-21 00:00:00,,85409364.30,
2024-11-22 00:00:00,,94960086.02,
2024-11-23 00:00:00,,102126418.00,
2024-11-24 00:00:00,,137725995.29,
2024-11-25 00:00:00,,153998991.96,
2024-11-26 00:00:00,,149420396.03,
2024-11-27 00:00:00,,148211138.16,
2024-11-28 00:00:00,,149931718.24,
2024-11-29 00:00:00,,150754022.09,
2024-11-30 00:00:00,,143475003.17,
2024-12-01 00:00:00,,151402690.45,
2024-12-02 00:00:00,,159322670.94,
2024-12-03 00:00:00,,146223057.81,
2024-12-04 00:00:00,,143311046.73,
2024-12-05 00:00:00,,166769047.12,
2024-12-06 00:00:00,,166040468.83,
2024-12-07 00:00:00,,191386996.31,
2024-12-08 00:00:00,,175996142.53,
2024-12-09 00:00:00,,166326511.92,
2024-12-10 00:00:00,,120597749.60,
2024-12-11 00:00:00,,139646158.87,
2024-12-12 00:00:00,,145441069.89,
2024-12-13 00:00:00,,150887705.28,
2024-12-14 00:00:00,,124215946.73,
2024-12-15 00:00:00,,118992809.95,
2024-12-16 00:00:00,,120422508.63,
2024-12-17 00:00:00,,115254277.93,
2024-12-18 00:00:00,,109011731.07,
2024-12-19 00:00:00,,96874743.08,
2024-12-20 00:00:00,,80157785.29,
2024-12-21 00:00:00,,80419031.40,
2024-12-22 00:00:00,,77901438.42,
2024-12-23 00:00:00,,76731847.80,
2024-12-24 00:00:00,,83490705.98,
2024-12-25 00:00:00,,85919356.00,
2024-12-26 00:00:00,,82277700.77,
2024-12-27 00:00:00,,79772697.13,
2024-12-28 00:00:00,,77771338.14,
2024-12-29 00:00:00,,80842473.92,
2024-12-30 00:00:00,,76377921.68,
2024-12-31 00:00:00,,79094929.56,
2025-01-01 00:00:00,,76827293.68,
2025-01-02 00:00:00,,82272321.46,
2025-01-03 00:00:00,,85048933.71,
2025-01-04 00:00:00,,95318201.49,
2025-01-05 00:00:00,,98762151.01,
2025-01-06 00:00:00,,98994231.68,
2025-01-07 00:00:00,,100070553.14,
2025-01-08 00:00:00,,82247945.79,
2025-01-09 00:00:00,,74608314.96,
2025-01-10 00:00:00,,76307357.59,
2025-01-11 00:00:00,,82548390.60,
2025-01-12 00:00:00,,81062519.88,
2025-01-13 00:00:00,,80518739.73,
2025-01-14 00:00:00,,76118585.24,
2025-01-15 00:00:00,,78385601.64,
2025-01-16 00:00:00,,86488733.54,
2025-01-17 00:00:00,,85958016.12,
2025-01-18 00:00:00,,93044905.32,
2025-01-19 00:00:00,,85290748.48,
2025-01-20 00:00:00,,85549501.29,
2025-01-21 00:00:00,,85683348.35,
2025-01-22 00:00:00,,91159789.07,
2025-01-23 00:00:00,,85056115.31,
2025-01-24 00:00:00,,80498923.52,
2025-01-25 00:00:00,,83083721.00,
2025-01-26 00:00:00,,81745165.06,
2025-01-27 00:00:00,,77467715.31,
2025-01-28 00:00:00,,70189642.55,
2025-01-29 00:00:00,,65516215.49,
2025-01-30 00:00:00,,66819428.74,
2025-01-31 00:00:00,,69164038.12,
2025-02-01 00:00:00,,70694181.94,
2025-02-02 00:00:00,,65615237.35,
2025-02-03 00:00:00,,51770596.66,
2025-02-04 00:00:00,,39978119.49,
2025-02-05 00:00:00,,33303281.59,
2025-02-06 00:00:00,,30954196.83,
2025-02-07 00:00:00,,29525352.90,
2025-02-08 00:00:00,,28296831.46,
2025-02-09 00:00:00,,30385255.79,
2025-02-10 00:00:00,,31728878.70,
2025-02-11 00:00:00,,32060786.85,
2025-02-12 00:00:00,,30535053.27,
2025-02-13 00:00:00,,31009970.43,
2025-02-14 00:00:00,,31594352.54,
2025-02-15 00:00:00,,32017037.49,
2025-02-16 00:00:00,,31378624.67,
2025-02-17 00:00:00,,30385375.01,
2025-02-18 00:00:00,,30729121.12,
2025-02-19 00:00:00,,29520845.51,
2025-02-20 00:00:00,,31524594.02,
2025-02-21 00:00:00,,39569142.02,
2025-02-22 00:00:00,,32125487.61,
2025-02-23 00:00:00,,32862541.90,
2025-02-24 00:00:00,,32062257.12,
2025-02-25 00:00:00,,26353829.32,
2025-02-26 00:00:00,,28646301.27,
2025-02-27 00:00:00,,38837199.85,
2025-02-28 00:00:00,,33420697.08,
2025-03-01 00:00:00,,40663305.04,
2025-03-02 00:00:00,,43900631.85,
2025-03-03 00:00:00,,40633131.14,
2025-03-04 00:00:00,,30996135.48,
2025-03-05 00:00:00,,30603805.65,
2025-03-06 00:00:00,,29350858.55,
2025-03-07 00:00:00,,29205346.94,
2025-03-08 00:00:00,,27244760.04,
2025-03-09 00:00:00,,30649299.35,
2025-03-10 00:00:00,,25517523.75,
2025-03-11 00:00:00,,23024400.57,
2025-03-12 00:00:00,,27157453.23,
2025-03-13 00:00:00,,32921086.50,
2025-03-14 00:00:00,,33450604.14,
2025-03-15 00:00:00,,29779800.18,
2025-03-16 00:00:00,,33129350.43,
2025-03-17 00:00:00,,26232244.12,
2025-03-18 00:00:00,,29400207.64,
2025-03-19 00:00:00,,30730534.93,
2025-03-20 00:00:00,,31323738.15,
2025-03-21 00:00:00,,30511089.67,
2025-03-22 00:00:00,,30752061.96,
2025-03-23 00:00:00,,32476287.38,
2025-03-24 00:00:00,,35209596.40,
2025-03-25 00:00:00,,34937320.26,
2025-03-26 00:00:00,,35475590.38,
2025-03-27 00:00:00,,30838135.33,
2025-03-28 00:00:00,,30435603.54,
2025-03-29 00:00:00,,28434537.00,
2025-03-30 00:00:00,,26680544.76,
2025-03-31 00:00:00,,27045403.18,
2025-04-01 00:00:00,,26999560.71,
2025-04-02 00:00:00,,28570452.96,
2025-04-03 00:00:00,,27671333.60,
2025-04-04 00:00:00,,28639896.89,
2025-04-05 00:00:00,,28893503.09,
2025-04-06 00:00:00,,27749779.79,
2025-04-07 00:00:00,,24782710.46,
2025-04-08 00:00:00,,23854175.59,
2025-04-09 00:00:00,,21367779.10,
2025-04-10 00:00:00,,23315606.98,
2025-04-11 00:00:00,,22885450.78,
2025-04-12 00:00:00,,23386034.86,
2025-04-13 00:00:00,,25386986.63,
2025-04-14 00:00:00,,23451812.77,
2025-04-15 00:00:00,,24495715.16,
2025-04-16 00:00:00,,24234955.74,
2025-04-17 00:00:00,,23694182.71,
2025-04-18 00:00:00,,24680195.78,
2025-04-19 00:00:00,,24526513.90,
2025-04-20 00:00:00,,30249654.52,
2025-04-21 00:00:00,,30484196.94,
2025-04-22 00:00:00,,29352571.39,
2025-04-23 00:00:00,,27387990.26,
2025-04-24 00:00:00,,26091885.81,
2025-04-25 00:00:00,,26860896.31,
2025-04-26 00:00:00,,30713411.10,
2025-04-27 00:00:00,,29387180.20,
2025-04-28 00:00:00,,29197134.71,
2025-04-29 00:00:00,,30048568.54,
2025-04-30 00:00:00,,28702105.59,
2025-05-01 00:00:00,,28773392.77,
2025-05-02 00:00:00,,28064500.66,
2025-05-03 00:00:00,,28456609.34,
2025-05-04 00:00:00,,26798362.10,
2025-05-05 00:00:00,,26862130.34,
2025-05-06 00:00:00,,27198635.61,
2025-05-07 00:00:00,,29205748.68,
2025-05-08 00:00:00,,31479492.08,
2025-05-09 00:00:00,,33935550.75,
2025-05-10 00:00:00,,37206671.95,
2025-05-11 00:00:00,,37297054.71,
2025-05-12 00:00:00,,33006782.74,
2025-05-13 00:00:00,,36847475.91,
2025-05-14 00:00:00,,34847324.71,
2025-05-15 00:00:00,,31372716.59,
2025-05-16 00:00:00,,27964810.20,
2025-05-17 00:00:00,,28546676.71,
2025-05-18 00:00:00,,27807489.85,
2025-05-19 00:00:00,,28980295.76,
2025-05-20 00:00:00,,27722854.21,
2025-05-21 00:00:00,,29323740.08,
2025-05-22 00:00:00,,31305174.19,
2025-05-23 00:00:00,,33669713.29,
2025-05-24 00:00:00,,40145782.28,
2025-05-25 00:00:00,,42272252.29,
2025-05-26 00:00:00,,42522164.22,
2025-05-27 00:00:00,,41366090.81,
2025-05-28 00:00:00,,42179177.93,
2025-05-29 00:00:00,,35332343.11,
2025-05-30 00:00:00,,34403211.82,
2025-05-31 00:00:00,,33737282.54,
2025-06-01 00:00:00,,34540225.72,
2025-06-02 00:00:00,,34967211.60,
2025-06-03 00:00:00,,35536917.69,
2025-06-04 00:00:00,,32666951.16,
2025-06-05 00:00:00,,31261834.16,
2025-06-06 00:00:00,,31088445.62,
2025-06-07 00:00:00,,33402212.04,
2025-06-08 00:00:00,,34768540.48,
2025-06-09 00:00:00,,33613901.73,
2025-06-10 00:00:00,,35228955.29,
2025-06-11 00:00:00,,37315707.16,
2025-06-12 00:00:00,,33484305.73,
2025-06-13 00:00:00,,44400040.25,
2025-06-14 00:00:00,,43173812.77,
2025-06-15 00:00:00,,41488876.44,
2025-06-16 00:00:00,,41443898.71,
2025-06-17 00:00:00,,40149591.26,
2025-06-18 00:00:00,,38186329.69,
2025-06-19 00:00:00,,38208156.50,
2025-06-20 00:00:00,,38020518.93,
2025-06-21 00:00:00,,36604407.58,
2025-06-22 00:00:00,,34987099.34,
2025-06-23 00:00:00,,34770033.13,
2025-06-24 00:00:00,,36951930.34,
2025-06-25 00:00:00,,41362081.30,
2025-06-26 00:00:00,,38762547.61,
2025-06-27 00:00:00,,34756570.93,
2025-06-28 00:00:00,,31429553.01,
2025-06-29 00:00:00,,31200473.01,
2025-06-30 00:00:00,,34029618.01,
2025-07-01 00:00:00,,32129738.38,
2025-07-02 00:00:00,,29865248.15,
2025-07-03 00:00:00,,37814760.85,
2025-07-04 00:00:00,,36882891.16,
2025-07-05 00:00:00,,32400783.93,
2025-07-06 00:00:00,,31593839.32,
2025-07-07 00:00:00,,34705034.06,
2025-07-08 00:00:00,,35968202.28,
2025-07-09 00:00:00,,37858653.52,
2025-07-10 00:00:00,,42241934.98,
2025-07-11 00:00:00,,47354667.33,
2025-07-12 00:00:00,,44427446.87,
2025-07-13 00:00:00,,41249861.51,
2025-07-14 00:00:00,,41346083.81,
2025-07-15 00:00:00,,41445135.85,
2025-07-16 00:00:00,,44035215.83,
2025-07-17 00:00:00,,46213886.23,
2025-07-18 00:00:00,,41208968.12,
2025-07-19 00:00:00,,43677792.07,
2025-07-20 00:00:00,,44745635.22,
2025-07-21 00:00:00,,45775884.02,
2025-07-22 00:00:00,,51007714.67,
2025-07-23 00:00:00,,47933092.62,
2025-07-24 00:00:00,,48512418.12,
2025-07-25 00:00:00,,44070916.32,
2025-07-26 00:00:00,,46189001.87,
2025-07-27 00:00:00,,43464408.68,
2025-07-28 00:00:00,,48727933.69,
2025-07-29 00:00:00,,45596063.95,
2025-07-30 00:00:00,,41498977.23,
2025-07-31 00:00:00,,43541779.01,
2025-08-01 00:00:00,,38896256.11,
2025-08-02 00:00:00,,37030567.66,
2025-08-03 00:00:00,,35605517.72,
2025-08-04 00:00:00,,36587382.25,
2025-08-05 00:00:00,,38878031.59,
2025-08-06 00:00:00,,35716019.10,
2025-08-07 00:00:00,,36591325.20,
2025-08-08 00:00:00,,36157568.49,
2025-08-09 00:00:00,,34779754.42,
2025-08-10 00:00:00,,36598206.74,
2025-08-11 00:00:00,,39837372.06,
2025-08-12 00:00:00,,33602823.05,
2025-08-13 00:00:00,,36984789.56,
2025-08-14 00:00:00,,39770634.80,
2025-08-15 00:00:00,,35649169.32,
2025-08-16 00:00:00,,38987812.70,
2025-08-17 00:00:00,,37401011.35,
2025-08-18 00:00:00,,37958183.32,
2025-08-19 00:00:00,,36580504.76,
2025-08-20 00:00:00,,38027126.66,
2025-08-21 00:00:00,,38850369.62,
2025-08-22 00:00:00,,37105035.16,
2025-08-23 00:00:00,,41251260.64,
2025-08-24 00:00:00,,38876294.20,
2025-08-25 00:00:00,,38160652.99,
2025-08-26 00:00:00,,33968682.99,
2025-08-27 00:00:00,,35276156.19,
2025-08-28 00:00:00,,34749362.20,
2025-08-29 00:00:00,,35597325.08,
2025-08-30 00:00:00,,32864524.63,
2025-08-31 00:00:00,,35312754.71,
2025-09-01 00:00:00,,34781189.18,
2025-09-02 00:00:00,,34910655.27,
2025-09-03 00:00:00,,36437106.75,
2025-09-04 00:00:00,,36112040.83,
2025-09-05 00:00:00,,34341579.75,
2025-09-06 00:00:00,,35212140.55,
2025-09-07 00:00:00,,36064091.03,
2025-09-08 00:00:00,,36975078.07,
2025-09-09 00:00:00,,38784273.90,
2025-09-10 00:00:00,,47877288.21,
2025-09-11 00:00:00,,46102868.77,
2025-09-12 00:00:00,,46312196.36,
2025-09-13 00:00:00,,45135020.51,
2025-09-14 00:00:00,,44203767.23,
2025-09-15 00:00:00,,41618421.68,
2025-09-16 00:00:00,,41347226.92,
2025-09-17 00:00:00,,42667756.96,
2025-09-18 00:00:00,,46532789.06,
2025-09-19 00:00:00,,46124949.75,
2025-09-20 00:00:00,,45268632.35,
2025-09-21 00:00:00,,46609135.93,
2025-09-22 00:00:00,,46203486.34,
2025-09-23 00:00:00,,38225898.00,
2025-09-24 00:00:00,,37621239.29,
2025-09-25 00:00:00,,37799190.07,
2025-09-26 00:00:00,,36088907.78,
2025-09-27 00:00:00,,39087678.49,
2025-09-28 00:00:00,,39283485.29,
2025-09-29 00:00:00,,39918775.64,
2025-09-30 00:00:00,,39260163.80,
2025-10-01 00:00:00,,40175035.58,
2025-10-02 00:00:00,,41977274.87,
2025-10-03 00:00:00,,43799853.65,
2025-10-04 00:00:00,,42474868.88,
2025-10-05 00:00:00,,44019010.97,
2025-10-06 00:00:00,,42040202.22,
2025-10-07 00:00:00,,42975609.46,
2025-10-08 00:00:00,,37663957.54,
2025-10-09 00:00:00,,39013250.52,
2025-10-10 00:00:00,,40595089.60,
2025-10-11 00:00:00,,20139759.03,
2025-10-12 00:00:00,,20154886.26,
2025-10-13 00:00:00,,21711073.59,
2025-10-14 00:00:00,,24057687.60,
2025-10-15 00:00:00,,25305825.49,
2025-10-16 00:00:00,,23215186.27,
2025-10-17 00:00:00,,21281949.84,
2025-10-18 00:00:00,,20437289.26,
2025-10-19 00:00:00,,19753258.12,
2025-10-20 00:00:00,,18981662.41,
2025-10-21 00:00:00,,18572745.09,
2025-10-22 00:00:00,,17168340.99,
2025-10-23 00:00:00,,16537923.19,
2025-10-24 00:00:00,,16276928.33,
2025-10-25 00:00:00,,15695394.29,
2025-10-26 00:00:00,,15614472.23,
2025-10-27 00:00:00,,16485876.27,
2025-10-28 00:00:00,,16227133.18,
2025-10-29 00:00:00,,15738240.45,
2025-10-30 00:00:00,,18177913.34,
2025-10-31 00:00:00,,15410523.92,
2025-11-01 00:00:00,,15034053.24,
2025-11-02 00:00:00,,16141476.28,
2025-11-03 00:00:00,,16349808.66,
2025-11-04 00:00:00,,15289161.03,
2025-11-05 00:00:00,,14996582.76,
2025-11-06 00:00:00,,14335472.64,
2025-11-07 00:00:00,,13484357.49,
2025-11-08 00:00:00,,20211084.74,
2025-11-09 00:00:00,,19803028.70,
2025-11-10 00:00:00,,18174945.18,
2025-11-11 00:00:00,,19928044.66,
2025-11-12 00:00:00,,15442834.91,
2025-11-13 00:00:00,,14879850.73,
2025-11-14 00:00:00,,15818886.79,
2025-11-15 00:00:00,,16090667.60,
2025-11-16 00:00:00,,15922272.55,
2025-11-17 00:00:00,,16530961.16,
2025-11-18 00:00:00,,15222656.94,
2025-11-19 00:00:00,,16207347.85,
2025-11-20 00:00:00,,18012783.90,
2025-11-21 00:00:00,,17250797.11,
2025-11-22 00:00:00,,13185347.72,
2025-11-23 00:00:00,,12742988.31,
2025-11-24 00:00:00,,13011408.00,
2025-11-25 00:00:00,,15154481.57,
2025-11-26 00:00:00,,15096718.00,
2025-11-27 00:00:00,,15721248.00,
2025-11-28 00:00:00,,15911028.47,
2025-11-29 00:00:00,,16760748.01,
2025-11-30 00:00:00,,16030630.93,
2025-12-01 00:00:00,,16025337.93,
2025-12-02 00:00:00,,12252805.58,
2025-12-03 00:00:00,,14723718.58,
2025-12-04 00:00:00,,15844794.92,
2025-12-05 00:00:00,,14776152.67,
2025-12-06 00:00:00,,13705709.35,
2025-12-07 00:00:00,,14454440.01,
2025-12-08 00:00:00,,13022899.23,
2025-12-09 00:00:00,,13509179.13,
2025-12-10 00:00:00,,15651172.59,
2025-12-11 00:00:00,,15742263.07,
2025-12-12 00:00:00,,15277085.40,
2025-12-13 00:00:00,,14531585.89,
2025-12-14 00:00:00,,13981556.93,
2025-12-15 00:00:00,,13212077.02,
2025-12-16 00:00:00,,12855123.32,
2025-12-17 00:00:00,,12992081.10,
2025-12-18 00:00:00,,12672009.53,
2025-12-19 00:00:00,,11446463.26,
2025-12-20 00:00:00,,11856920.72,
2025-12-21 00:00:00,,11655299.50,
2025-12-22 00:00:00,,11204617.98,
2025-12-23 00:00:00,,11425640.99,
2025-12-24 00:00:00,,11652702.30,
2025-12-25 00:00:00,,12092372.86,
2025-12-26 00:00:00,,11933030.47,
2025-12-27 00:00:00,,12583556.33,
2025-12-28 00:00:00,,13247408.01,
2025-12-29 00:00:00,,12572950.96,
2025-12-30 00:00:00,,11934676.73,
2025-12-31 00:00:00,,12061501.30,
2026-01-01 00:00:00,,12635081.25,
2026-01-02 00:00:00,,13660543.27,
2026-01-03 00:00:00,,14412859.65,
2026-01-04 00:00:00,,14505653.86,
2026-01-05 00:00:00,,15286505.87,
2026-01-06 00:00:00,,15554140.44,
2026-01-07 00:00:00,,15777367.24,
2026-01-08 00:00:00,,15340306.35,
2026-01-09 00:00:00,,15284533.03,
2026-01-10 00:00:00,,15897913.11,
2026-01-11 00:00:00,,16003400.21,
2026-01-12 00:00:00,,16373028.00,
2026-01-13 00:00:00,,15311381.86,
2026-01-14 00:00:00,,17968461.26,
2026-01-15 00:00:00,,17688711.91,
2026-01-16 00:00:00,,16381738.13,
2026-01-17 00:00:00,,16429295.05,
2026-01-18 00:00:00,,16166079.79,
2026-01-19 00:00:00,,14832338.43,
2026-01-20 00:00:00,,13934269.08,
2026-01-21 00:00:00,,12642168.29,
2026-01-22 00:00:00,,12395098.07,
2026-01-23 00:00:00,,11946888.15,
2026-01-24 00:00:00,,12756579.06,
2026-01-25 00:00:00,,12870522.87,
2026-01-26 00:00:00,,12499301.34,
2026-01-27 00:00:00,,12684213.98,
2026-01-28 00:00:00,,12760973.18,
2026-01-29 00:00:00,,12804450.18,
2026-01-30 00:00:00,,11308659.00,
2026-01-31 00:00:00,,11085071.02,
2026-02-01 00:00:00,,11140470.05,
2026-02-02 00:00:00,,10332151.70,
2026-02-03 00:00:00,,10878229.60,
2026-02-04 00:00:00,,10503115.54,
2026-02-05 00:00:00,,10132186.69,
2026-02-06 00:00:00,,8552022.75,
2026-02-07 00:00:00,,9501791.23,
2026-02-08 00:00:00,,9460571.03,
2026-02-09 00:00:00,,9170159.78,
2026-02-10 00:00:00,,9160849.02,
2026-02-11 00:00:00,,8862033.04,
2026-02-12 00:00:00,,8562709.18,
2026-02-13 00:00:00,,8952812.49,
2026-02-14 00:00:00,,9614867.79,
2026-02-15 00:00:00,,9574586.04,
2026-02-16 00:00:00,,9025078.40,
2026-02-17 00:00:00,,9410510.04,
2026-02-18 00:00:00,,9568908.26,
2026-02-19 00:00:00,,9058907.96,
2026-02-20 00:00:00,,8836090.91,
2026-02-21 00:00:00,,9312868.80,
2026-02-22 00:00:00,,9167926.61,
2026-02-23 00:00:00,,8831319.99,
2026-02-24 00:00:00,,8656853.35,
2026-02-25 00:00:00,,8788870.95,
2026-02-26 00:00:00,,10642754.59,
2026-02-27 00:00:00,,10690759.75,
2026-02-28 00:00:00,,9694242.78,
2026-03-01 00:00:00,,9451573.04,
2026-03-02 00:00:00,,9349893.79,
2026-03-03 00:00:00,,9737926.09,
2026-03-04 00:00:00,,9451898.89,
2026-03-05 00:00:00,,10517275.28,
2026-03-06 00:00:00,,9655317.77,
2026-03-07 00:00:00,,9084861.77,
2026-03-08 00:00:00,,8667162.37,
2026-03-09 00:00:00,,8223920.32,
2026-03-10 00:00:00,,8547292.48,
2026-03-11 00:00:00,,8980769.45,
2026-03-12 00:00:00,,11025917.03,
2026-03-13 00:00:00,,9646319.80,
2026-03-14 00:00:00,,10478418.97,
2026-03-15 00:00:00,,10616496.15,
2026-03-16 00:00:00,,9470506.66,
2026-03-17 00:00:00,,9228263.26,
2026-03-18 00:00:00,,8876151.87,
2026-03-19 00:00:00,,8217696.20,
2026-03-20 00:00:00,,7952190.64,
2026-03-21 00:00:00,,7812608.29,
2026-03-22 00:00:00,,7615419.92,
2026-03-23 00:00:00,,7600051.74,
2026-03-24 00:00:00,,7304387.63,
2026-03-25 00:00:00,,7414139.87,
2026-03-26 00:00:00,,7407103.53,
2026-03-27 00:00:00,,7058993.15,
2026-03-28 00:00:00,,6502635.54,
2026-03-29 00:00:00,,6445579.86,
2026-03-30 00:00:00,,6269342.74,
2026-03-31 00:00:00,,6166260.46,
2026-04-01 00:00:00,,6375743.43,
2026-04-02 00:00:00,,6247777.88,
2026-04-03 00:00:00,,6234917.58,
2026-04-04 00:00:00,,6270400.85,
2026-04-05 00:00:00,,6671201.06,
2026-04-06 00:00:00,,6691299.97,
2026-04-07 00:00:00,,6546827.59,
2026-04-08 00:00:00,,7070240.00,
2026-04-09 00:00:00,,6998135.68,
2026-04-10 00:00:00,,7096237.57,
2026-04-11 00:00:00,,7103625.33,
2026-04-12 00:00:00,,7048077.13,
2026-04-13 00:00:00,,6718574.73,
2026-04-14 00:00:00,,7191221.58,
2026-04-15 00:00:00,,6883788.87,
2026-04-16 00:00:00,,7430625.55,
2026-04-17 00:00:00,,10757112.97,
2026-04-18 00:00:00,,11382826.33,
2026-04-19 00:00:00,,9394830.51,
2026-04-20 00:00:00,,9072067.86,
2026-04-21 00:00:00,,9133623.04,
2026-04-22 00:00:00,,9289219.41,
2026-04-23 00:00:00,,8798899.78,
2026-04-24 00:00:00,,8841653.81,
2026-04-25 00:00:00,,8896672.43,
2026-04-26 00:00:00,,8928571.64,
2026-04-27 00:00:00,,8525090.51,
2026-04-28 00:00:00,,8572823.14,
2026-04-29 00:00:00,,9571541.47,
2026-04-30 00:00:00,,8299217.61,
2026-05-01 00:00:00,,8120425.46,
2026-05-02 00:00:00,,7999033.98,
2026-05-03 00:00:00,,8298988.43,
2026-05-04 00:00:00,,7996949.13,
2026-05-05 00:00:00,,8113494.65,
2026-05-06 00:00:00,,8351734.59,
2026-05-07 00:00:00,,9025185.84,
2026-05-08 00:00:00,,8655281.70,
2026-05-09 00:00:00,,10502750.64,
2026-05-10 00:00:00,,10719315.48,
2026-05-11 00:00:00,,11179337.50,
2026-05-12 00:00:00,,11022925.60,
2026-05-13 00:00:00,,11418247.53,
2026-05-14 00:00:00,,10730876.52,
2026-05-15 00:00:00,,10720073.51,
2026-05-16 00:00:00,,10207498.65,
2026-05-17 00:00:00,,9476726.55,
2026-05-18 00:00:00,,9335861.15,
2026-05-19 00:00:00,,9391056.34,
2026-05-20 00:00:00,,8284337.29,
2026-05-21 00:00:00,,8735240.58,
2026-05-22 00:00:00,,9022675.83,
2026-05-23 00:00:00,,8732068.19,
2026-05-24 00:00:00,,9089236.98,
2026-05-25 00:00:00,,8582340.84,
2026-05-26 00:00:00,,9722493.35,
2026-05-27 00:00:00,,9726209.62,
2026-05-28 00:00:00,,8999201.53,
2026-05-29 00:00:00,,8679039.23,
2026-05-30 00:00:00,,8207144.89,
2026-05-31 00:00:00,,8324143.56,
2026-06-01 00:00:00,,8287133.23,
2026-06-02 00:00:00,,8152714.23,
2026-06-03 00:00:00,,7237626.70,
2026-06-04 00:00:00,,7013956.28,
2026-06-05 00:00:00,,6065066.12,
2026-06-06 00:00:00,,5498524.16,
2026-06-07 00:00:00,,5471827.98,
2026-06-08 00:00:00,,5389046.23,
2026-06-09 00:00:00,,5380336.08,
2026-06-10 00:00:00,,5516157.72,
2026-06-11 00:00:00,,5350033.51,
2026-06-12 00:00:00,,5779992.43,
2026-06-13 00:00:00,,5797757.59,
2026-06-14 00:00:00,,7000529.66,
2026-06-15 00:00:00,,6139167.19,
2026-06-16 00:00:00,,6545519.18,
2026-06-17 00:00:00,,7385948.01,
2026-06-18 00:00:00,,6919690.02,
2026-06-19 00:00:00,,6735269.09,
2026-06-20 00:00:00,,6581817.99,
2026-06-21 00:00:00,,6216664.96,
2026-06-22 00:00:00,,6298966.85,
2026-06-23 00:00:00,,7053857.01,
2026-06-24 00:00:00,,7068811.53,
2026-06-25 00:00:00,,5990521.92,
2026-06-26 00:00:00,,6108395.03,
2026-06-27 00:00:00,,6824111.02,
2026-06-28 00:00:00,,6426581.77,
2026-06-29 00:00:00,,6620034.60,
2026-06-30 00:00:00,,7853508.80,
2026-07-01 00:00:00,,7604521.55,
2026-07-02 00:00:00,,7151203.53,
2026-07-03 00:00:00,,7615619.40,
2026-07-04 00:00:00,,9099928.68,
2026-07-05 00:00:00,,9378936.61,
2026-07-06 00:00:00,,9393956.84,
2026-07-07 00:00:00,,8077689.10,
2026-07-08 00:00:00,,7863452.07,
2026-07-09 00:00:00,,8492440.93,
2026-07-10 00:00:00,,8875715.87,
2026-07-11 00:00:00,,8540497.97,
2026-07-12 00:00:00,,8363891.24,
2026-07-13 00:00:00,,8718220.79,
2026-07-14 00:00:00,,7839547.21,
2026-07-15 00:00:00,,8962552.67,
2026-07-16 00:00:00,,9376977.35,
2026-07-17 00:00:00,,8713546.24,
2026-07-18 00:00:00,,8386037.52,
2026-07-19 00:00:00,,8539785.77,
2026-07-20 00:00:00,,8456244.55,
