time,ls_ratio,long_pct,short_pct
2021-03-19 00:00:00,1.538100,60.6000,39.4000
2021-03-20 00:00:00,2.043200,67.1400,32.8600
2021-03-21 00:00:00,2.387500,70.4800,29.5200
2021-03-22 00:00:00,2.526100,71.6400,28.3600
2021-03-23 00:00:00,2.518600,71.5800,28.4200
2021-03-24 00:00:00,3.159700,75.9600,24.0400
2021-03-25 00:00:00,3.221200,76.3100,23.6900
2021-03-26 00:00:00,3.699200,78.7200,21.2800
2021-03-27 00:00:00,3.108500,75.6600,24.3400
2021-03-28 00:00:00,2.185700,68.6100,31.3900
2021-03-29 00:00:00,2.204100,68.7900,31.2100
2021-03-30 00:00:00,1.704900,63.0300,36.9700
2021-03-31 00:00:00,2.727200,73.1700,26.8300
2021-04-01 00:00:00,3.061700,75.3800,24.6200
2021-04-02 00:00:00,2.478300,71.2500,28.7500
2021-04-03 00:00:00,3.035500,75.2200,24.7800
2021-04-04 00:00:00,2.858000,74.0800,25.9200
2021-04-05 00:00:00,2.746700,73.3100,26.6900
2021-04-06 00:00:00,3.113500,75.6900,24.3100
2021-04-07 00:00:00,3.230100,76.3600,23.6400
2021-04-08 00:00:00,3.101700,75.6200,24.3800
2021-04-09 00:00:00,2.924600,74.5200,25.4800
2021-04-10 00:00:00,2.940100,74.6200,25.3800
2021-04-11 00:00:00,3.417000,77.3600,22.6400
2021-04-12 00:00:00,3.366800,77.1000,22.9000
2021-04-13 00:00:00,3.591400,78.2200,21.7800
2021-04-14 00:00:00,3.076600,75.4700,24.5300
2021-04-15 00:00:00,1.930000,65.8700,34.1300
2021-04-16 00:00:00,3.166700,76.0000,24.0000
2021-04-17 00:00:00,3.417000,77.3600,22.6400
2021-04-18 00:00:00,3.101700,75.6200,24.3800
2021-04-19 00:00:00,3.100000,75.6100,24.3900
2021-04-20 00:00:00,2.963500,74.7700,25.2300
2021-04-21 00:00:00,2.238300,69.1200,30.8800
2021-04-22 00:00:00,2.453000,71.0400,28.9600
2021-04-23 00:00:00,2.467400,71.1600,28.8400
2021-04-24 00:00:00,2.790800,73.6200,26.3800
2021-04-25 00:00:00,1.735200,63.4400,36.5600
2021-04-26 00:00:00,2.080700,67.5400,32.4600
2021-04-27 00:00:00,1.767000,63.8600,36.1400
2021-04-28 00:00:00,1.854700,64.9700,35.0300
2021-04-29 00:00:00,2.548600,71.8200,28.1800
2021-04-30 00:00:00,2.787900,73.6000,26.4000
2021-05-01 00:00:00,2.123000,67.9800,32.0200
2021-05-02 00:00:00,2.717500,73.1000,26.9000
2021-05-03 00:00:00,2.343400,70.0900,29.9100
2021-05-04 00:00:00,2.420000,70.7600,29.2400
2021-05-05 00:00:00,2.304700,69.7400,30.2600
2021-05-06 00:00:00,2.381800,70.4300,29.5700
2021-05-07 00:00:00,1.804300,64.3400,35.6600
2021-05-08 00:00:00,2.214400,68.8900,31.1100
2021-05-09 00:00:00,2.193900,68.6900,31.3100
2021-05-10 00:00:00,2.192800,68.6800,31.3200
2021-05-11 00:00:00,2.469800,71.1800,28.8200
2021-05-12 00:00:00,2.506300,71.4800,28.5200
2021-05-13 00:00:00,2.361300,70.2500,29.7500
2021-05-14 00:00:00,2.566300,71.9600,28.0400
2021-05-15 00:00:00,1.415500,58.6000,41.4000
2021-05-16 00:00:00,2.050600,67.2200,32.7800
2021-05-17 00:00:00,2.725800,73.1600,26.8400
2021-05-18 00:00:00,2.238300,69.1200,30.8800
2021-05-19 00:00:00,2.554900,71.8700,28.1300
2021-05-20 00:00:00,1.511900,60.1900,39.8100
2021-05-21 00:00:00,1.826500,64.6200,35.3800
2021-05-23 00:00:00,1.558200,60.9100,39.0900
2021-05-24 00:00:00,1.133300,53.1300,46.8800
2021-05-25 00:00:00,1.138600,53.2400,46.7600
2021-05-26 00:00:00,1.557500,60.9000,39.1000
2021-05-27 00:00:00,1.506900,60.1100,39.8900
2021-05-28 00:00:00,1.653200,62.3100,37.6900
2021-05-29 00:00:00,1.859600,65.0300,34.9700
2021-05-30 00:00:00,1.675200,62.6200,37.3800
2021-05-31 00:00:00,1.640600,62.1300,37.8700
2021-06-01 00:00:00,1.845000,64.8500,35.1500
2021-06-02 00:00:00,1.902800,65.5500,34.4500
2021-06-03 00:00:00,2.167600,68.4300,31.5700
2021-06-04 00:00:00,2.237300,69.1100,30.8900
2021-06-05 00:00:00,2.065600,67.3800,32.6200
2021-06-06 00:00:00,2.285200,69.5600,30.4400
2021-06-07 00:00:00,2.003900,66.7100,33.2900
2021-06-08 00:00:00,1.889300,65.3900,34.6100
2021-06-09 00:00:00,2.163600,68.3900,31.6100
2021-06-10 00:00:00,1.901100,65.5300,34.4700
2021-06-11 00:00:00,1.828100,64.6400,35.3600
2021-06-12 00:00:00,1.563400,60.9900,39.0100
2021-06-13 00:00:00,1.757100,63.7300,36.2700
2021-06-14 00:00:00,1.659600,62.4000,37.6000
2021-06-15 00:00:00,1.772400,63.9300,36.0700
2021-06-16 00:00:00,1.705600,63.0400,36.9600
2021-06-17 00:00:00,1.681700,62.7100,37.2900
2021-06-18 00:00:00,1.618500,61.8100,38.1900
2021-06-19 00:00:00,1.658200,62.3800,37.6200
2021-06-20 00:00:00,1.638500,62.1000,37.9000
2021-06-21 00:00:00,1.564800,61.0100,38.9900
2021-06-22 00:00:00,2.146600,68.2200,31.7800
2021-06-23 00:00:00,1.230200,55.1600,44.8400
2021-06-24 00:00:00,1.452800,59.2300,40.7700
2021-06-25 00:00:00,1.378700,57.9600,42.0400
2021-06-26 00:00:00,1.402700,58.3800,41.6200
2021-06-27 00:00:00,2.297100,69.6700,30.3300
2021-06-28 00:00:00,1.003600,50.0900,49.9100
2021-06-29 00:00:00,1.217800,54.9100,45.0900
2021-06-30 00:00:00,1.469700,59.5100,40.4900
2021-07-01 00:00:00,1.580600,61.2500,38.7500
2021-07-02 00:00:00,1.488800,59.8200,40.1800
2021-07-03 00:00:00,0.993600,49.8400,50.1600
2021-07-04 00:00:00,2.143700,68.1900,31.8100
2021-07-05 00:00:00,2.580400,72.0700,27.9300
2021-07-06 00:00:00,2.549900,71.8300,28.1700
2021-07-07 00:00:00,2.033100,67.0300,32.9700
2021-07-08 00:00:00,2.468600,71.1700,28.8300
2021-07-09 00:00:00,2.615300,72.3400,27.6600
2021-07-10 00:00:00,2.932400,74.5700,25.4300
2021-07-11 00:00:00,3.494400,77.7500,22.2500
2021-07-12 00:00:00,3.203400,76.2100,23.7900
2021-07-13 00:00:00,3.512600,77.8400,22.1600
2021-07-14 00:00:00,2.632400,72.4700,27.5300
2021-07-15 00:00:00,2.071300,67.4400,32.5600
2021-07-16 00:00:00,3.024100,75.1500,24.8500
2021-07-17 00:00:00,2.727200,73.1700,26.8300
2021-07-18 00:00:00,2.151600,68.2700,31.7300
2021-07-19 00:00:00,2.480700,71.2700,28.7300
2021-07-20 00:00:00,2.907800,74.4100,25.5900
2021-07-21 00:00:00,2.443500,70.9600,29.0400
2021-07-22 00:00:00,2.319000,69.8700,30.1300
2021-07-23 00:00:00,2.568900,71.9800,28.0200
2021-07-24 00:00:00,2.096900,67.7100,32.2900
2021-07-25 00:00:00,2.286200,69.5700,30.4300
2021-07-26 00:00:00,1.876900,65.2400,34.7600
2021-07-27 00:00:00,2.414100,70.7100,29.2900
2021-07-28 00:00:00,2.056200,67.2800,32.7200
2021-07-29 00:00:00,1.981500,66.4600,33.5400
2021-07-30 00:00:00,1.998500,66.6500,33.3500
2021-07-31 00:00:00,1.891800,65.4200,34.5800
2021-08-01 00:00:00,2.065600,67.3800,32.6200
2021-08-02 00:00:00,2.349000,70.1400,29.8600
2021-08-03 00:00:00,2.287300,69.5800,30.4200
2021-08-04 00:00:00,2.064700,67.3700,32.6300
2021-08-05 00:00:00,2.400200,70.5900,29.4100
2021-08-06 00:00:00,2.488000,71.3300,28.6700
2021-08-07 00:00:00,2.384100,70.4500,29.5500
2021-08-08 00:00:00,2.739700,73.2600,26.7400
2021-08-09 00:00:00,1.925700,65.8200,34.1800
2021-08-10 00:00:00,2.387500,70.4800,29.5200
2021-08-11 00:00:00,1.862000,65.0600,34.9400
2021-08-12 00:00:00,3.723700,78.8300,21.1700
2021-08-13 00:00:00,4.586600,82.1000,17.9000
2021-08-14 00:00:00,3.672900,78.6000,21.4000
2021-08-15 00:00:00,3.894800,79.5700,20.4300
2021-08-16 00:00:00,3.418900,77.3700,22.6300
2021-08-17 00:00:00,4.102000,80.4000,19.6000
2021-08-18 00:00:00,4.503600,81.8300,18.1700
2021-08-19 00:00:00,4.149300,80.5800,19.4200
2021-08-20 00:00:00,4.558600,82.0100,17.9900
2021-08-21 00:00:00,4.446600,81.6400,18.3600
2021-08-22 00:00:00,5.049600,83.4700,16.5300
2021-08-23 00:00:00,5.435000,84.4600,15.5400
2021-08-24 00:00:00,5.056900,83.4900,16.5100
2021-08-25 00:00:00,4.387900,81.4400,18.5600
2021-08-26 00:00:00,3.945600,79.7800,20.2200
2021-08-27 00:00:00,4.350500,81.3100,18.6900
2021-08-28 00:00:00,3.914000,79.6500,20.3500
2021-08-29 00:00:00,3.800800,79.1700,20.8300
2021-08-30 00:00:00,4.531000,81.9200,18.0800
2021-08-31 00:00:00,4.730700,82.5500,17.4500
2021-09-01 00:00:00,4.931200,83.1400,16.8600
2021-09-02 00:00:00,4.138700,80.5400,19.4600
2021-09-03 00:00:00,3.664200,78.5600,21.4400
2021-09-04 00:00:00,3.364900,77.0900,22.9100
2021-09-05 00:00:00,2.796500,73.6600,26.3400
2021-09-06 00:00:00,2.831400,73.9000,26.1000
2021-09-07 00:00:00,3.576700,78.1500,21.8500
2021-09-08 00:00:00,3.614700,78.3300,21.6700
2021-09-09 00:00:00,2.926200,74.5300,25.4700
2021-09-10 00:00:00,2.284100,69.5500,30.4500
2021-09-11 00:00:00,3.315900,76.8300,23.1700
2021-09-12 00:00:00,3.006400,75.0400,24.9600
2021-09-13 00:00:00,1.448600,59.1600,40.8400
2021-09-14 00:00:00,1.541900,60.6600,39.3400
2021-09-15 00:00:00,2.008400,66.7600,33.2400
2021-09-16 00:00:00,1.594700,61.4600,38.5400
2021-09-17 00:00:00,1.578000,61.2100,38.7900
2021-09-18 00:00:00,3.037100,75.2300,24.7700
2021-09-19 00:00:00,3.668500,78.5800,21.4200
2021-09-20 00:00:00,4.431800,81.5900,18.4100
2021-09-21 00:00:00,4.596000,82.1300,17.8700
2021-09-22 00:00:00,3.399500,77.2700,22.7300
2021-09-23 00:00:00,2.926200,74.5300,25.4700
2021-09-24 00:00:00,2.597100,72.2000,27.8000
2021-09-25 00:00:00,3.182400,76.0900,23.9100
2021-09-26 00:00:00,3.345900,76.9900,23.0100
2021-09-27 00:00:00,2.985700,74.9100,25.0900
2021-09-28 00:00:00,3.389800,77.2200,22.7800
2021-09-29 00:00:00,3.460300,77.5800,22.4200
2021-09-30 00:00:00,3.502500,77.7900,22.2100
2021-10-01 00:00:00,3.432600,77.4400,22.5600
2021-10-02 00:00:00,3.187600,76.1200,23.8800
2021-10-03 00:00:00,3.351600,77.0200,22.9800
2021-10-04 00:00:00,3.566200,78.1000,21.9000
2021-10-05 00:00:00,4.580400,82.0800,17.9200
2021-10-06 00:00:00,4.649700,82.3000,17.7000
2021-10-07 00:00:00,4.717600,82.5100,17.4900
2021-10-08 00:00:00,4.938200,83.1600,16.8400
2021-10-09 00:00:00,5.127500,83.6800,16.3200
2021-10-10 00:00:00,5.675600,85.0200,14.9800
2021-10-11 00:00:00,5.447500,84.4900,15.5100
2021-10-12 00:00:00,5.222800,83.9300,16.0700
2021-10-13 00:00:00,5.009600,83.3600,16.6400
2021-10-14 00:00:00,4.194800,80.7500,19.2500
2021-10-15 00:00:00,4.941800,83.1700,16.8300
2021-10-16 00:00:00,3.950500,79.8000,20.2000
2021-10-17 00:00:00,5.553100,84.7400,15.2600
2021-10-18 00:00:00,4.980900,83.2800,16.7200
2021-10-19 00:00:00,5.053300,83.4800,16.5200
2021-10-20 00:00:00,4.341900,81.2800,18.7200
2021-10-21 00:00:00,3.796200,79.1500,20.8500
2021-10-22 00:00:00,2.766500,73.4500,26.5500
2021-10-23 00:00:00,4.133500,80.5200,19.4800
2021-10-24 00:00:00,5.161400,83.7700,16.2300
2021-10-25 00:00:00,5.325100,84.1900,15.8100
2021-10-26 00:00:00,5.497700,84.6100,15.3900
2021-10-27 00:00:00,5.325100,84.1900,15.8100
2021-10-28 00:00:00,5.285400,84.0900,15.9100
2021-10-29 00:00:00,4.931200,83.1400,16.8600
2021-10-30 00:00:00,4.841100,82.8800,17.1200
2021-10-31 00:00:00,4.668900,82.3600,17.6400
2021-11-01 00:00:00,4.892800,83.0300,16.9700
2021-11-02 00:00:00,5.357300,84.2700,15.7300
2021-11-03 00:00:00,6.352900,86.4000,13.6000
2021-11-04 00:00:00,7.136700,87.7100,12.2900
2021-11-05 00:00:00,7.090600,87.6400,12.3600
2021-11-06 00:00:00,6.391000,86.4700,13.5300
2021-11-07 00:00:00,6.380100,86.4500,13.5500
2021-11-08 00:00:00,6.189100,86.0900,13.9100
2021-11-09 00:00:00,6.067100,85.8500,14.1500
2021-11-10 00:00:00,5.192000,83.8500,16.1500
2021-11-11 00:00:00,5.775100,85.2400,14.7600
2021-11-12 00:00:00,4.899700,83.0500,16.9500
2021-11-13 00:00:00,4.920700,83.1100,16.8900
2021-11-14 00:00:00,4.302200,81.1400,18.8600
2021-11-15 00:00:00,5.381600,84.3300,15.6700
2021-11-16 00:00:00,5.180500,83.8200,16.1800
2021-11-17 00:00:00,6.776000,87.1400,12.8600
2021-11-18 00:00:00,5.422600,84.4300,15.5700
2021-11-19 00:00:00,5.199600,83.8700,16.1300
2021-11-20 00:00:00,5.020500,83.3900,16.6100
2021-11-21 00:00:00,4.903200,83.0600,16.9400
2021-11-22 00:00:00,4.586600,82.1000,17.9000
2021-11-23 00:00:00,4.920700,83.1100,16.8900
2021-11-24 00:00:00,4.906700,83.0700,16.9300
2021-11-25 00:00:00,5.020500,83.3900,16.6100
2021-11-26 00:00:00,4.750400,82.6100,17.3900
2021-11-27 00:00:00,5.120000,83.6600,16.3400
2021-11-28 00:00:00,4.698000,82.4500,17.5500
2021-11-29 00:00:00,4.455500,81.6700,18.3300
2021-11-30 00:00:00,3.773300,79.0500,20.9500
2021-12-01 00:00:00,3.345900,76.9900,23.0100
2021-12-02 00:00:00,3.849700,79.3800,20.6200
2021-12-03 00:00:00,4.540200,81.9500,18.0500
2021-12-04 00:00:00,5.071600,83.5300,16.4700
2021-12-05 00:00:00,5.135000,83.7000,16.3000
2021-12-06 00:00:00,2.821200,73.8300,26.1700
2021-12-07 00:00:00,2.604900,72.2600,27.7400
2021-12-08 00:00:00,2.397900,70.5700,29.4300
2021-12-09 00:00:00,2.580400,72.0700,27.9300
2021-12-10 00:00:00,2.619300,72.3700,27.6300
2021-12-11 00:00:00,2.837300,73.9400,26.0600
2021-12-12 00:00:00,2.640300,72.5300,27.4700
2021-12-13 00:00:00,2.275500,69.4700,30.5300
2021-12-14 00:00:00,2.260500,69.3300,30.6700
2021-12-15 00:00:00,3.175400,76.0500,23.9500
2021-12-16 00:00:00,2.828500,73.8800,26.1200
2021-12-17 00:00:00,1.964700,66.2700,33.7300
2021-12-18 00:00:00,2.096900,67.7100,32.2900
2021-12-19 00:00:00,2.563800,71.9400,28.0600
2021-12-20 00:00:00,0.620000,38.2700,61.7300
2021-12-21 00:00:00,0.780000,43.8200,56.1800
2021-12-22 00:00:00,1.405600,58.4300,41.5700
2021-12-23 00:00:00,1.923100,65.7900,34.2100
2021-12-24 00:00:00,1.698300,62.9400,37.0600
2021-12-25 00:00:00,2.118200,67.9300,32.0700
2021-12-26 00:00:00,2.758000,73.3900,26.6100
2021-12-27 00:00:00,2.769300,73.4700,26.5300
2021-12-28 00:00:00,3.401400,77.2800,22.7200
2021-12-29 00:00:00,3.144200,75.8700,24.1300
2021-12-30 00:00:00,3.123700,75.7500,24.2500
2021-12-31 00:00:00,3.629600,78.4000,21.6000
2022-01-01 00:00:00,2.901700,74.3700,25.6300
2022-01-02 00:00:00,3.458300,77.5700,22.4300
2022-01-03 00:00:00,3.046900,75.2900,24.7100
2022-01-04 00:00:00,2.546100,71.8000,28.2000
2022-01-05 00:00:00,3.703700,78.7400,21.2600
2022-01-06 00:00:00,2.448300,71.0000,29.0000
2022-01-07 00:00:00,3.873300,79.4800,20.5200
2022-01-08 00:00:00,2.592000,72.1600,27.8400
2022-01-09 00:00:00,2.818300,73.8100,26.1900
2022-01-10 00:00:00,2.837300,73.9400,26.0600
2022-01-11 00:00:00,2.336700,70.0300,29.9700
2022-01-12 00:00:00,2.384100,70.4500,29.5500
2022-01-13 00:00:00,2.287300,69.5800,30.4200
2022-01-14 00:00:00,2.033100,67.0300,32.9700
2022-01-15 00:00:00,3.310300,76.8000,23.2000
2022-01-16 00:00:00,4.107300,80.4200,19.5800
2022-01-17 00:00:00,3.683800,78.6500,21.3500
2022-01-18 00:00:00,3.935800,79.7400,20.2600
2022-01-19 00:00:00,3.366800,77.1000,22.9000
2022-01-20 00:00:00,3.042000,75.2600,24.7400
2022-01-21 00:00:00,2.343400,70.0900,29.9100
2022-01-22 00:00:00,2.750900,73.3400,26.6600
2022-01-23 00:00:00,2.843200,73.9800,26.0200
2022-01-24 00:00:00,2.253100,69.2600,30.7400
2022-01-25 00:00:00,2.404800,70.6300,29.3700
2022-01-26 00:00:00,2.315600,69.8400,30.1600
2022-01-27 00:00:00,2.077900,67.5100,32.4900
2022-01-28 00:00:00,2.436400,70.9000,29.1000
2022-01-29 00:00:00,2.404800,70.6300,29.3700
2022-01-30 00:00:00,2.350100,70.1500,29.8500
2022-01-31 00:00:00,2.127000,68.0200,31.9800
2022-02-01 00:00:00,2.598400,72.2100,27.7900
2022-02-02 00:00:00,2.320100,69.8800,30.1200
2022-02-03 00:00:00,2.289500,69.6000,30.4000
2022-02-04 00:00:00,2.379500,70.4100,29.5900
2022-02-05 00:00:00,1.194900,54.4400,45.5600
2022-02-06 00:00:00,1.064400,51.5600,48.4400
2022-02-07 00:00:00,1.458200,59.3200,40.6800
2022-02-08 00:00:00,1.809000,64.4000,35.6000
2022-02-09 00:00:00,2.095000,67.6900,32.3100
2022-02-10 00:00:00,2.098900,67.7300,32.2700
2022-02-11 00:00:00,1.995800,66.6200,33.3800
2022-02-12 00:00:00,2.145600,68.2100,31.7900
2022-02-13 00:00:00,2.192800,68.6800,31.3200
2022-02-14 00:00:00,2.388700,70.4900,29.5100
2022-02-15 00:00:00,2.151600,68.2700,31.7300
2022-02-16 00:00:00,1.260400,55.7600,44.2400
2022-02-17 00:00:00,1.236100,55.2800,44.7200
2022-02-18 00:00:00,1.604200,61.6000,38.4000
2022-02-19 00:00:00,2.285200,69.5600,30.4400
2022-02-20 00:00:00,2.362500,70.2600,29.7400
2022-02-21 00:00:00,2.214400,68.8900,31.1100
2022-02-22 00:00:00,2.537300,71.7300,28.2700
2022-02-23 00:00:00,2.006600,66.7400,33.2600
2022-02-24 00:00:00,0.595700,37.3300,62.6700
2022-02-25 00:00:00,1.025900,50.6400,49.3600
2022-02-26 00:00:00,1.588000,61.3600,38.6400
2022-02-27 00:00:00,1.767000,63.8600,36.1400
2022-02-28 00:00:00,1.645500,62.2000,37.8000
2022-03-01 00:00:00,1.940300,65.9900,34.0100
2022-03-02 00:00:00,1.875200,65.2200,34.7800
2022-03-03 00:00:00,2.115300,67.9000,32.1000
2022-03-04 00:00:00,2.409500,70.6700,29.3300
2022-03-05 00:00:00,1.881800,65.3000,34.7000
2022-03-06 00:00:00,2.376100,70.3800,29.6200
2022-03-07 00:00:00,2.242500,69.1600,30.8400
2022-03-08 00:00:00,1.994900,66.6100,33.3900
2022-03-09 00:00:00,1.876000,65.2300,34.7700
2022-03-10 00:00:00,2.449500,71.0100,28.9900
2022-03-11 00:00:00,2.427000,70.8200,29.1800
2022-03-12 00:00:00,1.554300,60.8500,39.1500
2022-03-13 00:00:00,2.612700,72.3200,27.6800
2022-03-14 00:00:00,2.741100,73.2700,26.7300
2022-03-15 00:00:00,3.068300,75.4200,24.5800
2022-03-16 00:00:00,3.201700,76.2000,23.8000
2022-03-17 00:00:00,3.113500,75.6900,24.3100
2022-03-18 00:00:00,3.065000,75.4000,24.6000
2022-03-19 00:00:00,2.721600,73.1300,26.8700
2022-03-20 00:00:00,2.713300,73.0700,26.9300
2022-03-21 00:00:00,2.562500,71.9300,28.0700
2022-03-22 00:00:00,2.505100,71.4700,28.5300
2022-03-23 00:00:00,2.894100,74.3200,25.6800
2022-03-24 00:00:00,2.783600,73.5700,26.4300
2022-03-25 00:00:00,3.001600,75.0100,24.9900
2022-03-26 00:00:00,3.111800,75.6800,24.3200
2022-03-27 00:00:00,2.592000,72.1600,27.8400
2022-03-28 00:00:00,2.809500,73.7500,26.2500
2022-03-29 00:00:00,2.465000,71.1400,28.8600
2022-03-30 00:00:00,2.432900,70.8700,29.1300
2022-03-31 00:00:00,2.621900,72.3900,27.6100
2022-04-01 00:00:00,3.257100,76.5100,23.4900
2022-04-02 00:00:00,3.597700,78.2500,21.7500
2022-04-03 00:00:00,3.378300,77.1600,22.8400
2022-04-05 00:00:00,3.088300,75.5400,24.4600
2022-04-06 00:00:00,3.486300,77.7100,22.2900
2022-04-09 00:00:00,3.570400,78.1200,21.8800
2022-04-10 00:00:00,3.403300,77.2900,22.7100
2022-04-11 00:00:00,3.543400,77.9900,22.0100
2022-04-12 00:00:00,3.450400,77.5300,22.4700
2022-04-13 00:00:00,3.847300,79.3700,20.6300
2022-04-14 00:00:00,4.257600,80.9800,19.0200
2022-04-15 00:00:00,4.546300,81.9700,18.0300
2022-04-16 00:00:00,4.521800,81.8900,18.1100
2022-04-17 00:00:00,4.841100,82.8800,17.1200
2022-04-18 00:00:00,4.780300,82.7000,17.3000
2022-04-19 00:00:00,4.824100,82.8300,17.1700
2022-04-20 00:00:00,4.711000,82.4900,17.5100
2022-04-21 00:00:00,4.717600,82.5100,17.4900
2022-04-22 00:00:00,4.770300,82.6700,17.3300
2022-04-23 00:00:00,4.624300,82.2200,17.7800
2022-04-24 00:00:00,4.633800,82.2500,17.7500
2022-04-25 00:00:00,4.760400,82.6400,17.3600
2022-04-26 00:00:00,4.241100,80.9200,19.0800
2022-04-27 00:00:00,4.379200,81.4100,18.5900
2022-04-28 00:00:00,3.948000,79.7900,20.2100
2022-05-01 00:00:00,4.160000,80.6200,19.3800
2022-05-02 00:00:00,3.460300,77.5800,22.4200
2022-05-03 00:00:00,3.990000,79.9600,20.0400
2022-05-04 00:00:00,3.897200,79.5800,20.4200
2022-05-05 00:00:00,3.526900,77.9100,22.0900
2022-05-06 00:00:00,3.766400,79.0200,20.9800
2022-05-07 00:00:00,4.885800,83.0100,16.9900
2022-05-08 00:00:00,4.488500,81.7800,18.2200
2022-05-09 00:00:00,4.356200,81.3300,18.6700
2022-05-10 00:00:00,4.189400,80.7300,19.2700
2022-05-13 00:00:00,2.007500,66.7500,33.2500
2022-05-14 00:00:00,1.862900,65.0700,34.9300
2022-05-15 00:00:00,1.852300,64.9400,35.0600
2022-05-16 00:00:00,1.984200,66.4900,33.5100
2022-05-17 00:00:00,1.816900,64.5000,35.5000
2022-05-18 00:00:00,1.673100,62.5900,37.4100
2022-05-19 00:00:00,1.583300,61.2900,38.7100
2022-05-20 00:00:00,1.632300,62.0100,37.9900
2022-05-21 00:00:00,1.508200,60.1300,39.8700
2022-05-22 00:00:00,1.707800,63.0700,36.9300
2022-05-23 00:00:00,1.788600,64.1400,35.8600
2022-05-24 00:00:00,2.209200,68.8400,31.1600
2022-05-25 00:00:00,1.843300,64.8300,35.1700
2022-05-26 00:00:00,1.859600,65.0300,34.9700
2022-05-27 00:00:00,1.745700,63.5800,36.4200
2022-05-28 00:00:00,1.744200,63.5600,36.4400
2022-05-29 00:00:00,1.859600,65.0300,34.9700
2022-05-30 00:00:00,1.799600,64.2800,35.7200
2022-05-31 00:00:00,1.991300,66.5700,33.4300
2022-06-01 00:00:00,2.058100,67.3000,32.7000
2022-06-02 00:00:00,2.384100,70.4500,29.5500
2022-06-03 00:00:00,2.066500,67.3900,32.6100
2022-06-04 00:00:00,2.251000,69.2400,30.7600
2022-06-05 00:00:00,2.310200,69.7900,30.2100
2022-06-06 00:00:00,2.008400,66.7600,33.2400
2022-06-07 00:00:00,1.940300,65.9900,34.0100
2022-06-08 00:00:00,1.710000,63.1000,36.9000
2022-06-09 00:00:00,2.148600,68.2400,31.7600
2022-06-10 00:00:00,2.582900,72.0900,27.9100
2022-06-11 00:00:00,2.631100,72.4600,27.5400
2022-06-12 00:00:00,2.713300,73.0700,26.9300
2022-06-13 00:00:00,1.908700,65.6200,34.3800
2022-06-14 00:00:00,1.854700,64.9700,35.0300
2022-06-15 00:00:00,1.770900,63.9100,36.0900
2022-06-16 00:00:00,1.919700,65.7500,34.2500
2022-06-17 00:00:00,2.181700,68.5700,31.4300
2022-06-18 00:00:00,1.850600,64.9200,35.0800
2022-06-19 00:00:00,1.696900,62.9200,37.0800
2022-06-20 00:00:00,1.930800,65.8800,34.1200
2022-06-21 00:00:00,1.949000,66.0900,33.9100
2022-06-22 00:00:00,1.731500,63.3900,36.6100
2022-06-23 00:00:00,1.891800,65.4200,34.5800
2022-06-24 00:00:00,2.003000,66.7000,33.3000
2022-06-25 00:00:00,2.340000,70.0600,29.9400
2022-06-26 00:00:00,2.524900,71.6300,28.3700
2022-06-27 00:00:00,2.454200,71.0500,28.9500
2022-06-28 00:00:00,2.691400,72.9100,27.0900
2022-06-29 00:00:00,2.320100,69.8800,30.1200
2022-06-30 00:00:00,2.455400,71.0600,28.9400
2022-07-01 00:00:00,2.703700,73.0000,27.0000
2022-07-02 00:00:00,2.533600,71.7000,28.3000
2022-07-03 00:00:00,2.765100,73.4400,26.5600
2022-07-04 00:00:00,2.287300,69.5800,30.4200
2022-07-05 00:00:00,2.190800,68.6600,31.3400
2022-07-06 00:00:00,2.558700,71.9000,28.1000
2022-07-07 00:00:00,2.444700,70.9700,29.0300
2022-07-08 00:00:00,2.127000,68.0200,31.9800
2022-07-09 00:00:00,2.126000,68.0100,31.9900
2022-07-10 00:00:00,2.361300,70.2500,29.7500
2022-07-11 00:00:00,2.212300,68.8700,31.1300
2022-07-12 00:00:00,2.262600,69.3500,30.6500
2022-07-13 00:00:00,2.407200,70.6500,29.3500
2022-07-14 00:00:00,2.248900,69.2200,30.7800
2022-07-15 00:00:00,2.305800,69.7500,30.2500
2022-07-16 00:00:00,2.221600,68.9600,31.0400
2022-07-17 00:00:00,2.076000,67.4900,32.5100
2022-07-18 00:00:00,1.870300,65.1600,34.8400
2022-07-19 00:00:00,1.967400,66.3000,33.7000
2022-07-20 00:00:00,2.148600,68.2400,31.7600
2022-07-21 00:00:00,1.940300,65.9900,34.0100
2022-07-22 00:00:00,1.806600,64.3700,35.6300
2022-07-23 00:00:00,2.081700,67.5500,32.4500
2022-07-24 00:00:00,2.294900,69.6500,30.3500
2022-07-25 00:00:00,2.097900,67.7200,32.2800
2022-07-26 00:00:00,1.530400,60.4800,39.5200
2022-07-27 00:00:00,2.139700,68.1500,31.8500
2022-07-28 00:00:00,1.990400,66.5600,33.4400
2022-07-29 00:00:00,2.055300,67.2700,32.7300
2022-07-30 00:00:00,2.146600,68.2200,31.7800
2022-07-31 00:00:00,2.171600,68.4700,31.5300
2022-08-01 00:00:00,2.107500,67.8200,32.1800
2022-08-02 00:00:00,2.230000,69.0400,30.9600
2022-08-03 00:00:00,2.598400,72.2100,27.7900
2022-08-04 00:00:00,2.276500,69.4800,30.5200
2022-08-05 00:00:00,2.275500,69.4700,30.5300
2022-08-06 00:00:00,2.467400,71.1600,28.8400
2022-08-07 00:00:00,2.968300,74.8000,25.2000
2022-08-08 00:00:00,2.561300,71.9200,28.0800
2022-08-09 00:00:00,3.159700,75.9600,24.0400
2022-08-10 00:00:00,3.266200,76.5600,23.4400
2022-08-11 00:00:00,3.340300,76.9600,23.0400
2022-08-12 00:00:00,2.903200,74.3800,25.6200
2022-08-13 00:00:00,2.325600,69.9300,30.0700
2022-08-14 00:00:00,2.496500,71.4000,28.6000
2022-08-15 00:00:00,2.364700,70.2800,29.7200
2022-08-16 00:00:00,3.016100,75.1000,24.9000
2022-08-17 00:00:00,3.418900,77.3700,22.6300
2022-08-18 00:00:00,3.568300,78.1100,21.8900
2022-08-19 00:00:00,3.342200,76.9700,23.0300
2022-08-20 00:00:00,3.368700,77.1100,22.8900
2022-08-21 00:00:00,2.930800,74.5600,25.4400
2022-08-22 00:00:00,2.643000,72.5500,27.4500
2022-08-23 00:00:00,2.699600,72.9700,27.0300
2022-08-24 00:00:00,2.500200,71.4300,28.5700
2022-08-25 00:00:00,2.645600,72.5700,27.4300
2022-08-26 00:00:00,2.679200,72.8200,27.1800
2022-08-27 00:00:00,2.645600,72.5700,27.4300
2022-08-28 00:00:00,2.570200,71.9900,28.0100
2022-08-29 00:00:00,2.649600,72.6000,27.4000
2022-08-30 00:00:00,2.417600,70.7400,29.2600
2022-08-31 00:00:00,2.505100,71.4700,28.5300
2022-09-01 00:00:00,2.717500,73.1000,26.9000
2022-09-02 00:00:00,2.225800,69.0000,31.0000
2022-09-03 00:00:00,2.619300,72.3700,27.6300
2022-09-04 00:00:00,2.818300,73.8100,26.1900
2022-09-05 00:00:00,3.235500,76.3900,23.6100
2022-09-06 00:00:00,3.748300,78.9400,21.0600
2022-09-07 00:00:00,3.323400,76.8700,23.1300
2022-09-08 00:00:00,2.783600,73.5700,26.4300
2022-09-09 00:00:00,2.797900,73.6700,26.3300
2022-09-10 00:00:00,2.844700,73.9900,26.0100
2022-09-11 00:00:00,2.057200,67.2900,32.7100
2022-09-12 00:00:00,2.431700,70.8600,29.1400
2022-09-13 00:00:00,2.413000,70.7000,29.3000
2022-09-14 00:00:00,1.241600,55.3900,44.6100
2022-09-15 00:00:00,2.522400,71.6100,28.3900
2022-09-16 00:00:00,2.472200,71.2000,28.8000
2022-09-17 00:00:00,2.447100,70.9900,29.0100
2022-09-18 00:00:00,3.043700,75.2700,24.7300
2022-09-19 00:00:00,3.086600,75.5300,24.4700
2022-09-20 00:00:00,2.725800,73.1600,26.8400
2022-09-21 00:00:00,2.681900,72.8400,27.1600
2022-09-22 00:00:00,2.590700,72.1500,27.8500
2022-09-23 00:00:00,2.508800,71.5000,28.5000
2022-09-24 00:00:00,2.460200,71.1000,28.9000
2022-09-25 00:00:00,2.483100,71.2900,28.7100
2022-09-26 00:00:00,2.166600,68.4200,31.5800
2022-09-27 00:00:00,2.672400,72.7700,27.2300
2022-09-28 00:00:00,2.766500,73.4500,26.5500
2022-09-29 00:00:00,2.775000,73.5100,26.4900
2022-09-30 00:00:00,2.853600,74.0500,25.9500
2022-10-01 00:00:00,2.648300,72.5900,27.4100
2022-10-02 00:00:00,2.592000,72.1600,27.8400
2022-10-03 00:00:00,2.462600,71.1200,28.8800
2022-10-04 00:00:00,2.709200,73.0400,26.9600
2022-10-05 00:00:00,2.735500,73.2300,26.7700
2022-10-06 00:00:00,2.651000,72.6100,27.3900
2022-10-07 00:00:00,2.834400,73.9200,26.0800
2022-10-08 00:00:00,2.488000,71.3300,28.6700
2022-10-09 00:00:00,1.487600,59.8000,40.2000
2022-10-10 00:00:00,1.569400,61.0800,38.9200
2022-10-11 00:00:00,1.464300,59.4200,40.5800
2022-10-12 00:00:00,1.979700,66.4400,33.5600
2022-10-13 00:00:00,0.760900,43.2100,56.7900
2022-10-14 00:00:00,0.421900,29.6700,70.3300
2022-10-15 00:00:00,1.181000,54.1500,45.8500
2022-10-16 00:00:00,1.794100,64.2100,35.7900
2022-10-17 00:00:00,2.041400,67.1200,32.8800
2022-10-18 00:00:00,2.128900,68.0400,31.9600
2022-10-19 00:00:00,1.928300,65.8500,34.1500
2022-10-20 00:00:00,2.105600,67.8000,32.2000
2022-10-21 00:00:00,2.343400,70.0900,29.9100
2022-10-22 00:00:00,2.349000,70.1400,29.8600
2022-10-23 00:00:00,2.256300,69.2900,30.7100
2022-10-24 00:00:00,2.156600,68.3200,31.6800
2022-10-25 00:00:00,2.117200,67.9200,32.0800
2022-10-26 00:00:00,2.743900,73.2900,26.7100
2022-10-27 00:00:00,2.399000,70.5800,29.4200
2022-10-28 00:00:00,2.903200,74.3800,25.6200
2022-10-29 00:00:00,2.717500,73.1000,26.9000
2022-10-30 00:00:00,2.483100,71.2900,28.7100
2022-10-31 00:00:00,2.463800,71.1300,28.8700
2022-11-01 00:00:00,2.699600,72.9700,27.0300
2022-11-02 00:00:00,2.511200,71.5200,28.4800
2022-11-03 00:00:00,3.212300,76.2600,23.7400
2022-11-04 00:00:00,2.610100,72.3000,27.7000
2022-11-05 00:00:00,2.987200,74.9200,25.0800
2022-11-06 00:00:00,2.780700,73.5500,26.4500
2022-11-07 00:00:00,3.042000,75.2600,24.7400
2022-11-08 00:00:00,3.030600,75.1900,24.8100
2022-11-09 00:00:00,3.728100,78.8500,21.1500
2022-11-10 00:00:00,2.640300,72.5300,27.4700
2022-11-11 00:00:00,2.529800,71.6700,28.3300
2022-11-12 00:00:00,2.363600,70.2700,29.7300
2022-11-13 00:00:00,2.599700,72.2200,27.7800
2022-11-14 00:00:00,2.538600,71.7400,28.2600
2022-11-15 00:00:00,2.411800,70.6900,29.3100
2022-11-16 00:00:00,2.400200,70.5900,29.4100
2022-11-17 00:00:00,2.059000,67.3100,32.6900
2022-11-18 00:00:00,2.187800,68.6300,31.3700
2022-11-19 00:00:00,1.684600,62.7500,37.2500
2022-11-20 00:00:00,2.365900,70.2900,29.7100
2022-11-21 00:00:00,2.121100,67.9600,32.0400
2022-11-22 00:00:00,2.397900,70.5700,29.4300
2022-11-23 00:00:00,2.289500,69.6000,30.4000
2022-11-24 00:00:00,2.581700,72.0800,27.9200
2022-11-25 00:00:00,2.393300,70.5300,29.4700
2022-11-26 00:00:00,1.984200,66.4900,33.5100
2022-11-27 00:00:00,1.896900,65.4800,34.5200
2022-11-28 00:00:00,1.962100,66.2400,33.7600
2022-11-29 00:00:00,1.726300,63.3200,36.6800
2022-11-30 00:00:00,2.128900,68.0400,31.9600
2022-12-01 00:00:00,2.134800,68.1000,31.9000
2022-12-02 00:00:00,2.079800,67.5300,32.4700
2022-12-03 00:00:00,2.249900,69.2300,30.7700
2022-12-04 00:00:00,2.684600,72.8600,27.1400
2022-12-05 00:00:00,3.158000,75.9500,24.0500
2022-12-06 00:00:00,3.462300,77.5900,22.4100
2022-12-07 00:00:00,2.763600,73.4300,26.5700
2022-12-08 00:00:00,2.898600,74.3500,25.6500
2022-12-09 00:00:00,3.264400,76.5500,23.4500
2022-12-10 00:00:00,2.776400,73.5200,26.4800
2022-12-11 00:00:00,2.483100,71.2900,28.7100
2022-12-12 00:00:00,2.099800,67.7400,32.2600
2022-12-13 00:00:00,2.112400,67.8700,32.1300
2022-12-14 00:00:00,2.789300,73.6100,26.3900
2022-12-15 00:00:00,2.687300,72.8800,27.1200
2022-12-16 00:00:00,2.811000,73.7600,26.2400
2022-12-17 00:00:00,3.187600,76.1200,23.8800
2022-12-18 00:00:00,3.359200,77.0600,22.9400
2022-12-19 00:00:00,3.127100,75.7700,24.2300
2022-12-20 00:00:00,1.856300,64.9900,35.0100
2022-12-21 00:00:00,3.113500,75.6900,24.3100
2022-12-22 00:00:00,2.827000,73.8700,26.1300
2022-12-23 00:00:00,2.364700,70.2800,29.7200
2022-12-24 00:00:00,2.178600,68.5400,31.4600
2022-12-25 00:00:00,2.035800,67.0600,32.9400
2022-12-26 00:00:00,1.919700,65.7500,34.2500
2022-12-27 00:00:00,2.076000,67.4900,32.5100
2022-12-28 00:00:00,2.079800,67.5300,32.4700
2022-12-29 00:00:00,2.460200,71.1000,28.9000
2022-12-30 00:00:00,2.736900,73.2400,26.7600
2022-12-31 00:00:00,3.610400,78.3100,21.6900
2023-01-01 00:00:00,4.058200,80.2300,19.7700
2023-01-02 00:00:00,3.372500,77.1300,22.8700
2023-01-03 00:00:00,2.224800,68.9900,31.0100
2023-01-04 00:00:00,2.375000,70.3700,29.6300
2023-01-05 00:00:00,2.808100,73.7400,26.2600
2023-01-06 00:00:00,3.108500,75.6600,24.3400
2023-01-07 00:00:00,2.873000,74.1800,25.8200
2023-01-08 00:00:00,2.775000,73.5100,26.4900
2023-01-09 00:00:00,2.238300,69.1200,30.8800
2023-01-10 00:00:00,1.939400,65.9800,34.0200
2023-01-11 00:00:00,1.659600,62.4000,37.6000
2023-01-12 00:00:00,1.757100,63.7300,36.2700
2023-01-13 00:00:00,1.883500,65.3200,34.6800
2023-01-14 00:00:00,1.703400,63.0100,36.9900
2023-01-15 00:00:00,1.639200,62.1100,37.8900
2023-01-16 00:00:00,1.751000,63.6500,36.3500
2023-01-17 00:00:00,2.115300,67.9000,32.1000
2023-01-18 00:00:00,1.770100,63.9000,36.1000
2023-01-19 00:00:00,1.791000,64.1700,35.8300
2023-01-20 00:00:00,1.589300,61.3800,38.6200
2023-01-21 00:00:00,0.859100,46.2100,53.7900
2023-01-22 00:00:00,0.703300,41.2900,58.7100
2023-01-23 00:00:00,1.180500,54.1400,45.8600
2023-01-24 00:00:00,1.486900,59.7900,40.2100
2023-01-25 00:00:00,1.730700,63.3800,36.6200
2023-01-26 00:00:00,1.979700,66.4400,33.5600
2023-01-27 00:00:00,1.978900,66.4300,33.5700
2023-01-28 00:00:00,1.931700,65.8900,34.1100
2023-01-29 00:00:00,1.901900,65.5400,34.4600
2023-01-30 00:00:00,2.093100,67.6700,32.3300
2023-01-31 00:00:00,2.055300,67.2700,32.7300
2023-02-01 00:00:00,2.344500,70.1000,29.9000
2023-02-02 00:00:00,2.381800,70.4300,29.5700
2023-02-03 00:00:00,1.767800,63.8700,36.1300
2023-02-04 00:00:00,2.078800,67.5200,32.4800
2023-02-05 00:00:00,1.760100,63.7700,36.2300
2023-02-06 00:00:00,1.994900,66.6100,33.3900
2023-02-07 00:00:00,2.379500,70.4100,29.5900
2023-02-08 00:00:00,2.461400,71.1100,28.8900
2023-02-09 00:00:00,2.543600,71.7800,28.2200
2023-02-10 00:00:00,2.599700,72.2200,27.7800
2023-02-11 00:00:00,2.296000,69.6600,30.3400
2023-02-12 00:00:00,1.038700,50.9500,49.0500
2023-02-13 00:00:00,0.843300,45.7500,54.2500
2023-02-14 00:00:00,1.046200,51.1300,48.8700
2023-02-15 00:00:00,1.357400,57.5800,42.4200
2023-02-16 00:00:00,1.467900,59.4800,40.5200
2023-02-17 00:00:00,1.645500,62.2000,37.8000
2023-02-18 00:00:00,1.850600,64.9200,35.0800
2023-02-19 00:00:00,2.178600,68.5400,31.4600
2023-02-20 00:00:00,2.160600,68.3600,31.6400
2023-02-21 00:00:00,2.298200,69.6800,30.3200
2023-02-22 00:00:00,2.659000,72.6700,27.3300
2023-02-23 00:00:00,2.946300,74.6600,25.3400
2023-02-24 00:00:00,2.805200,73.7200,26.2800
2023-02-25 00:00:00,3.096700,75.5900,24.4100
2023-02-26 00:00:00,2.985700,74.9100,25.0900
2023-02-27 00:00:00,2.750900,73.3400,26.6600
2023-02-28 00:00:00,2.767900,73.4600,26.5400
2023-03-01 00:00:00,3.017700,75.1100,24.8900
2023-03-02 00:00:00,2.951000,74.6900,25.3100
2023-03-03 00:00:00,3.192900,76.1500,23.8500
2023-03-04 00:00:00,3.397500,77.2600,22.7400
2023-03-05 00:00:00,3.464300,77.6000,22.4000
2023-03-06 00:00:00,2.927700,74.5400,25.4600
2023-03-07 00:00:00,3.293700,76.7100,23.2900
2023-03-08 00:00:00,3.522800,77.8900,22.1100
2023-03-09 00:00:00,3.490300,77.7300,22.2700
2023-03-10 00:00:00,2.432900,70.8700,29.1300
2023-03-11 00:00:00,2.731300,73.2000,26.8000
2023-03-12 00:00:00,2.337800,70.0400,29.9600
2023-03-13 00:00:00,2.562500,71.9300,28.0700
2023-03-14 00:00:00,2.460200,71.1000,28.9000
2023-03-15 00:00:00,2.175600,68.5100,31.4900
2023-03-16 00:00:00,2.381800,70.4300,29.5700
2023-03-17 00:00:00,2.954100,74.7100,25.2900
2023-03-18 00:00:00,2.750900,73.3400,26.6600
2023-03-19 00:00:00,2.691400,72.9100,27.0900
2023-03-20 00:00:00,2.696900,72.9500,27.0500
2023-03-21 00:00:00,2.913900,74.4500,25.5500
2023-03-22 00:00:00,2.883500,74.2500,25.7500
2023-03-23 00:00:00,2.503900,71.4600,28.5400
2023-03-24 00:00:00,3.106800,75.6500,24.3500
2023-03-25 00:00:00,3.142500,75.8600,24.1400
2023-03-26 00:00:00,3.096700,75.5900,24.4100
2023-03-27 00:00:00,2.772200,73.4900,26.5100
2023-03-28 00:00:00,2.616600,72.3500,27.6500
2023-03-29 00:00:00,2.068400,67.4100,32.5900
2023-03-30 00:00:00,2.351200,70.1600,29.8400
2023-03-31 00:00:00,2.171600,68.4700,31.5300
2023-04-01 00:00:00,2.918500,74.4800,25.5200
2023-04-02 00:00:00,1.704900,63.0300,36.9700
2023-04-03 00:00:00,2.328900,69.9600,30.0400
2023-04-04 00:00:00,2.189800,68.6500,31.3500
2023-04-05 00:00:00,2.557500,71.8900,28.1100
2023-04-06 00:00:00,2.639000,72.5200,27.4800
2023-04-07 00:00:00,3.196400,76.1700,23.8300
2023-04-08 00:00:00,3.492400,77.7400,22.2600
2023-04-09 00:00:00,3.372500,77.1300,22.8700
2023-04-10 00:00:00,3.633900,78.4200,21.5800
2023-04-11 00:00:00,3.683800,78.6500,21.3500
2023-04-12 00:00:00,3.279000,76.6300,23.3700
2023-04-13 00:00:00,3.258900,76.5200,23.4800
2023-04-14 00:00:00,2.996800,74.9800,25.0200
2023-04-15 00:00:00,2.790800,73.6200,26.3800
2023-04-16 00:00:00,2.844700,73.9900,26.0100
2023-04-17 00:00:00,3.537200,77.9600,22.0400
2023-04-18 00:00:00,3.557900,78.0600,21.9400
2023-04-19 00:00:00,4.086500,80.3400,19.6600
2023-04-20 00:00:00,3.878000,79.5000,20.5000
2023-04-21 00:00:00,4.307900,81.1600,18.8400
2023-04-22 00:00:00,2.742500,73.2800,26.7200
2023-04-23 00:00:00,3.053500,75.3300,24.6700
2023-04-24 00:00:00,2.286200,69.5700,30.4300
2023-04-25 00:00:00,2.551100,71.8400,28.1600
2023-04-26 00:00:00,2.855100,74.0600,25.9400
2023-04-27 00:00:00,2.926200,74.5300,25.4700
2023-04-28 00:00:00,2.556200,71.8800,28.1200
2023-04-29 00:00:00,2.802300,73.7000,26.3000
2023-04-30 00:00:00,2.837300,73.9400,26.0600
2023-05-01 00:00:00,3.022500,75.1400,24.8600
2023-05-02 00:00:00,1.233600,55.2300,44.7700
2023-05-03 00:00:00,3.152800,75.9200,24.0800
2023-05-04 00:00:00,3.060100,75.3700,24.6300
2023-05-05 00:00:00,2.979300,74.8700,25.1300
2023-05-06 00:00:00,2.882000,74.2400,25.7600
2023-05-07 00:00:00,3.043700,75.2700,24.7300
2023-05-08 00:00:00,3.004800,75.0300,24.9700
2023-05-09 00:00:00,2.960400,74.7500,25.2500
2023-05-10 00:00:00,2.616600,72.3500,27.6500
2023-05-11 00:00:00,2.589400,72.1400,27.8600
2023-05-12 00:00:00,2.943200,74.6400,25.3600
2023-05-13 00:00:00,2.707800,73.0300,26.9700
2023-05-14 00:00:00,2.808100,73.7400,26.2600
2023-05-15 00:00:00,2.643000,72.5500,27.4500
2023-05-16 00:00:00,2.576500,72.0400,27.9600
2023-05-17 00:00:00,2.516200,71.5600,28.4400
2023-05-18 00:00:00,2.858000,74.0800,25.9200
2023-05-19 00:00:00,2.985700,74.9100,25.0900
2023-05-20 00:00:00,3.106800,75.6500,24.3500
2023-05-21 00:00:00,3.001600,75.0100,24.9900
2023-05-22 00:00:00,3.088300,75.5400,24.4600
2023-05-23 00:00:00,2.867000,74.1400,25.8600
2023-05-24 00:00:00,2.960400,74.7500,25.2500
2023-05-25 00:00:00,2.957300,74.7300,25.2700
2023-05-26 00:00:00,3.042000,75.2600,24.7400
2023-05-27 00:00:00,3.215900,76.2800,23.7200
2023-05-28 00:00:00,2.745300,73.3000,26.7000
2023-05-29 00:00:00,2.566300,71.9600,28.0400
2023-05-30 00:00:00,2.604900,72.2600,27.7400
2023-05-31 00:00:00,2.734100,73.2200,26.7800
2023-06-01 00:00:00,3.035500,75.2200,24.7800
2023-06-02 00:00:00,2.763600,73.4300,26.5700
2023-06-03 00:00:00,2.980900,74.8800,25.1200
2023-06-04 00:00:00,3.468300,77.6200,22.3800
2023-06-05 00:00:00,3.127100,75.7700,24.2300
2023-06-06 00:00:00,3.173600,76.0400,23.9600
2023-06-07 00:00:00,2.227900,69.0200,30.9800
2023-06-08 00:00:00,2.571400,72.0000,28.0000
2023-06-09 00:00:00,2.322300,69.9000,30.1000
2023-06-10 00:00:00,2.475800,71.2300,28.7700
2023-06-11 00:00:00,2.465000,71.1400,28.8600
2023-06-12 00:00:00,1.767800,63.8700,36.1300
2023-06-13 00:00:00,2.031200,67.0100,32.9900
2023-06-14 00:00:00,1.975300,66.3900,33.6100
2023-06-15 00:00:00,1.924000,65.8000,34.2000
2023-06-16 00:00:00,1.870300,65.1600,34.8400
2023-06-17 00:00:00,2.313500,69.8200,30.1800
2023-06-18 00:00:00,1.687400,62.7900,37.2100
2023-06-19 00:00:00,1.729300,63.3600,36.6400
2023-06-20 00:00:00,1.758600,63.7500,36.2500
2023-06-21 00:00:00,1.921400,65.7700,34.2300
2023-06-22 00:00:00,1.414300,58.5800,41.4200
2023-06-23 00:00:00,1.851400,64.9300,35.0700
2023-06-24 00:00:00,1.875200,65.2200,34.7800
2023-06-25 00:00:00,2.106600,67.8100,32.1900
2023-06-26 00:00:00,2.231000,69.0500,30.9500
2023-06-27 00:00:00,2.241500,69.1500,30.8500
2023-06-28 00:00:00,2.553700,71.8600,28.1400
2023-06-29 00:00:00,2.420000,70.7600,29.2400
2023-06-30 00:00:00,1.754800,63.7000,36.3000
2023-07-01 00:00:00,1.967400,66.3000,33.7000
2023-07-02 00:00:00,2.408300,70.6600,29.3400
2023-07-03 00:00:00,2.644300,72.5600,27.4400
2023-07-04 00:00:00,2.598400,72.2100,27.7900
2023-07-05 00:00:00,4.411300,81.5200,18.4800
2023-07-06 00:00:00,2.832900,73.9100,26.0900
2023-07-07 00:00:00,2.772200,73.4900,26.5100
2023-07-08 00:00:00,2.042300,67.1300,32.8700
2023-07-09 00:00:00,2.233100,69.0700,30.9300
2023-07-10 00:00:00,2.538600,71.7400,28.2600
2023-07-11 00:00:00,2.389800,70.5000,29.5000
2023-07-12 00:00:00,2.096900,67.7100,32.2900
2023-07-13 00:00:00,2.205100,68.8000,31.2000
2023-07-14 00:00:00,2.286200,69.5700,30.4300
2023-07-15 00:00:00,2.333300,70.0000,30.0000
2023-07-16 00:00:00,2.566300,71.9600,28.0400
2023-07-17 00:00:00,1.978900,66.4300,33.5700
2023-07-18 00:00:00,2.495300,71.3900,28.6100
2023-07-19 00:00:00,2.381800,70.4300,29.5700
2023-07-20 00:00:00,1.613000,61.7300,38.2700
2023-07-21 00:00:00,1.037900,50.9300,49.0700
2023-07-22 00:00:00,1.263500,55.8200,44.1800
2023-07-23 00:00:00,1.701200,62.9800,37.0200
2023-07-24 00:00:00,1.760900,63.7800,36.2200
2023-07-25 00:00:00,1.832900,64.7000,35.3000
2023-07-26 00:00:00,1.642700,62.1600,37.8400
2023-07-27 00:00:00,1.883500,65.3200,34.6800
2023-07-28 00:00:00,1.934300,65.9200,34.0800
2023-07-29 00:00:00,2.186700,68.6200,31.3800
2023-07-30 00:00:00,1.997600,66.6400,33.3600
2023-07-31 00:00:00,1.805800,64.3600,35.6400
2023-08-01 00:00:00,2.207200,68.8200,31.1800
2023-08-02 00:00:00,2.287300,69.5800,30.4200
2023-08-03 00:00:00,2.394400,70.5400,29.4600
2023-08-04 00:00:00,1.721100,63.2500,36.7500
2023-08-05 00:00:00,1.068700,51.6600,48.3400
2023-08-06 00:00:00,1.381000,58.0000,42.0000
2023-08-07 00:00:00,1.816100,64.4900,35.5100
2023-08-08 00:00:00,1.079900,51.9200,48.0800
2023-08-09 00:00:00,1.468500,59.4900,40.5100
2023-08-10 00:00:00,0.568600,36.2500,63.7500
2023-08-11 00:00:00,0.731600,42.2500,57.7500
2023-08-12 00:00:00,1.213900,54.8300,45.1700
2023-08-13 00:00:00,1.341400,57.2900,42.7100
2023-08-14 00:00:00,1.455200,59.2700,40.7300
2023-08-15 00:00:00,1.457600,59.3100,40.6900
2023-08-16 00:00:00,0.518100,34.1300,65.8700
2023-08-17 00:00:00,0.542500,35.1700,64.8300
2023-08-18 00:00:00,1.198300,54.5100,45.4900
2023-08-19 00:00:00,1.433700,58.9100,41.0900
2023-08-20 00:00:00,1.402100,58.3700,41.6300
2023-08-21 00:00:00,0.965400,49.1200,50.8800
2023-08-22 00:00:00,1.343600,57.3300,42.6700
2023-08-23 00:00:00,1.383800,58.0500,41.9500
2023-08-24 00:00:00,1.590000,61.3900,38.6100
2023-08-25 00:00:00,1.310500,56.7200,43.2800
2023-08-26 00:00:00,1.581300,61.2600,38.7400
2023-08-27 00:00:00,1.403800,58.4000,41.6000
2023-08-28 00:00:00,1.295700,56.4400,43.5600
2023-08-29 00:00:00,1.384400,58.0600,41.9400
2023-08-30 00:00:00,1.600800,61.5500,38.4500
2023-08-31 00:00:00,1.464900,59.4300,40.5700
2023-09-01 00:00:00,1.919700,65.7500,34.2500
2023-09-02 00:00:00,1.553600,60.8400,39.1600
2023-09-03 00:00:00,1.598100,61.5100,38.4900
2023-09-04 00:00:00,1.703400,63.0100,36.9900
2023-09-05 00:00:00,2.000300,66.6700,33.3300
2023-09-06 00:00:00,2.101700,67.7600,32.2400
2023-09-07 00:00:00,2.233100,69.0700,30.9300
2023-09-08 00:00:00,2.199000,68.7400,31.2600
2023-09-09 00:00:00,2.189800,68.6500,31.3500
2023-09-10 00:00:00,2.257300,69.3000,30.7000
2023-09-11 00:00:00,2.331100,69.9800,30.0200
2023-09-12 00:00:00,2.408300,70.6600,29.3400
2023-09-13 00:00:00,2.000300,66.6700,33.3300
2023-09-14 00:00:00,1.906100,65.5900,34.4100
2023-09-15 00:00:00,1.679500,62.6800,37.3200
2023-09-16 00:00:00,1.321800,56.9300,43.0700
2023-09-17 00:00:00,1.797200,64.2500,35.7500
2023-09-18 00:00:00,1.842500,64.8200,35.1800
2023-09-19 00:00:00,1.893500,65.4400,34.5600
2023-09-20 00:00:00,1.769300,63.8900,36.1100
2023-09-21 00:00:00,1.889300,65.3900,34.6100
2023-09-22 00:00:00,2.090200,67.6400,32.3600
2023-09-23 00:00:00,2.233100,69.0700,30.9300
2023-09-24 00:00:00,2.385200,70.4600,29.5400
2023-09-25 00:00:00,2.151600,68.2700,31.7300
2023-09-26 00:00:00,2.435200,70.8900,29.1100
2023-09-27 00:00:00,2.427000,70.8200,29.1800
2023-09-28 00:00:00,2.396700,70.5600,29.4400
2023-09-29 00:00:00,2.121100,67.9600,32.0400
2023-09-30 00:00:00,2.362500,70.2600,29.7400
2023-10-01 00:00:00,2.359100,70.2300,29.7700
2023-10-02 00:00:00,2.369300,70.3200,29.6800
2023-10-03 00:00:00,2.597100,72.2000,27.8000
2023-10-04 00:00:00,1.995800,66.6200,33.3800
2023-10-05 00:00:00,1.867000,65.1200,34.8800
2023-10-06 00:00:00,2.102700,67.7700,32.2300
2023-10-07 00:00:00,2.132800,68.0800,31.9200
2023-10-08 00:00:00,2.271200,69.4300,30.5700
2023-10-09 00:00:00,2.302500,69.7200,30.2800
2023-10-10 00:00:00,2.172600,68.4800,31.5200
2023-10-11 00:00:00,2.182700,68.5800,31.4200
2023-10-12 00:00:00,2.122100,67.9700,32.0300
2023-10-13 00:00:00,2.119200,67.9400,32.0600
2023-10-14 00:00:00,2.194900,68.7000,31.3000
2023-10-15 00:00:00,2.009300,66.7700,33.2300
2023-10-16 00:00:00,2.034000,67.0400,32.9600
2023-10-17 00:00:00,2.325600,69.9300,30.0700
2023-10-18 00:00:00,2.284100,69.5500,30.4500
2023-10-19 00:00:00,2.337800,70.0400,29.9600
2023-10-20 00:00:00,2.217500,68.9200,31.0800
2023-10-21 00:00:00,2.453000,71.0400,28.9600
2023-10-22 00:00:00,1.935100,65.9300,34.0700
2023-10-23 00:00:00,1.798000,64.2600,35.7400
2023-10-24 00:00:00,2.046900,67.1800,32.8200
2023-10-25 00:00:00,2.121100,67.9600,32.0400
2023-10-26 00:00:00,2.321200,69.8900,30.1100
2023-10-27 00:00:00,2.107500,67.8200,32.1800
2023-10-28 00:00:00,2.107500,67.8200,32.1800
2023-10-29 00:00:00,2.409500,70.6700,29.3300
2023-10-30 00:00:00,2.399000,70.5800,29.4200
2023-10-31 00:00:00,2.362500,70.2600,29.7400
2023-11-01 00:00:00,2.360200,70.2400,29.7600
2023-11-02 00:00:00,2.681900,72.8400,27.1600
2023-11-03 00:00:00,2.743900,73.2900,26.7100
2023-11-04 00:00:00,2.679200,72.8200,27.1800
2023-11-05 00:00:00,3.006400,75.0400,24.9600
2023-11-06 00:00:00,3.170100,76.0200,23.9800
2023-11-07 00:00:00,3.368700,77.1100,22.8900
2023-11-08 00:00:00,3.144200,75.8700,24.1300
2023-11-09 00:00:00,3.454300,77.5500,22.4500
2023-11-10 00:00:00,2.835800,73.9300,26.0700
2023-11-11 00:00:00,3.140800,75.8500,24.1500
2023-11-12 00:00:00,2.194900,68.7000,31.3000
2023-11-13 00:00:00,2.709200,73.0400,26.9600
2023-11-14 00:00:00,3.478300,77.6700,22.3300
2023-11-15 00:00:00,3.460300,77.5800,22.4200
2023-11-16 00:00:00,3.249900,76.4700,23.5300
2023-11-17 00:00:00,3.151100,75.9100,24.0900
2023-11-18 00:00:00,3.336500,76.9400,23.0600
2023-11-19 00:00:00,2.492800,71.3700,28.6300
2023-11-20 00:00:00,1.570000,61.0900,38.9100
2023-11-21 00:00:00,2.973000,74.8300,25.1700
2023-11-22 00:00:00,2.358000,70.2200,29.7800
2023-11-23 00:00:00,2.454200,71.0500,28.9500
2023-11-24 00:00:00,2.260500,69.3300,30.6700
2023-11-25 00:00:00,1.996700,66.6300,33.3700
2023-11-26 00:00:00,2.080700,67.5400,32.4600
2023-11-27 00:00:00,2.152600,68.2800,31.7200
2023-11-28 00:00:00,2.069400,67.4200,32.5800
2023-11-29 00:00:00,1.881800,65.3000,34.7000
2023-11-30 00:00:00,1.628800,61.9600,38.0400
2023-12-01 00:00:00,1.451000,59.2000,40.8000
2023-12-02 00:00:00,1.571400,61.1100,38.8900
2023-12-03 00:00:00,1.699800,62.9600,37.0400
2023-12-04 00:00:00,1.617800,61.8000,38.2000
2023-12-05 00:00:00,1.780900,64.0400,35.9600
2023-12-06 00:00:00,1.906100,65.5900,34.4100
2023-12-07 00:00:00,1.782400,64.0600,35.9400
2023-12-08 00:00:00,1.935100,65.9300,34.0700
2023-12-09 00:00:00,1.918900,65.7400,34.2600
2023-12-10 00:00:00,2.252000,69.2500,30.7500
2023-12-11 00:00:00,2.305800,69.7500,30.2500
2023-12-12 00:00:00,2.356800,70.2100,29.7900
2023-12-13 00:00:00,2.691400,72.9100,27.0900
2023-12-14 00:00:00,2.167600,68.4300,31.5700
2023-12-15 00:00:00,2.403700,70.6200,29.3800
2023-12-16 00:00:00,2.144700,68.2000,31.8000
2023-12-17 00:00:00,2.232100,69.0600,30.9400
2023-12-18 00:00:00,2.425800,70.8100,29.1900
2023-12-19 00:00:00,2.486800,71.3200,28.6800
2023-12-20 00:00:00,2.246800,69.2000,30.8000
2023-12-21 00:00:00,1.960300,66.2200,33.7800
2023-12-22 00:00:00,1.899400,65.5100,34.4900
2023-12-23 00:00:00,2.240400,69.1400,30.8600
2023-12-24 00:00:00,2.473400,71.2100,28.7900
2023-12-25 00:00:00,2.562500,71.9300,28.0700
2023-12-26 00:00:00,2.777900,73.5300,26.4700
2023-12-27 00:00:00,3.096700,75.5900,24.4100
2023-12-28 00:00:00,3.438500,77.4700,22.5300
2023-12-29 00:00:00,3.228300,76.3500,23.6500
2023-12-30 00:00:00,3.215900,76.2800,23.7200
2023-12-31 00:00:00,3.063400,75.3900,24.6100
2024-01-01 00:00:00,3.474300,77.6500,22.3500
2024-01-02 00:00:00,3.543400,77.9900,22.0100
2024-01-03 00:00:00,3.038800,75.2400,24.7600
2024-01-04 00:00:00,2.850600,74.0300,25.9700
2024-01-05 00:00:00,3.242700,76.4300,23.5700
2024-01-06 00:00:00,3.304800,76.7700,23.2300
2024-01-07 00:00:00,2.830000,73.8900,26.1100
2024-01-08 00:00:00,3.191100,76.1400,23.8600
2024-01-09 00:00:00,3.196400,76.1700,23.8300
2024-01-10 00:00:00,2.512500,71.5300,28.4700
2024-01-11 00:00:00,2.593200,72.1700,27.8300
2024-01-12 00:00:00,2.416500,70.7300,29.2700
2024-01-13 00:00:00,2.467400,71.1600,28.8400
2024-01-14 00:00:00,2.695500,72.9400,27.0600
2024-01-15 00:00:00,2.469800,71.1800,28.8200
2024-01-16 00:00:00,2.735500,73.2300,26.7700
2024-01-17 00:00:00,2.861000,74.1000,25.9000
2024-01-18 00:00:00,2.940100,74.6200,25.3800
2024-01-19 00:00:00,3.397500,77.2600,22.7400
2024-01-20 00:00:00,3.553700,78.0400,21.9600
2024-01-21 00:00:00,2.858000,74.0800,25.9200
2024-01-22 00:00:00,2.792200,73.6300,26.3700
2024-01-23 00:00:00,2.612700,72.3200,27.6800
2024-01-24 00:00:00,2.552400,71.8500,28.1500
2024-01-25 00:00:00,2.349000,70.1400,29.8600
2024-01-26 00:00:00,2.227900,69.0200,30.9800
2024-01-27 00:00:00,2.117200,67.9200,32.0800
2024-01-28 00:00:00,1.943800,66.0300,33.9700
2024-01-29 00:00:00,1.916300,65.7100,34.2900
2024-01-30 00:00:00,2.069400,67.4200,32.5800
2024-01-31 00:00:00,2.021100,66.9000,33.1000
2024-02-01 00:00:00,2.340000,70.0600,29.9400
2024-02-02 00:00:00,2.844700,73.9900,26.0100
2024-02-03 00:00:00,2.763600,73.4300,26.5700
2024-02-04 00:00:00,2.775000,73.5100,26.4900
2024-02-05 00:00:00,2.879000,74.2200,25.7800
2024-02-06 00:00:00,3.370600,77.1200,22.8800
2024-02-07 00:00:00,3.152800,75.9200,24.0800
2024-02-08 00:00:00,1.876900,65.2400,34.7600
2024-02-09 00:00:00,1.864500,65.0900,34.9100
2024-02-10 00:00:00,1.956800,66.1800,33.8200
2024-02-11 00:00:00,1.993100,66.5900,33.4100
2024-02-12 00:00:00,1.891800,65.4200,34.5800
2024-02-13 00:00:00,2.324500,69.9200,30.0800
2024-02-14 00:00:00,2.168600,68.4400,31.5600
2024-02-15 00:00:00,2.211300,68.8600,31.1400
2024-02-16 00:00:00,2.182700,68.5800,31.4200
2024-02-17 00:00:00,2.748100,73.3200,26.6800
2024-02-18 00:00:00,2.593200,72.1700,27.8300
2024-02-19 00:00:00,2.706400,73.0200,26.9800
2024-02-20 00:00:00,2.664300,72.7100,27.2900
2024-02-21 00:00:00,2.255200,69.2800,30.7200
2024-02-22 00:00:00,2.562500,71.9300,28.0700
2024-02-23 00:00:00,2.990400,74.9400,25.0600
2024-02-24 00:00:00,2.561300,71.9200,28.0800
2024-02-25 00:00:00,3.273500,76.6000,23.4000
2024-02-26 00:00:00,2.705100,73.0100,26.9900
2024-02-27 00:00:00,2.985700,74.9100,25.0900
2024-02-28 00:00:00,2.403700,70.6200,29.3800
2024-02-29 00:00:00,3.386000,77.2000,22.8000
2024-03-01 00:00:00,3.101700,75.6200,24.3800
2024-03-02 00:00:00,4.396700,81.4700,18.5300
2024-03-03 00:00:00,3.587200,78.2000,21.8000
2024-03-04 00:00:00,5.752200,85.1900,14.8100
2024-03-05 00:00:00,4.428900,81.5800,18.4200
2024-03-06 00:00:00,4.219200,80.8400,19.1600
2024-03-07 00:00:00,4.322000,81.2100,18.7900
2024-03-08 00:00:00,3.599800,78.2600,21.7400
2024-03-09 00:00:00,4.605400,82.1600,17.8400
2024-03-10 00:00:00,4.952400,83.2000,16.8000
2024-03-11 00:00:00,5.765900,85.2200,14.7800
2024-03-12 00:00:00,6.645300,86.9200,13.0800
2024-03-13 00:00:00,4.681800,82.4000,17.6000
2024-03-14 00:00:00,5.006000,83.3500,16.6500
2024-03-15 00:00:00,5.684500,85.0400,14.9600
2024-03-16 00:00:00,5.906100,85.5200,14.4800
2024-03-17 00:00:00,4.963000,83.2300,16.7700
2024-03-18 00:00:00,5.844600,85.3900,14.6100
2024-03-19 00:00:00,4.892800,83.0300,16.9700
2024-03-20 00:00:00,4.546300,81.9700,18.0300
2024-03-21 00:00:00,4.770300,82.6700,17.3300
2024-03-22 00:00:00,4.387900,81.4400,18.5600
2024-03-23 00:00:00,4.399600,81.4800,18.5200
2024-03-24 00:00:00,5.053300,83.4800,16.5200
2024-03-25 00:00:00,5.097600,83.6000,16.4000
2024-03-26 00:00:00,4.540200,81.9500,18.0500
2024-03-27 00:00:00,5.381600,84.3300,15.6700
2024-03-28 00:00:00,4.652900,82.3100,17.6900
2024-03-29 00:00:00,5.250000,84.0000,16.0000
2024-03-30 00:00:00,4.558600,82.0100,17.9900
2024-03-31 00:00:00,4.662500,82.3400,17.6600
2024-04-01 00:00:00,5.459900,84.5200,15.4800
2024-04-02 00:00:00,5.273500,84.0600,15.9400
2024-04-03 00:00:00,4.760400,82.6400,17.3600
2024-04-04 00:00:00,4.865100,82.9500,17.0500
2024-04-05 00:00:00,4.834300,82.8600,17.1400
2024-04-06 00:00:00,4.743800,82.5900,17.4100
2024-04-07 00:00:00,4.299400,81.1300,18.8700
2024-04-08 00:00:00,4.213800,80.8200,19.1800
2024-04-09 00:00:00,4.844500,82.8900,17.1100
2024-04-10 00:00:00,4.333300,81.2500,18.7500
2024-04-11 00:00:00,5.574600,84.7900,15.2100
2024-04-12 00:00:00,4.668900,82.3600,17.6400
2024-04-13 00:00:00,4.611700,82.1800,17.8200
2024-04-14 00:00:00,4.048000,80.1900,19.8100
2024-04-15 00:00:00,2.943200,74.6400,25.3600
2024-04-16 00:00:00,2.628400,72.4400,27.5600
2024-04-17 00:00:00,2.862500,74.1100,25.8900
2024-04-18 00:00:00,2.663000,72.7000,27.3000
2024-04-19 00:00:00,2.847600,74.0100,25.9900
2024-04-20 00:00:00,2.661700,72.6900,27.3100
2024-04-21 00:00:00,3.170100,76.0200,23.9800
2024-04-22 00:00:00,2.816800,73.8000,26.2000
2024-04-23 00:00:00,2.582900,72.0900,27.9100
2024-04-24 00:00:00,3.106800,75.6500,24.3500
2024-04-25 00:00:00,0.662800,39.8600,60.1400
2024-04-26 00:00:00,1.632300,62.0100,37.9900
2024-04-27 00:00:00,2.447100,70.9900,29.0100
2024-04-28 00:00:00,3.055200,75.3400,24.6600
2024-04-29 00:00:00,2.927700,74.5400,25.4600
2024-04-30 00:00:00,3.403300,77.2900,22.7100
2024-05-01 00:00:00,3.246300,76.4500,23.5500
2024-05-02 00:00:00,2.328900,69.9600,30.0400
2024-05-03 00:00:00,2.048800,67.2000,32.8000
2024-05-04 00:00:00,2.254100,69.2700,30.7300
2024-05-05 00:00:00,2.248900,69.2200,30.7800
2024-05-06 00:00:00,2.673800,72.7800,27.2200
2024-05-07 00:00:00,2.716100,73.0900,26.9100
2024-05-08 00:00:00,2.721600,73.1300,26.8700
2024-05-09 00:00:00,2.923100,74.5100,25.4900
2024-05-10 00:00:00,2.748100,73.3200,26.6800
2024-05-11 00:00:00,2.453000,71.0400,28.9600
2024-05-12 00:00:00,2.172600,68.4800,31.5200
2024-05-13 00:00:00,2.169600,68.4500,31.5500
2024-05-14 00:00:00,2.640300,72.5300,27.4700
2024-05-15 00:00:00,2.677800,72.8100,27.1900
2024-05-16 00:00:00,2.969800,74.8100,25.1900
2024-05-17 00:00:00,2.567600,71.9700,28.0300
2024-05-18 00:00:00,2.461400,71.1100,28.8900
2024-05-19 00:00:00,2.880500,74.2300,25.7700
2024-05-20 00:00:00,2.745300,73.3000,26.7000
2024-05-21 00:00:00,2.915400,74.4600,25.5400
2024-05-22 00:00:00,2.773600,73.5000,26.5000
2024-05-23 00:00:00,3.088300,75.5400,24.4600
2024-05-24 00:00:00,3.440500,77.4800,22.5200
2024-05-25 00:00:00,3.374500,77.1400,22.8600
2024-05-26 00:00:00,2.806600,73.7300,26.2700
2024-05-27 00:00:00,3.046900,75.2900,24.7100
2024-05-28 00:00:00,3.389800,77.2200,22.7800
2024-05-29 00:00:00,3.444400,77.5000,22.5000
2024-05-30 00:00:00,3.863800,79.4400,20.5600
2024-05-31 00:00:00,4.359100,81.3400,18.6600
2024-06-01 00:00:00,3.878000,79.5000,20.5000
2024-06-02 00:00:00,3.842600,79.3500,20.6500
2024-06-03 00:00:00,3.859100,79.4200,20.5800
2024-06-04 00:00:00,3.926100,79.7000,20.3000
2024-06-05 00:00:00,3.880400,79.5100,20.4900
2024-06-06 00:00:00,4.071000,80.2800,19.7200
2024-06-07 00:00:00,3.555800,78.0500,21.9500
2024-06-08 00:00:00,3.938300,79.7500,20.2500
2024-06-09 00:00:00,3.127100,75.7700,24.2300
2024-06-10 00:00:00,3.090000,75.5500,24.4500
2024-06-11 00:00:00,2.627100,72.4300,27.5700
2024-06-12 00:00:00,2.815300,73.7900,26.2100
2024-06-13 00:00:00,2.837300,73.9400,26.0600
2024-06-14 00:00:00,2.562500,71.9300,28.0700
2024-06-15 00:00:00,2.712000,73.0600,26.9400
2024-06-16 00:00:00,2.543600,71.7800,28.2200
2024-06-17 00:00:00,2.612700,72.3200,27.6800
2024-06-18 00:00:00,2.462600,71.1200,28.8800
2024-06-19 00:00:00,2.713300,73.0700,26.9300
2024-06-20 00:00:00,2.135800,68.1100,31.8900
2024-06-21 00:00:00,1.941200,66.0000,34.0000
2024-06-22 00:00:00,2.141700,68.1700,31.8300
2024-06-23 00:00:00,2.285200,69.5600,30.4400
2024-06-24 00:00:00,2.315600,69.8400,30.1600
2024-06-25 00:00:00,2.485500,71.3100,28.6900
2024-06-26 00:00:00,2.082600,67.5600,32.4400
2024-06-27 00:00:00,2.145600,68.2100,31.7900
2024-06-28 00:00:00,2.427000,70.8200,29.1800
2024-06-29 00:00:00,2.260500,69.3300,30.6700
2024-06-30 00:00:00,2.432900,70.8700,29.1300
2024-07-01 00:00:00,2.395600,70.5500,29.4500
2024-07-02 00:00:00,2.211300,68.8600,31.1400
2024-07-03 00:00:00,2.090200,67.6400,32.3600
2024-07-04 00:00:00,2.167600,68.4300,31.5700
2024-07-05 00:00:00,2.488000,71.3300,28.6700
2024-07-06 00:00:00,2.397900,70.5700,29.4300
2024-07-07 00:00:00,1.953300,66.1400,33.8600
2024-07-08 00:00:00,1.996700,66.6300,33.3700
2024-07-09 00:00:00,1.825700,64.6100,35.3900
2024-07-10 00:00:00,1.886800,65.3600,34.6400
2024-07-11 00:00:00,1.843300,64.8300,35.1700
2024-07-12 00:00:00,1.967400,66.3000,33.7000
2024-07-13 00:00:00,1.994000,66.6000,33.4000
2024-07-14 00:00:00,1.938600,65.9700,34.0300
2024-07-15 00:00:00,1.675900,62.6300,37.3700
2024-07-16 00:00:00,1.871900,65.1800,34.8200
2024-07-17 00:00:00,2.019300,66.8800,33.1200
2024-07-18 00:00:00,2.097900,67.7200,32.2800
2024-07-19 00:00:00,2.289500,69.6000,30.4000
2024-07-20 00:00:00,2.067500,67.4000,32.6000
2024-07-21 00:00:00,2.182700,68.5800,31.4200
2024-07-22 00:00:00,2.252000,69.2500,30.7500
2024-07-23 00:00:00,2.063700,67.3600,32.6400
2024-07-24 00:00:00,2.145600,68.2100,31.7900
2024-07-25 00:00:00,2.259500,69.3200,30.6800
2024-07-26 00:00:00,2.276500,69.4800,30.5200
2024-07-27 00:00:00,2.248900,69.2200,30.7800
2024-07-28 00:00:00,2.337800,70.0400,29.9600
2024-07-29 00:00:00,2.415300,70.7200,29.2800
2024-07-30 00:00:00,2.459000,71.0900,28.9100
2024-07-31 00:00:00,2.441200,70.9400,29.0600
2024-08-01 00:00:00,2.480700,71.2700,28.7300
2024-08-02 00:00:00,2.431700,70.8600,29.1400
2024-08-03 00:00:00,2.243600,69.1700,30.8300
2024-08-04 00:00:00,2.241500,69.1500,30.8500
2024-08-05 00:00:00,2.203100,68.7800,31.2200
2024-08-06 00:00:00,2.323400,69.9100,30.0900
2024-08-07 00:00:00,1.931700,65.8900,34.1100
2024-08-08 00:00:00,2.094100,67.6800,32.3200
2024-08-09 00:00:00,2.080700,67.5400,32.4600
2024-08-10 00:00:00,1.820100,64.5400,35.4600
2024-08-11 00:00:00,1.977100,66.4100,33.5900
2024-08-12 00:00:00,2.161600,68.3700,31.6300
2024-08-13 00:00:00,1.987800,66.5300,33.4700
2024-08-14 00:00:00,2.092100,67.6600,32.3400
2024-08-15 00:00:00,2.081700,67.5500,32.4500
2024-08-16 00:00:00,2.049700,67.2100,32.7900
2024-08-17 00:00:00,2.038600,67.0900,32.9100
2024-08-18 00:00:00,1.916300,65.7100,34.2900
2024-08-19 00:00:00,1.953300,66.1400,33.8600
2024-08-20 00:00:00,2.071300,67.4400,32.5600
2024-08-21 00:00:00,2.076900,67.5000,32.5000
2024-08-22 00:00:00,2.330000,69.9700,30.0300
2024-08-23 00:00:00,2.375000,70.3700,29.6300
2024-08-24 00:00:00,2.300300,69.7000,30.3000
2024-08-25 00:00:00,2.165600,68.4100,31.5900
2024-08-26 00:00:00,2.355700,70.2000,29.8000
2024-08-27 00:00:00,2.381800,70.4300,29.5700
2024-08-28 00:00:00,2.238300,69.1200,30.8800
2024-08-29 00:00:00,2.084500,67.5800,32.4200
2024-08-30 00:00:00,2.179700,68.5500,31.4500
2024-08-31 00:00:00,1.891000,65.4100,34.5900
2024-09-01 00:00:00,2.050600,67.2200,32.7800
2024-09-02 00:00:00,2.079800,67.5300,32.4700
2024-09-03 00:00:00,2.127000,68.0200,31.9800
2024-09-04 00:00:00,2.042300,67.1300,32.8700
2024-09-05 00:00:00,2.046000,67.1700,32.8300
2024-09-06 00:00:00,2.135800,68.1100,31.8900
2024-09-07 00:00:00,1.985100,66.5000,33.5000
2024-09-08 00:00:00,2.113300,67.8800,32.1200
2024-09-09 00:00:00,2.058100,67.3000,32.7000
2024-09-10 00:00:00,2.163600,68.3900,31.6100
2024-09-11 00:00:00,2.180700,68.5600,31.4400
2024-09-12 00:00:00,2.273300,69.4500,30.5500
2024-09-13 00:00:00,2.304700,69.7400,30.2600
2024-09-14 00:00:00,2.384100,70.4500,29.5500
2024-09-15 00:00:00,2.417600,70.7400,29.2600
2024-09-16 00:00:00,2.602300,72.2400,27.7600
2024-09-17 00:00:00,2.469800,71.1800,28.8200
2024-09-18 00:00:00,2.278700,69.5000,30.5000
2024-09-19 00:00:00,2.410600,70.6800,29.3200
2024-09-20 00:00:00,2.444700,70.9700,29.0300
2024-09-21 00:00:00,2.623200,72.4000,27.6000
2024-09-22 00:00:00,2.669700,72.7500,27.2500
2024-09-23 00:00:00,2.652300,72.6200,27.3800
2024-09-24 00:00:00,2.840200,73.9600,26.0400
2024-09-25 00:00:00,2.239400,69.1300,30.8700
2024-09-26 00:00:00,2.615300,72.3400,27.6600
2024-09-27 00:00:00,2.327800,69.9500,30.0500
2024-09-28 00:00:00,2.137700,68.1300,31.8700
2024-09-29 00:00:00,2.300300,69.7000,30.3000
2024-09-30 00:00:00,2.301400,69.7100,30.2900
2024-10-01 00:00:00,2.365900,70.2900,29.7100
2024-10-02 00:00:00,2.457800,71.0800,28.9200
2024-10-03 00:00:00,2.324500,69.9200,30.0800
2024-10-04 00:00:00,2.184700,68.6000,31.4000
2024-10-05 00:00:00,1.941200,66.0000,34.0000
2024-10-06 00:00:00,1.801900,64.3100,35.6900
2024-10-07 00:00:00,2.064700,67.3700,32.6300
2024-10-08 00:00:00,1.959500,66.2100,33.7900
2024-10-09 00:00:00,1.941200,66.0000,34.0000
2024-10-10 00:00:00,2.011100,66.7900,33.2100
2024-10-11 00:00:00,2.078800,67.5200,32.4800
2024-10-12 00:00:00,2.186700,68.6200,31.3800
2024-10-13 00:00:00,2.459000,71.0900,28.9100
2024-10-14 00:00:00,2.410600,70.6800,29.3200
2024-10-15 00:00:00,2.430500,70.8500,29.1500
2024-10-16 00:00:00,2.234200,69.0800,30.9200
2024-10-17 00:00:00,2.278700,69.5000,30.5000
2024-10-18 00:00:00,2.632400,72.4700,27.5300
2024-10-19 00:00:00,2.301400,69.7100,30.2900
2024-10-20 00:00:00,2.253100,69.2600,30.7400
2024-10-21 00:00:00,2.227900,69.0200,30.9800
2024-10-22 00:00:00,2.269000,69.4100,30.5900
2024-10-23 00:00:00,2.566300,71.9600,28.0400
2024-10-24 00:00:00,2.526100,71.6400,28.3600
2024-10-25 00:00:00,2.440000,70.9300,29.0700
2024-10-26 00:00:00,2.430500,70.8500,29.1500
2024-10-27 00:00:00,2.176600,68.5200,31.4800
2024-10-28 00:00:00,2.400200,70.5900,29.4100
2024-10-29 00:00:00,2.365900,70.2900,29.7100
2024-10-30 00:00:00,2.324500,69.9200,30.0800
2024-10-31 00:00:00,2.611400,72.3100,27.6900
2024-11-01 00:00:00,2.575300,72.0300,27.9700
2024-11-02 00:00:00,2.753800,73.3600,26.6400
2024-11-03 00:00:00,2.973000,74.8300,25.1700
2024-11-04 00:00:00,3.004800,75.0300,24.9700
2024-11-05 00:00:00,2.790800,73.6200,26.3800
2024-11-06 00:00:00,2.278700,69.5000,30.5000
2024-11-07 00:00:00,2.030300,67.0000,33.0000
2024-11-08 00:00:00,1.944600,66.0400,33.9600
2024-11-09 00:00:00,2.000300,66.6700,33.3300
2024-11-10 00:00:00,1.738200,63.4800,36.5200
2024-11-11 00:00:00,1.930800,65.8800,34.1200
2024-11-12 00:00:00,2.095000,67.6900,32.3100
2024-11-13 00:00:00,2.291600,69.6200,30.3800
2024-11-14 00:00:00,2.042300,67.1300,32.8700
2024-11-15 00:00:00,1.936000,65.9400,34.0600
2024-11-16 00:00:00,1.694000,62.8800,37.1200
2024-11-17 00:00:00,1.584600,61.3100,38.6900
2024-11-18 00:00:00,1.456400,59.2900,40.7100
2024-11-19 00:00:00,1.726300,63.3200,36.6800
2024-11-20 00:00:00,0.896100,47.2600,52.7400
2024-11-21 00:00:00,1.510000,60.1600,39.8400
2024-11-22 00:00:00,1.905300,65.5800,34.4200
2024-11-23 00:00:00,1.814500,64.4700,35.5300
2024-11-24 00:00:00,1.464300,59.4200,40.5800
2024-11-25 00:00:00,1.621900,61.8600,38.1400
2024-11-26 00:00:00,1.809800,64.4100,35.5900
2024-11-27 00:00:00,1.910400,65.6400,34.3600
2024-11-28 00:00:00,1.782400,64.0600,35.9400
2024-11-29 00:00:00,1.945500,66.0500,33.9500
2024-11-30 00:00:00,1.878500,65.2600,34.7400
2024-12-01 00:00:00,1.501300,60.0200,39.9800
2024-12-02 00:00:00,2.066500,67.3900,32.6100
2024-12-03 00:00:00,1.370800,57.8200,42.1800
2024-12-04 00:00:00,0.960400,48.9900,51.0100
2024-12-05 00:00:00,2.055300,67.2700,32.7300
2024-12-06 00:00:00,3.071700,75.4400,24.5600
2024-12-07 00:00:00,2.977700,74.8600,25.1400
2024-12-08 00:00:00,1.901100,65.5300,34.4700
2024-12-09 00:00:00,2.993600,74.9600,25.0400
2024-12-10 00:00:00,2.772200,73.4900,26.5100
2024-12-11 00:00:00,2.539800,71.7500,28.2500
2024-12-12 00:00:00,2.213400,68.8800,31.1200
2024-12-13 00:00:00,2.475800,71.2300,28.7700
2024-12-14 00:00:00,2.736900,73.2400,26.7600
2024-12-15 00:00:00,2.277600,69.4900,30.5100
2024-12-16 00:00:00,2.652300,72.6200,27.3800
2024-12-17 00:00:00,2.447100,70.9900,29.0100
2024-12-18 00:00:00,2.456600,71.0700,28.9300
2024-12-19 00:00:00,2.714700,73.0800,26.9200
2024-12-20 00:00:00,2.668400,72.7400,27.2600
2024-12-21 00:00:00,2.604900,72.2600,27.7400
2024-12-22 00:00:00,2.275500,69.4700,30.5300
2024-12-23 00:00:00,2.472200,71.2000,28.8000
2024-12-24 00:00:00,2.179700,68.5500,31.4500
2024-12-25 00:00:00,2.298200,69.6800,30.3200
2024-12-26 00:00:00,1.950700,66.1100,33.8900
2024-12-27 00:00:00,2.301400,69.7100,30.2900
2024-12-28 00:00:00,2.608800,72.2900,27.7100
2024-12-29 00:00:00,2.579100,72.0600,27.9400
2024-12-30 00:00:00,2.259500,69.3200,30.6800
2024-12-31 00:00:00,2.428200,70.8300,29.1700
2025-01-01 00:00:00,2.244600,69.1800,30.8200
2025-01-02 00:00:00,2.536100,71.7200,28.2800
2025-01-03 00:00:00,2.146600,68.2200,31.7800
2025-01-04 00:00:00,2.572700,72.0100,27.9900
2025-01-05 00:00:00,2.503900,71.4600,28.5400
2025-01-06 00:00:00,2.853600,74.0500,25.9500
2025-01-07 00:00:00,2.777900,73.5300,26.4700
2025-01-08 00:00:00,2.739700,73.2600,26.7400
2025-01-09 00:00:00,3.086600,75.5300,24.4700
2025-01-10 00:00:00,2.738300,73.2500,26.7500
2025-01-11 00:00:00,2.680500,72.8300,27.1700
2025-01-12 00:00:00,2.557500,71.8900,28.1100
2025-01-13 00:00:00,2.590700,72.1500,27.8500
2025-01-14 00:00:00,2.533600,71.7000,28.3000
2025-01-15 00:00:00,2.262600,69.3500,30.6500
2025-01-16 00:00:00,2.322300,69.9000,30.1000
2025-01-17 00:00:00,2.409500,70.6700,29.3300
2025-01-18 00:00:00,1.434300,58.9200,41.0800
2025-01-19 00:00:00,1.849000,64.9000,35.1000
2025-01-20 00:00:00,2.090200,67.6400,32.3600
2025-01-21 00:00:00,2.783600,73.5700,26.4300
2025-01-22 00:00:00,2.562500,71.9300,28.0700
2025-01-23 00:00:00,2.517400,71.5700,28.4300
2025-01-24 00:00:00,2.468600,71.1700,28.8300
2025-01-25 00:00:00,2.442300,70.9500,29.0500
2025-01-26 00:00:00,2.639000,72.5200,27.4800
2025-01-27 00:00:00,2.333300,70.0000,30.0000
2025-01-28 00:00:00,2.958800,74.7400,25.2600
2025-01-29 00:00:00,2.615300,72.3400,27.6600
2025-01-30 00:00:00,2.707800,73.0300,26.9700
2025-01-31 00:00:00,2.698200,72.9600,27.0400
2025-02-01 00:00:00,2.428200,70.8300,29.1700
2025-02-02 00:00:00,3.091700,75.5600,24.4400
2025-02-03 00:00:00,2.585500,72.1100,27.8900
2025-02-04 00:00:00,2.196900,68.7200,31.2800
2025-02-05 00:00:00,1.924000,65.8000,34.2000
2025-02-06 00:00:00,2.187800,68.6300,31.3700
2025-02-07 00:00:00,1.919700,65.7500,34.2500
2025-02-08 00:00:00,1.749500,63.6300,36.3700
2025-02-09 00:00:00,2.040400,67.1100,32.8900
2025-02-10 00:00:00,1.757100,63.7300,36.2700
2025-02-11 00:00:00,1.807400,64.3800,35.6200
2025-02-12 00:00:00,1.777800,64.0000,36.0000
2025-02-13 00:00:00,2.046000,67.1700,32.8300
2025-02-14 00:00:00,1.908700,65.6200,34.3800
2025-02-15 00:00:00,2.064700,67.3700,32.6300
2025-02-16 00:00:00,2.346700,70.1200,29.8800
2025-02-17 00:00:00,1.914600,65.6900,34.3100
2025-02-18 00:00:00,1.837700,64.7600,35.2400
2025-02-19 00:00:00,2.098900,67.7300,32.2700
2025-02-20 00:00:00,1.939400,65.9800,34.0200
2025-02-21 00:00:00,1.824900,64.6000,35.4000
2025-02-22 00:00:00,1.712200,63.1300,36.8700
2025-02-23 00:00:00,1.942000,66.0100,33.9900
2025-02-24 00:00:00,1.789400,64.1500,35.8500
2025-02-25 00:00:00,1.742700,63.5400,36.4600
2025-02-26 00:00:00,2.076900,67.5000,32.5000
2025-02-27 00:00:00,1.789400,64.1500,35.8500
2025-02-28 00:00:00,1.617800,61.8000,38.2000
2025-03-01 00:00:00,1.750300,63.6400,36.3600
2025-03-02 00:00:00,1.460600,59.3600,40.6400
2025-03-03 00:00:00,0.750100,42.8600,57.1400
2025-03-04 00:00:00,1.098600,52.3500,47.6500
2025-03-05 00:00:00,2.109500,67.8400,32.1600
2025-03-06 00:00:00,1.832100,64.6900,35.3100
2025-03-07 00:00:00,1.730000,63.3700,36.6300
2025-03-08 00:00:00,1.880200,65.2800,34.7200
2025-03-09 00:00:00,2.029400,66.9900,33.0100
2025-03-10 00:00:00,2.009300,66.7700,33.2300
2025-03-11 00:00:00,2.066500,67.3900,32.6100
2025-03-12 00:00:00,2.057200,67.2900,32.7100
2025-03-13 00:00:00,1.971800,66.3500,33.6500
2025-03-14 00:00:00,1.955100,66.1600,33.8400
2025-03-15 00:00:00,1.931700,65.8900,34.1100
2025-03-16 00:00:00,1.691100,62.8400,37.1600
2025-03-17 00:00:00,1.673800,62.6000,37.4000
2025-03-18 00:00:00,1.688900,62.8100,37.1900
2025-03-19 00:00:00,1.690300,62.8300,37.1700
2025-03-20 00:00:00,1.586000,61.3300,38.6700
2025-03-21 00:00:00,1.709300,63.0900,36.9100
2025-03-22 00:00:00,1.879400,65.2700,34.7300
2025-03-23 00:00:00,1.886800,65.3600,34.6400
2025-03-24 00:00:00,1.859600,65.0300,34.9700
2025-03-25 00:00:00,1.879400,65.2700,34.7300
2025-03-26 00:00:00,1.890200,65.4000,34.6000
2025-03-27 00:00:00,1.970000,66.3300,33.6700
2025-03-28 00:00:00,1.822500,64.5700,35.4300
2025-03-29 00:00:00,1.553000,60.8300,39.1700
2025-03-30 00:00:00,1.661700,62.4300,37.5700
2025-03-31 00:00:00,1.476500,59.6200,40.3800
2025-04-01 00:00:00,1.495600,59.9300,40.0700
2025-04-02 00:00:00,1.443200,59.0700,40.9300
2025-04-03 00:00:00,1.404400,58.4100,41.5900
2025-04-04 00:00:00,1.671700,62.5700,37.4300
2025-04-05 00:00:00,1.478300,59.6500,40.3500
2025-04-06 00:00:00,1.486300,59.7800,40.2200
2025-04-07 00:00:00,1.531000,60.4900,39.5100
2025-04-08 00:00:00,1.507500,60.1200,39.8800
2025-04-09 00:00:00,1.128600,53.0200,46.9800
2025-04-10 00:00:00,1.567400,61.0500,38.9500
2025-04-11 00:00:00,1.101300,52.4100,47.5900
2025-04-12 00:00:00,1.176300,54.0500,45.9500
2025-04-13 00:00:00,1.304100,56.6000,43.4000
2025-04-14 00:00:00,1.315400,56.8100,43.1900
2025-04-15 00:00:00,1.458800,59.3300,40.6700
2025-04-16 00:00:00,1.511900,60.1900,39.8100
2025-04-17 00:00:00,1.352900,57.5000,42.5000
2025-04-18 00:00:00,1.315400,56.8100,43.1900
2025-04-19 00:00:00,1.324500,56.9800,43.0200
2025-04-20 00:00:00,1.395200,58.2500,41.7500
2025-04-21 00:00:00,1.382700,58.0300,41.9700
2025-04-22 00:00:00,1.210900,54.7700,45.2300
2025-04-23 00:00:00,1.303100,56.5800,43.4200
2025-04-24 00:00:00,1.592700,61.4300,38.5700
2025-04-25 00:00:00,1.707100,63.0600,36.9400
2025-04-26 00:00:00,1.725500,63.3100,36.6900
2025-04-27 00:00:00,1.783200,64.0700,35.9300
2025-04-28 00:00:00,1.805800,64.3600,35.6400
2025-04-29 00:00:00,1.826500,64.6200,35.3800
2025-04-30 00:00:00,1.751800,63.6600,36.3400
2025-05-01 00:00:00,1.628800,61.9600,38.0400
2025-05-02 00:00:00,1.527200,60.4300,39.5700
2025-05-03 00:00:00,1.488200,59.8100,40.1900
2025-05-04 00:00:00,1.579300,61.2300,38.7700
2025-05-05 00:00:00,1.299400,56.5100,43.4900
2025-05-06 00:00:00,1.242200,55.4000,44.6000
2025-05-07 00:00:00,1.233100,55.2200,44.7800
2025-05-08 00:00:00,1.048800,51.1900,48.8100
2025-05-09 00:00:00,1.135800,53.1800,46.8200
2025-05-10 00:00:00,1.430100,58.8500,41.1500
2025-05-11 00:00:00,1.586700,61.3400,38.6600
2025-05-12 00:00:00,1.784000,64.0800,35.9200
2025-05-13 00:00:00,1.831300,64.6800,35.3200
2025-05-14 00:00:00,2.036700,67.0700,32.9300
2025-05-15 00:00:00,2.004800,66.7200,33.2800
2025-05-16 00:00:00,1.766300,63.8500,36.1500
2025-05-17 00:00:00,1.601500,61.5600,38.4400
2025-05-18 00:00:00,1.646200,62.2100,37.7900
2025-05-19 00:00:00,1.503800,60.0600,39.9400
2025-05-20 00:00:00,1.718100,63.2100,36.7900
2025-05-21 00:00:00,1.826500,64.6200,35.3800
2025-05-22 00:00:00,1.962100,66.2400,33.7600
2025-05-23 00:00:00,1.828900,64.6500,35.3500
2025-05-24 00:00:00,1.867000,65.1200,34.8800
2025-05-25 00:00:00,2.239400,69.1300,30.8700
2025-05-26 00:00:00,1.452800,59.2300,40.7700
2025-05-27 00:00:00,1.553000,60.8300,39.1700
2025-05-28 00:00:00,1.445000,59.1000,40.9000
2025-05-29 00:00:00,1.454600,59.2600,40.7400
2025-05-30 00:00:00,1.511900,60.1900,39.8100
2025-05-31 00:00:00,1.522100,60.3500,39.6500
2025-06-01 00:00:00,1.694700,62.8900,37.1100
2025-06-02 00:00:00,1.383800,58.0500,41.9500
2025-06-03 00:00:00,1.285700,56.2500,43.7500
2025-06-04 00:00:00,1.290400,56.3400,43.6600
2025-06-05 00:00:00,1.416600,58.6200,41.3800
2025-06-06 00:00:00,1.424200,58.7500,41.2500
2025-06-07 00:00:00,1.589300,61.3800,38.6200
2025-06-08 00:00:00,1.696100,62.9100,37.0900
2025-06-09 00:00:00,1.757900,63.7400,36.2600
2025-06-10 00:00:00,1.811400,64.4300,35.5700
2025-06-11 00:00:00,1.819300,64.5300,35.4700
2025-06-12 00:00:00,1.713700,63.1500,36.8500
2025-06-13 00:00:00,1.885200,65.3400,34.6600
2025-06-14 00:00:00,1.686000,62.7700,37.2300
2025-06-15 00:00:00,1.534900,60.5500,39.4500
2025-06-16 00:00:00,1.554900,60.8600,39.1400
2025-06-17 00:00:00,1.529100,60.4600,39.5400
2025-06-18 00:00:00,1.810600,64.4200,35.5800
2025-06-19 00:00:00,1.630900,61.9900,38.0100
2025-06-20 00:00:00,1.414300,58.5800,41.4200
2025-06-21 00:00:00,1.403800,58.4000,41.6000
2025-06-22 00:00:00,1.478900,59.6600,40.3400
2025-06-23 00:00:00,1.678100,62.6600,37.3400
2025-06-24 00:00:00,1.382100,58.0200,41.9800
2025-06-25 00:00:00,1.716700,63.1900,36.8100
2025-06-26 00:00:00,2.032100,67.0200,32.9800
2025-06-27 00:00:00,2.085500,67.5900,32.4100
2025-06-28 00:00:00,1.838500,64.7700,35.2300
2025-06-29 00:00:00,1.886800,65.3600,34.6400
2025-06-30 00:00:00,1.826500,64.6200,35.3800
2025-07-01 00:00:00,1.671700,62.5700,37.4300
2025-07-02 00:00:00,1.429000,58.8300,41.1700
2025-07-03 00:00:00,1.387200,58.1100,41.8900
2025-07-04 00:00:00,1.671700,62.5700,37.4300
2025-07-05 00:00:00,2.048800,67.2000,32.8000
2025-07-06 00:00:00,2.055300,67.2700,32.7300
2025-07-07 00:00:00,2.008400,66.7600,33.2400
2025-07-08 00:00:00,2.071300,67.4400,32.5600
2025-07-09 00:00:00,2.144700,68.2000,31.8000
2025-07-10 00:00:00,1.976200,66.4000,33.6000
2025-07-11 00:00:00,1.895200,65.4600,34.5400
2025-07-12 00:00:00,2.001200,66.6800,33.3200
2025-07-13 00:00:00,2.169600,68.4500,31.5500
2025-07-14 00:00:00,1.932600,65.9000,34.1000
2025-07-15 00:00:00,1.280000,56.1400,43.8600
2025-07-16 00:00:00,1.462400,59.3900,40.6100
2025-07-17 00:00:00,1.866200,65.1100,34.8900
2025-07-18 00:00:00,1.565400,61.0200,38.9800
2025-07-19 00:00:00,1.615700,61.7700,38.2300
2025-07-20 00:00:00,2.423500,70.7900,29.2100
2025-07-21 00:00:00,1.978000,66.4200,33.5800
2025-07-22 00:00:00,2.184700,68.6000,31.4000
2025-07-23 00:00:00,2.490400,71.3500,28.6500
2025-07-24 00:00:00,1.860400,65.0400,34.9600
2025-07-25 00:00:00,2.154600,68.3000,31.7000
2025-07-26 00:00:00,1.824900,64.6000,35.4000
2025-07-27 00:00:00,1.841700,64.8100,35.1900
2025-07-28 00:00:00,1.916300,65.7100,34.2900
2025-07-29 00:00:00,1.894400,65.4500,34.5500
2025-07-30 00:00:00,1.857100,65.0000,35.0000
2025-07-31 00:00:00,1.678100,62.6600,37.3400
2025-08-01 00:00:00,2.301400,69.7100,30.2900
2025-08-02 00:00:00,2.789300,73.6100,26.3900
2025-08-03 00:00:00,2.696900,72.9500,27.0500
2025-08-04 00:00:00,1.634400,62.0400,37.9600
2025-08-05 00:00:00,1.586700,61.3400,38.6600
2025-08-06 00:00:00,1.652500,62.3000,37.7000
2025-08-07 00:00:00,1.728500,63.3500,36.6500
2025-08-08 00:00:00,1.325000,56.9900,43.0100
2025-08-09 00:00:00,1.719600,63.2300,36.7700
2025-08-10 00:00:00,1.553600,60.8400,39.1600
2025-08-11 00:00:00,1.444400,59.0900,40.9100
2025-08-12 00:00:00,1.544500,60.7000,39.3000
2025-08-13 00:00:00,1.463100,59.4000,40.6000
2025-08-14 00:00:00,1.482000,59.7100,40.2900
2025-08-15 00:00:00,1.926500,65.8300,34.1700
2025-08-16 00:00:00,1.815300,64.4800,35.5200
2025-08-17 00:00:00,1.425400,58.7700,41.2300
2025-08-18 00:00:00,1.349600,57.4400,42.5600
2025-08-19 00:00:00,1.437800,58.9800,41.0200
2025-08-20 00:00:00,1.550400,60.7900,39.2100
2025-08-21 00:00:00,1.864500,65.0900,34.9100
2025-08-22 00:00:00,1.562100,60.9700,39.0300
2025-08-23 00:00:00,1.355200,57.5400,42.4600
2025-08-24 00:00:00,1.670900,62.5600,37.4400
2025-08-25 00:00:00,1.718100,63.2100,36.7900
2025-08-26 00:00:00,1.981500,66.4600,33.5400
2025-08-27 00:00:00,1.832900,64.7000,35.3000
2025-08-28 00:00:00,1.508200,60.1300,39.8700
2025-08-29 00:00:00,1.633700,62.0300,37.9700
2025-08-30 00:00:00,1.499400,59.9900,40.0100
2025-08-31 00:00:00,1.399800,58.3300,41.6700
2025-09-01 00:00:00,1.401000,58.3500,41.6500
2025-09-02 00:00:00,1.314300,56.7900,43.2100
2025-09-03 00:00:00,1.274800,56.0400,43.9600
2025-09-04 00:00:00,1.394600,58.2400,41.7600
2025-09-05 00:00:00,1.441400,59.0400,40.9600
2025-09-06 00:00:00,1.334300,57.1600,42.8400
2025-09-07 00:00:00,1.512600,60.2000,39.8000
2025-09-08 00:00:00,1.540000,60.6300,39.3700
2025-09-09 00:00:00,1.566100,61.0300,38.9700
2025-09-10 00:00:00,1.497500,59.9600,40.0400
2025-09-11 00:00:00,1.572700,61.1300,38.8700
2025-09-12 00:00:00,1.780900,64.0400,35.9600
2025-09-13 00:00:00,1.845800,64.8600,35.1400
2025-09-14 00:00:00,2.111400,67.8600,32.1400
2025-09-15 00:00:00,2.080700,67.5400,32.4600
2025-09-16 00:00:00,1.937700,65.9600,34.0400
2025-09-17 00:00:00,1.907800,65.6100,34.3900
2025-09-18 00:00:00,2.202000,68.7700,31.2300
2025-09-19 00:00:00,2.015700,66.8400,33.1600
2025-09-20 00:00:00,2.109500,67.8400,32.1600
2025-09-21 00:00:00,2.066500,67.3900,32.6100
2025-09-22 00:00:00,2.155600,68.3100,31.6900
2025-09-23 00:00:00,1.915500,65.7000,34.3000
2025-09-24 00:00:00,1.808200,64.3900,35.6100
2025-09-25 00:00:00,1.648300,62.2400,37.7600
2025-09-26 00:00:00,1.748800,63.6200,36.3800
2025-09-27 00:00:00,1.963800,66.2600,33.7400
2025-09-28 00:00:00,1.473400,59.5700,40.4300
2025-09-29 00:00:00,1.560200,60.9400,39.0600
2025-09-30 00:00:00,1.626100,61.9200,38.0800
2025-10-01 00:00:00,1.691800,62.8500,37.1500
2025-10-02 00:00:00,1.582600,61.2800,38.7200
2025-10-03 00:00:00,1.683800,62.7400,37.2600
2025-10-04 00:00:00,2.025700,66.9500,33.0500
2025-10-05 00:00:00,1.691100,62.8400,37.1600
2025-10-06 00:00:00,1.542600,60.6700,39.3300
2025-10-07 00:00:00,1.494400,59.9100,40.0900
2025-10-08 00:00:00,1.595400,61.4700,38.5300
2025-10-09 00:00:00,1.849800,64.9100,35.0900
2025-10-10 00:00:00,1.770900,63.9100,36.0900
2025-10-11 00:00:00,1.579300,61.2300,38.7700
2025-10-12 00:00:00,0.938000,48.4000,51.6000
2025-10-13 00:00:00,1.212400,54.8000,45.2000
2025-10-14 00:00:00,1.260400,55.7600,44.2400
2025-10-15 00:00:00,1.359000,57.6100,42.3900
2025-10-16 00:00:00,1.299900,56.5200,43.4800
2025-10-17 00:00:00,1.466100,59.4500,40.5500
2025-10-18 00:00:00,1.391800,58.1900,41.8100
2025-10-19 00:00:00,1.430100,58.8500,41.1500
2025-10-20 00:00:00,1.338100,57.2300,42.7700
2025-10-21 00:00:00,1.328300,57.0500,42.9500
2025-10-22 00:00:00,1.446800,59.1300,40.8700
2025-10-23 00:00:00,1.300400,56.5300,43.4700
2025-10-24 00:00:00,1.278900,56.1200,43.8800
2025-10-25 00:00:00,1.081200,51.9500,48.0500
2025-10-26 00:00:00,1.092500,52.2100,47.7900
2025-10-27 00:00:00,1.178200,54.0900,45.9100
2025-10-28 00:00:00,1.341400,57.2900,42.7100
2025-10-29 00:00:00,1.275300,56.0500,43.9500
2025-10-30 00:00:00,1.644100,62.1800,37.8200
2025-10-31 00:00:00,1.817700,64.5100,35.4900
2025-11-01 00:00:00,1.844100,64.8400,35.1600
2025-11-02 00:00:00,1.843300,64.8300,35.1700
2025-11-03 00:00:00,1.824900,64.6000,35.4000
2025-11-04 00:00:00,1.693200,62.8700,37.1300
2025-11-05 00:00:00,1.503800,60.0600,39.9400
2025-11-06 00:00:00,1.667400,62.5100,37.4900
2025-11-07 00:00:00,1.644100,62.1800,37.8200
2025-11-08 00:00:00,1.324000,56.9700,43.0300
2025-11-09 00:00:00,1.205600,54.6600,45.3400
2025-11-10 00:00:00,1.174400,54.0100,45.9900
2025-11-11 00:00:00,1.050900,51.2400,48.7600
2025-11-12 00:00:00,1.166800,53.8500,46.1500
2025-11-13 00:00:00,1.313700,56.7800,43.2200
2025-11-14 00:00:00,1.265000,55.8500,44.1500
2025-11-15 00:00:00,1.134500,53.1500,46.8500
2025-11-16 00:00:00,1.120400,52.8400,47.1600
2025-11-17 00:00:00,1.099100,52.3600,47.6400
2025-11-18 00:00:00,1.085900,52.0600,47.9400
2025-11-19 00:00:00,1.007600,50.1900,49.8100
2025-11-20 00:00:00,1.070000,51.6900,48.3100
2025-11-21 00:00:00,1.090700,52.1700,47.8300
2025-11-22 00:00:00,1.061900,51.5000,48.5000
2025-11-23 00:00:00,1.088600,52.1200,47.8800
2025-11-24 00:00:00,1.186700,54.2700,45.7300
2025-11-25 00:00:00,1.187700,54.2900,45.7100
2025-11-26 00:00:00,1.340800,57.2800,42.7200
2025-11-27 00:00:00,1.251200,55.5800,44.4200
2025-11-28 00:00:00,1.280500,56.1500,43.8500
2025-11-29 00:00:00,1.224200,55.0400,44.9600
2025-11-30 00:00:00,1.306300,56.6400,43.3600
2025-12-01 00:00:00,1.181000,54.1500,45.8500
2025-12-02 00:00:00,1.217300,54.9000,45.1000
2025-12-03 00:00:00,1.000000,50.0000,50.0000
2025-12-04 00:00:00,1.047100,51.1500,48.8500
2025-12-05 00:00:00,1.604800,61.6100,38.3900
2025-12-06 00:00:00,1.021400,50.5300,49.4700
2025-12-07 00:00:00,0.942500,48.5200,51.4800
2025-12-08 00:00:00,0.973200,49.3200,50.6800
2025-12-09 00:00:00,0.925300,48.0600,51.9400
2025-12-10 00:00:00,0.972400,49.3000,50.7000
2025-12-11 00:00:00,0.942100,48.5100,51.4900
2025-12-12 00:00:00,0.994000,49.8500,50.1500
2025-12-13 00:00:00,0.896100,47.2600,52.7400
2025-12-14 00:00:00,0.951200,48.7500,51.2500
2025-12-15 00:00:00,0.918300,47.8700,52.1300
2025-12-16 00:00:00,0.869900,46.5200,53.4800
2025-12-17 00:00:00,0.871300,46.5600,53.4400
2025-12-18 00:00:00,0.958100,48.9300,51.0700
2025-12-19 00:00:00,0.895400,47.2400,52.7600
2025-12-20 00:00:00,0.936100,48.3500,51.6500
2025-12-21 00:00:00,0.954700,48.8400,51.1600
2025-12-22 00:00:00,0.965000,49.1100,50.8900
2025-12-23 00:00:00,0.932400,48.2500,51.7500
2025-12-24 00:00:00,0.946700,48.6300,51.3700
2025-12-25 00:00:00,0.998000,49.9500,50.0500
2025-12-26 00:00:00,0.964600,49.1000,50.9000
2025-12-27 00:00:00,1.162200,53.7500,46.2500
2025-12-28 00:00:00,1.121300,52.8600,47.1400
2025-12-29 00:00:00,1.080700,51.9400,48.0600
2025-12-30 00:00:00,1.179600,54.1200,45.8800
2025-12-31 00:00:00,1.343000,57.3200,42.6800
2026-01-01 00:00:00,1.028800,50.7100,49.2900
2026-01-02 00:00:00,1.008000,50.2000,49.8000
2026-01-03 00:00:00,0.957900,48.9300,51.0800
2026-01-04 00:00:00,1.230600,55.1700,44.8300
2026-01-05 00:00:00,1.178200,54.0900,45.9100
2026-01-06 00:00:00,1.242700,55.4100,44.5900
2026-01-07 00:00:00,1.355200,57.5400,42.4600
2026-01-08 00:00:00,1.409600,58.5000,41.5000
2026-01-09 00:00:00,1.190100,54.3400,45.6600
2026-01-10 00:00:00,1.195400,54.4500,45.5500
2026-01-11 00:00:00,1.071700,51.7300,48.2700
2026-01-12 00:00:00,0.965800,49.1300,50.8700
2026-01-13 00:00:00,0.980600,49.5100,50.4900
2026-01-14 00:00:00,0.964600,49.1000,50.9000
2026-01-15 00:00:00,0.998800,49.9700,50.0300
2026-01-16 00:00:00,1.128100,53.0100,46.9900
2026-01-17 00:00:00,1.145900,53.4000,46.6000
2026-01-18 00:00:00,1.025100,50.6200,49.3800
2026-01-19 00:00:00,1.095600,52.2800,47.7200
2026-01-20 00:00:00,0.986500,49.6600,50.3400
2026-01-21 00:00:00,0.923400,48.0100,51.9900
2026-01-22 00:00:00,0.904000,47.4800,52.5200
2026-01-23 00:00:00,1.014100,50.3500,49.6500
2026-01-24 00:00:00,1.070800,51.7100,48.2900
2026-01-25 00:00:00,1.037900,50.9300,49.0700
2026-01-26 00:00:00,0.963100,49.0600,50.9400
2026-01-27 00:00:00,0.877600,46.7400,53.2600
2026-01-28 00:00:00,0.972000,49.2900,50.7100
2026-01-29 00:00:00,0.955800,48.8700,51.1300
2026-01-30 00:00:00,1.069100,51.6700,48.3300
2026-01-31 00:00:00,0.896500,47.2700,52.7300
2026-02-01 00:00:00,0.899000,47.3400,52.6600
2026-02-02 00:00:00,0.782500,43.9000,56.1000
2026-02-03 00:00:00,0.948900,48.6900,51.3100
2026-02-04 00:00:00,1.052100,51.2700,48.7300
2026-02-05 00:00:00,1.055900,51.3600,48.6400
2026-02-06 00:00:00,1.142200,53.3200,46.6800
2026-02-07 00:00:00,0.943300,48.5400,51.4600
2026-02-08 00:00:00,1.183400,54.2000,45.8000
2026-02-09 00:00:00,1.335400,57.1800,42.8200
2026-02-10 00:00:00,1.442600,59.0600,40.9400
2026-02-11 00:00:00,1.395800,58.2600,41.7400
2026-02-12 00:00:00,1.373600,57.8700,42.1300
2026-02-13 00:00:00,1.273800,56.0200,43.9800
2026-02-14 00:00:00,1.447400,59.1400,40.8600
2026-02-15 00:00:00,1.517000,60.2700,39.7300
2026-02-16 00:00:00,1.771600,63.9200,36.0800
2026-02-17 00:00:00,1.593400,61.4400,38.5600
2026-02-18 00:00:00,1.571400,61.1100,38.8900
2026-02-19 00:00:00,1.426600,58.7900,41.2100
2026-02-20 00:00:00,1.245700,55.4700,44.5300
2026-02-21 00:00:00,1.193500,54.4100,45.5900
2026-02-22 00:00:00,1.256800,55.6900,44.3100
2026-02-23 00:00:00,1.101700,52.4200,47.5800
2026-02-24 00:00:00,0.921600,47.9600,52.0400
2026-02-25 00:00:00,0.899000,47.3400,52.6600
2026-02-26 00:00:00,0.860800,46.2600,53.7400
2026-02-27 00:00:00,1.371400,57.8300,42.1700
2026-02-28 00:00:00,1.349100,57.4300,42.5700
2026-03-01 00:00:00,1.440800,59.0300,40.9700
2026-03-02 00:00:00,1.219800,54.9500,45.0500
2026-03-03 00:00:00,1.173400,53.9900,46.0100
2026-03-04 00:00:00,1.120000,52.8300,47.1700
2026-03-05 00:00:00,0.747600,42.7800,57.2200
2026-03-06 00:00:00,1.058900,51.4300,48.5700
2026-03-07 00:00:00,1.058500,51.4200,48.5800
2026-03-08 00:00:00,0.854900,46.0900,53.9100
2026-03-09 00:00:00,0.717000,41.7600,58.2400
2026-03-10 00:00:00,0.647200,39.2900,60.7100
2026-03-11 00:00:00,0.682400,40.5600,59.4400
2026-03-12 00:00:00,0.723500,41.9800,58.0200
2026-03-13 00:00:00,0.700400,41.1900,58.8100
2026-03-14 00:00:00,0.680100,40.4800,59.5200
2026-03-15 00:00:00,0.772100,43.5700,56.4300
2026-03-16 00:00:00,0.759600,43.1700,56.8300
2026-03-17 00:00:00,0.733100,42.3000,57.7000
2026-03-18 00:00:00,0.857000,46.1500,53.8500
2026-03-19 00:00:00,0.883900,46.9200,53.0800
2026-03-20 00:00:00,0.774300,43.6400,56.3600
2026-03-21 00:00:00,0.682400,40.5600,59.4400
2026-03-22 00:00:00,0.673900,40.2600,59.7400
2026-03-23 00:00:00,0.679500,40.4600,59.5400
2026-03-24 00:00:00,0.660600,39.7800,60.2200
2026-03-25 00:00:00,0.701000,41.2100,58.7900
2026-03-26 00:00:00,0.749500,42.8400,57.1600
2026-03-27 00:00:00,0.855300,46.1000,53.9000
2026-03-28 00:00:00,0.715900,41.7200,58.2800
2026-03-29 00:00:00,0.680100,40.4800,59.5200
2026-03-30 00:00:00,0.709700,41.5100,58.4900
2026-03-31 00:00:00,0.696900,41.0700,58.9300
2026-04-01 00:00:00,0.661100,39.8000,60.2000
2026-04-02 00:00:00,0.660000,39.7600,60.2400
2026-04-03 00:00:00,0.759900,43.1800,56.8200
2026-04-04 00:00:00,0.716700,41.7500,58.2500
2026-04-05 00:00:00,0.838900,45.6200,54.3800
2026-04-06 00:00:00,0.753800,42.9800,57.0200
2026-04-07 00:00:00,0.737600,42.4500,57.5500
2026-04-08 00:00:00,0.794400,44.2700,55.7300
2026-04-09 00:00:00,0.691200,40.8700,59.1300
2026-04-10 00:00:00,0.843700,45.7600,54.2400
2026-04-11 00:00:00,0.915700,47.8000,52.2000
2026-04-12 00:00:00,0.853600,46.0500,53.9500
2026-04-13 00:00:00,0.839200,45.6300,54.3700
2026-04-14 00:00:00,0.674200,40.2700,59.7300
2026-04-15 00:00:00,0.704200,41.3200,58.6800
2026-04-16 00:00:00,0.737900,42.4600,57.5400
2026-04-17 00:00:00,0.751600,42.9100,57.0900
2026-04-18 00:00:00,0.846700,45.8500,54.1500
2026-04-19 00:00:00,1.074300,51.7900,48.2100
2026-04-20 00:00:00,0.954300,48.8300,51.1700
2026-04-21 00:00:00,0.923800,48.0200,51.9800
2026-04-22 00:00:00,1.077700,51.8700,48.1300
2026-04-23 00:00:00,1.220200,54.9600,45.0400
2026-04-24 00:00:00,1.394600,58.2400,41.7600
2026-04-25 00:00:00,1.557500,60.9000,39.1000
2026-04-26 00:00:00,1.602800,61.5800,38.4200
2026-04-27 00:00:00,1.581300,61.2600,38.7400
2026-04-28 00:00:00,1.696100,62.9100,37.0900
2026-04-29 00:00:00,1.254300,55.6400,44.3600
2026-04-30 00:00:00,1.107000,52.5400,47.4600
2026-05-01 00:00:00,0.994400,49.8600,50.1400
2026-05-02 00:00:00,0.927900,48.1300,51.8700
2026-05-03 00:00:00,0.901900,47.4200,52.5800
2026-05-04 00:00:00,0.958900,48.9500,51.0500
2026-05-05 00:00:00,0.967700,49.1800,50.8200
2026-05-06 00:00:00,0.941700,48.5000,51.5000
2026-05-07 00:00:00,1.067800,51.6400,48.3600
2026-05-08 00:00:00,1.265000,55.8500,44.1500
2026-05-09 00:00:00,1.202200,54.5900,45.4100
2026-05-10 00:00:00,1.391800,58.1900,41.8100
2026-05-11 00:00:00,1.639200,62.1100,37.8900
2026-05-12 00:00:00,2.002100,66.6900,33.3100
2026-05-13 00:00:00,1.896000,65.4700,34.5300
2026-05-14 00:00:00,1.644100,62.1800,37.8200
2026-05-15 00:00:00,1.464900,59.4300,40.5700
2026-05-16 00:00:00,1.862000,65.0600,34.9400
2026-05-17 00:00:00,1.549100,60.7700,39.2300
2026-05-18 00:00:00,1.401000,58.3500,41.6500
2026-05-19 00:00:00,1.109700,52.6000,47.4000
2026-05-20 00:00:00,0.866000,46.4100,53.5900
2026-05-21 00:00:00,0.883900,46.9200,53.0800
2026-05-22 00:00:00,0.819800,45.0500,54.9500
2026-05-23 00:00:00,0.793100,44.2300,55.7700
2026-05-24 00:00:00,0.863600,46.3400,53.6600
2026-05-25 00:00:00,0.783800,43.9400,56.0600
2026-05-26 00:00:00,0.895400,47.2400,52.7600
2026-05-27 00:00:00,0.919000,47.8900,52.1100
2026-05-28 00:00:00,0.782800,43.9100,56.0900
2026-05-29 00:00:00,0.755300,43.0300,56.9700
2026-05-30 00:00:00,0.904400,47.4900,52.5100
2026-05-31 00:00:00,1.936900,65.9500,34.0500
2026-06-01 00:00:00,1.969100,66.3200,33.6800
2026-06-02 00:00:00,1.710800,63.1100,36.8900
2026-06-03 00:00:00,1.574700,61.1600,38.8400
2026-06-04 00:00:00,1.124500,52.9300,47.0700
2026-06-05 00:00:00,0.906900,47.5600,52.4400
2026-06-06 00:00:00,0.830800,45.3800,54.6200
2026-06-07 00:00:00,0.753500,42.9700,57.0300
2026-06-08 00:00:00,0.722100,41.9300,58.0700
2026-06-09 00:00:00,0.760600,43.2000,56.8000
2026-06-10 00:00:00,0.745800,42.7200,57.2800
2026-06-11 00:00:00,0.701300,41.2200,58.7800
2026-06-12 00:00:00,0.652300,39.4800,60.5200
2026-06-13 00:00:00,0.677000,40.3700,59.6300
2026-06-14 00:00:00,0.705000,41.3500,58.6500
2026-06-15 00:00:00,0.684400,40.6300,59.3700
2026-06-16 00:00:00,0.663600,39.8900,60.1100
2026-06-17 00:00:00,0.735200,42.3700,57.6300
2026-06-18 00:00:00,0.815900,44.9300,55.0700
2026-06-19 00:00:00,0.730700,42.2200,57.7800
2026-06-20 00:00:00,0.773700,43.6200,56.3800
2026-06-21 00:00:00,0.809300,44.7300,55.2700
2026-06-22 00:00:00,0.834500,45.4900,54.5100
2026-06-23 00:00:00,0.787600,44.0600,55.9400
2026-06-24 00:00:00,0.752800,42.9500,57.0500
2026-06-25 00:00:00,0.729800,42.1900,57.8100
2026-06-26 00:00:00,0.672200,40.2000,59.8000
2026-06-27 00:00:00,0.616800,38.1500,61.8500
2026-06-28 00:00:00,0.678100,40.4100,59.5900
2026-06-29 00:00:00,0.630000,38.6500,61.3500
